[
  {
    "model": "venue.forumsite",
    "pk": "4b8b11d1-14bb-46a7-ac8b-397587235b28",
    "fields": {
      "name": "bitcointalk.org",
      "address": "https://bitcointalk.org",
      "scraper_name": "bitcointalk.py"
    }
  },
  {
    "model": "venue.forumuserrank",
    "pk": "065d2e38-295e-4b31-9da8-2946aaee5be1",
    "fields": {
      "forum_site": "4b8b11d1-14bb-46a7-ac8b-397587235b28",
      "name": "Hero Member",
      "bonus_percentage": "5.00",
      "allowed": true
    }
  },
  {
    "model": "venue.forumuserrank",
    "pk": "09a7ad5e-1da4-4e7b-8799-93cf70ceb6f0",
    "fields": {
      "forum_site": "4b8b11d1-14bb-46a7-ac8b-397587235b28",
      "name": "Member",
      "bonus_percentage": "0.00",
      "allowed": false
    }
  },
  {
    "model": "venue.forumuserrank",
    "pk": "14d22df0-3462-492b-81c5-b5812d3ef777",
    "fields": {
      "forum_site": "4b8b11d1-14bb-46a7-ac8b-397587235b28",
      "name": "Legendary",
      "bonus_percentage": "5.00",
      "allowed": true
    }
  },
  {
    "model": "venue.forumuserrank",
    "pk": "517e74d0-fd50-4043-b397-e70dc49d10f0",
    "fields": {
      "forum_site": "4b8b11d1-14bb-46a7-ac8b-397587235b28",
      "name": "Brand new",
      "bonus_percentage": "0.00",
      "allowed": false
    }
  },
  {
    "model": "venue.forumuserrank",
    "pk": "80ab6f32-774a-4043-884c-203ac6b6e218",
    "fields": {
      "forum_site": "4b8b11d1-14bb-46a7-ac8b-397587235b28",
      "name": "Jr. Member",
      "bonus_percentage": "0.00",
      "allowed": false
    }
  },
  {
    "model": "venue.forumuserrank",
    "pk": "99c3f7d6-8adf-4594-a7d3-b64d47488c5a",
    "fields": {
      "forum_site": "4b8b11d1-14bb-46a7-ac8b-397587235b28",
      "name": "Full Member",
      "bonus_percentage": "0.00",
      "allowed": true
    }
  },
  {
    "model": "venue.forumuserrank",
    "pk": "bc8bb1b2-e056-47ab-bcf1-7967a27dd6b4",
    "fields": {
      "forum_site": "4b8b11d1-14bb-46a7-ac8b-397587235b28",
      "name": "Newbie",
      "bonus_percentage": "0.00",
      "allowed": false
    }
  },
  {
    "model": "venue.forumuserrank",
    "pk": "dd1bbfa7-a3c3-4163-8c0d-b04eb84db9ad",
    "fields": {
      "forum_site": "4b8b11d1-14bb-46a7-ac8b-397587235b28",
      "name": "Sr. Member",
      "bonus_percentage": "2.00",
      "allowed": true
    }
  },
  {
    "model": "venue.forumuserrank",
    "pk": "eb911ef1-f9f1-44dd-a832-4c28d5be77c1",
    "fields": {
      "forum_site": "4b8b11d1-14bb-46a7-ac8b-397587235b28",
      "name": "Copper Member",
      "bonus_percentage": "0.00",
      "allowed": false
    }
  },
  {
    "model": "venue.signature",
    "pk": "0a7dd7cd-8f3b-48ca-989c-d4ec550b136d",
    "fields": {
      "name": "Sr. Member Design 2",
      "forum_site": "4b8b11d1-14bb-46a7-ac8b-397587235b28",
      "code": "",
      "test_signature": "Change the world by being yourself",
      "image": "https://s3.ca-central-1.amazonaws.com/venue-static/signatures/sr_2.png",
      "active": true,
      "date_added": "2018-06-14T12:03:50Z",
      "user_ranks": ["dd1bbfa7-a3c3-4163-8c0d-b04eb84db9ad"]
    }
  },
  {
    "model": "venue.signature",
    "pk": "5a506e4d-f5b6-408e-9e00-39f5b7521351",
    "fields": {
      "name": "Hero/Legendary Member Design 3",
      "forum_site": "4b8b11d1-14bb-46a7-ac8b-397587235b28",
      "code": "",
      "test_signature": "Everything you can imagine is real",
      "image": "https://s3.ca-central-1.amazonaws.com/venue-static/signatures/hero_legendary_3.png",
      "active": true,
      "date_added": "2018-06-14T12:03:50Z",
      "user_ranks": [
        "065d2e38-295e-4b31-9da8-2946aaee5be1",
        "14d22df0-3462-492b-81c5-b5812d3ef777"
      ]
    }
  },
  {
    "model": "venue.signature",
    "pk": "5c739ddd-2046-40d1-a058-ce833b27b458",
    "fields": {
      "name": "Sr. Member Design 4",
      "forum_site": "4b8b11d1-14bb-46a7-ac8b-397587235b28",
      "code": "",
      "test_signature": "Never regret anything that made you smile",
      "image": "https://s3.ca-central-1.amazonaws.com/venue-static/signatures/sr_4.png",
      "active": true,
      "date_added": "2018-06-14T12:03:50Z",
      "user_ranks": ["dd1bbfa7-a3c3-4163-8c0d-b04eb84db9ad"]
    }
  },
  {
    "model": "venue.signature",
    "pk": "764ab6b6-fb92-40ad-839c-4f26ee86eed8",
    "fields": {
      "name": "Member Design 3",
      "forum_site": "4b8b11d1-14bb-46a7-ac8b-397587235b28",
      "code": "",
      "test_signature": "The meaning of life is to give life meaning",
      "image": "https://s3.ca-central-1.amazonaws.com/venue-static/signatures/member_3.png",
      "active": true,
      "date_added": "2018-07-24T12:03:50Z",
      "user_ranks": ["09a7ad5e-1da4-4e7b-8799-93cf70ceb6f0"]
    }
  },
  {
    "model": "venue.signature",
    "pk": "9537b3d7-4d7f-41ba-8055-be8ed5f8ea28",
    "fields": {
      "name": "Hero/Legendary Member Design 2",
      "forum_site": "4b8b11d1-14bb-46a7-ac8b-397587235b28",
      "code": "",
      "test_signature": "Aspire to inspire before we expire",
      "image": "https://s3.ca-central-1.amazonaws.com/venue-static/signatures/hero_legendary_2.png",
      "active": true,
      "date_added": "2018-06-14T12:03:50Z",
      "user_ranks": [
        "065d2e38-295e-4b31-9da8-2946aaee5be1",
        "14d22df0-3462-492b-81c5-b5812d3ef777"
      ]
    }
  },
  {
    "model": "venue.signature",
    "pk": "ac84e67b-077f-453c-a1f8-b63bac745bf3",
    "fields": {
      "name": "Full Member Design 2",
      "forum_site": "4b8b11d1-14bb-46a7-ac8b-397587235b28",
      "code": "",
      "test_signature": "What we think, we become",
      "image": "https://s3.ca-central-1.amazonaws.com/venue-static/signatures/full_2.png",
      "active": true,
      "date_added": "2018-06-14T12:03:50Z",
      "user_ranks": ["99c3f7d6-8adf-4594-a7d3-b64d47488c5a"]
    }
  },
  {
    "model": "venue.signature",
    "pk": "b0d7c3bb-53bf-4ce7-afcb-b1efea7aa472",
    "fields": {
      "name": "Full Member Design 1",
      "forum_site": "4b8b11d1-14bb-46a7-ac8b-397587235b28",
      "code": "",
      "test_signature": "Whatever you do, do it well",
      "image": "https://s3.ca-central-1.amazonaws.com/venue-static/signatures/full_1.png",
      "active": true,
      "date_added": "2018-06-14T12:03:50Z",
      "user_ranks": ["99c3f7d6-8adf-4594-a7d3-b64d47488c5a"]
    }
  },
  {
    "model": "venue.signature",
    "pk": "c3961d42-e4cb-41a1-862a-54ba2d0463de",
    "fields": {
      "name": "Full Member Design 3",
      "forum_site": "4b8b11d1-14bb-46a7-ac8b-397587235b28",
      "code": "",
      "test_signature": "All limitations are self-imposed",
      "image": "https://s3.ca-central-1.amazonaws.com/venue-static/signatures/full_3.png",
      "active": true,
      "date_added": "2018-06-14T12:03:50Z",
      "user_ranks": ["99c3f7d6-8adf-4594-a7d3-b64d47488c5a"]
    }
  },
  {
    "model": "venue.signature",
    "pk": "ced8d577-92a3-42e4-96ac-418fb01e7ed9",
    "fields": {
      "name": "Member Design 1",
      "forum_site": "4b8b11d1-14bb-46a7-ac8b-397587235b28",
      "code": "",
      "test_signature": "When words fail, music speaks",
      "image": "https://s3.ca-central-1.amazonaws.com/venue-static/signatures/member_1.png",
      "active": true,
      "date_added": "2018-07-24T12:03:50Z",
      "user_ranks": ["09a7ad5e-1da4-4e7b-8799-93cf70ceb6f0"]
    }
  },
  {
    "model": "venue.signature",
    "pk": "dc45d74f-26f8-4359-a9a5-92ee8540651f",
    "fields": {
      "name": "Sr. Member Design 3",
      "forum_site": "4b8b11d1-14bb-46a7-ac8b-397587235b28",
      "code": "",
      "test_signature": "Every moment is a fresh beginning",
      "image": "https://s3.ca-central-1.amazonaws.com/venue-static/signatures/sr_3.png",
      "active": true,
      "date_added": "2018-06-14T12:03:50Z",
      "user_ranks": ["dd1bbfa7-a3c3-4163-8c0d-b04eb84db9ad"]
    }
  },
  {
    "model": "venue.signature",
    "pk": "e85eb8bb-2657-4081-b48f-f5da75030b3b",
    "fields": {
      "name": "Hero/Legendary Member Design 1",
      "forum_site": "4b8b11d1-14bb-46a7-ac8b-397587235b28",
      "code": "",
      "test_signature": "Die with memories, not dreams",
      "image": "https://s3.ca-central-1.amazonaws.com/venue-static/signatures/hero_legendary_1.png",
      "active": true,
      "date_added": "2018-06-14T12:03:50Z",
      "user_ranks": [
        "065d2e38-295e-4b31-9da8-2946aaee5be1",
        "14d22df0-3462-492b-81c5-b5812d3ef777"
      ]
    }
  },
  {
    "model": "venue.ranking",
    "pk": "136f2298-71e7-40b7-b295-78ea432d5dee",
    "fields": {
      "batch": 1,
      "user_profile": "581cc047-776b-41e2-98b3-aa9839661391",
      "rank": 2,
      "timestamp": "2018-11-04T15:06:32.734Z"
    }
  },
  {
    "model": "venue.ranking",
    "pk": "20d2e91c-042a-4c88-bef7-89c64c97d42c",
    "fields": {
      "batch": 1,
      "user_profile": "2820836f-144d-4167-ab3a-c77c3ee91fe4",
      "rank": 7,
      "timestamp": "2018-11-04T15:06:32.747Z"
    }
  },
  {
    "model": "venue.ranking",
    "pk": "370469b4-2907-4dd3-bf9f-7adec9a2c44a",
    "fields": {
      "batch": 1,
      "user_profile": "e437f9b5-b98e-4377-9b7c-11d1a80dcde3",
      "rank": 8,
      "timestamp": "2018-11-04T15:06:32.750Z"
    }
  },
  {
    "model": "venue.ranking",
    "pk": "3a0b341f-54e6-446e-94a4-5ced69f3f9cf",
    "fields": {
      "batch": 1,
      "user_profile": "41e11b2c-7486-46ea-9c6a-f6446a2a5e96",
      "rank": 5,
      "timestamp": "2018-11-04T15:06:32.742Z"
    }
  },
  {
    "model": "venue.ranking",
    "pk": "7ddef8e6-bc63-40aa-99ae-1cefed00ef78",
    "fields": {
      "batch": 1,
      "user_profile": "ebfdb3c8-8b0e-4d6d-bbde-70be65916a20",
      "rank": 4,
      "timestamp": "2018-11-04T15:06:32.740Z"
    }
  },
  {
    "model": "venue.ranking",
    "pk": "7fc19a36-a865-4745-83b4-e9d73cde9c5d",
    "fields": {
      "batch": 1,
      "user_profile": "3caf9e94-ecd9-42ea-a8e6-ef71ec42315a",
      "rank": 10,
      "timestamp": "2018-11-04T15:06:32.754Z"
    }
  },
  {
    "model": "venue.ranking",
    "pk": "824d6a6c-6e72-4a3d-bad3-2dd35f35099e",
    "fields": {
      "batch": 1,
      "user_profile": "83c71451-6035-4fd9-9b13-c2fab1566f01",
      "rank": 1,
      "timestamp": "2018-11-04T15:06:32.731Z"
    }
  },
  {
    "model": "venue.ranking",
    "pk": "92e85cc5-c52a-409f-af10-a99340600a07",
    "fields": {
      "batch": 1,
      "user_profile": "65f1717f-67d2-46a9-bb33-28efa0ddc834",
      "rank": 6,
      "timestamp": "2018-11-04T15:06:32.745Z"
    }
  },
  {
    "model": "venue.ranking",
    "pk": "bd4b46a5-3ee3-4bdd-8bd3-f0c9aa41ed01",
    "fields": {
      "batch": 1,
      "user_profile": "c019b9c9-5382-431c-955a-fcf4379559df",
      "rank": 3,
      "timestamp": "2018-11-04T15:06:32.737Z"
    }
  },
  {
    "model": "venue.ranking",
    "pk": "c8fbb07c-7100-466b-8781-f465edba594f",
    "fields": {
      "batch": 1,
      "user_profile": "6ad8fa04-0af5-46b5-a0ff-f0134aac429e",
      "rank": 9,
      "timestamp": "2018-11-04T15:06:32.752Z"
    }
  },
  {
    "model": "venue.forumprofile",
    "pk": "19bb3f6b-52b6-4651-947e-b99c2566049b",
    "fields": {
      "user_profile": "581cc047-776b-41e2-98b3-aa9839661391",
      "forum": "4b8b11d1-14bb-46a7-ac8b-397587235b28",
      "forum_rank": "14d22df0-3462-492b-81c5-b5812d3ef777",
      "forum_username": "thor",
      "forum_user_id": "1216831",
      "profile_url": "",
      "signature": "c3961d42-e4cb-41a1-862a-54ba2d0463de",
      "verification_code": "VAyig4md",
      "active": true,
      "verified": true,
      "date_verified": "2018-06-10T03:31:44Z",
      "date_added": "2018-06-10T03:19:07Z",
      "date_updated": "2018-06-16T07:42:46.570Z",
      "dummy": true,
      "last_scrape": "2018-11-04T15:06:31.885Z",
      "last_page_status": []
    }
  },
  {
    "model": "venue.forumprofile",
    "pk": "404a09b4-34ce-4a54-a52e-af815d289b31",
    "fields": {
      "user_profile": "6ad8fa04-0af5-46b5-a0ff-f0134aac429e",
      "forum": "4b8b11d1-14bb-46a7-ac8b-397587235b28",
      "forum_rank": "99c3f7d6-8adf-4594-a7d3-b64d47488c5a",
      "forum_username": "silverclaw",
      "forum_user_id": "2796746",
      "profile_url": "",
      "signature": "ac84e67b-077f-453c-a1f8-b63bac745bf3",
      "verification_code": "1ZLFBW9q",
      "active": true,
      "verified": true,
      "date_verified": "2018-06-10T03:30:35Z",
      "date_added": "2018-06-10T03:19:07Z",
      "date_updated": "2018-06-16T03:53:29.320Z",
      "dummy": true,
      "last_scrape": "2018-11-04T15:06:31.888Z",
      "last_page_status": []
    }
  },
  {
    "model": "venue.forumprofile",
    "pk": "480dd458-9325-44ca-a4a2-ee4c0ccfa173",
    "fields": {
      "user_profile": "e437f9b5-b98e-4377-9b7c-11d1a80dcde3",
      "forum": "4b8b11d1-14bb-46a7-ac8b-397587235b28",
      "forum_rank": "99c3f7d6-8adf-4594-a7d3-b64d47488c5a",
      "forum_username": "antman",
      "forum_user_id": "1319410",
      "profile_url": "",
      "signature": "ac84e67b-077f-453c-a1f8-b63bac745bf3",
      "verification_code": "1dnS82lj",
      "active": true,
      "verified": true,
      "date_verified": "2018-06-10T03:34:27Z",
      "date_added": "2018-06-10T03:19:07Z",
      "date_updated": "2018-06-16T07:22:32.686Z",
      "dummy": true,
      "last_scrape": "2018-11-04T15:06:31.871Z",
      "last_page_status": []
    }
  },
  {
    "model": "venue.forumprofile",
    "pk": "5bb143a4-22e1-4ba6-b14b-00235595f585",
    "fields": {
      "user_profile": "c019b9c9-5382-431c-955a-fcf4379559df",
      "forum": "4b8b11d1-14bb-46a7-ac8b-397587235b28",
      "forum_rank": "14d22df0-3462-492b-81c5-b5812d3ef777",
      "forum_username": "wolverine",
      "forum_user_id": "1551606",
      "profile_url": "",
      "signature": "5a506e4d-f5b6-408e-9e00-39f5b7521351",
      "verification_code": "18pTZWDa",
      "active": true,
      "verified": true,
      "date_verified": "2018-06-10T03:27:46Z",
      "date_added": "2018-06-10T03:27:56Z",
      "date_updated": "2018-06-16T03:53:08.829Z",
      "dummy": true,
      "last_scrape": "2018-11-04T15:06:31.895Z",
      "last_page_status": []
    }
  },
  {
    "model": "venue.forumprofile",
    "pk": "6b4d6821-ccba-41a9-8625-2a1da174b93d",
    "fields": {
      "user_profile": "3caf9e94-ecd9-42ea-a8e6-ef71ec42315a",
      "forum": "4b8b11d1-14bb-46a7-ac8b-397587235b28",
      "forum_rank": "99c3f7d6-8adf-4594-a7d3-b64d47488c5a",
      "forum_username": "hawkeye",
      "forum_user_id": "1544937",
      "profile_url": "",
      "signature": "b0d7c3bb-53bf-4ce7-afcb-b1efea7aa472",
      "verification_code": "1Q7h8pk7",
      "active": true,
      "verified": true,
      "date_verified": "2018-06-10T03:33:13Z",
      "date_added": "2018-06-10T03:19:07Z",
      "date_updated": "2018-06-16T07:25:20.047Z",
      "dummy": true,
      "last_scrape": "2018-11-04T15:06:31.874Z",
      "last_page_status": []
    }
  },
  {
    "model": "venue.forumprofile",
    "pk": "709bc479-a411-40df-bc9a-7564da0f521e",
    "fields": {
      "user_profile": "65f1717f-67d2-46a9-bb33-28efa0ddc834",
      "forum": "4b8b11d1-14bb-46a7-ac8b-397587235b28",
      "forum_rank": "99c3f7d6-8adf-4594-a7d3-b64d47488c5a",
      "forum_username": "spiderman",
      "forum_user_id": "8271817",
      "profile_url": "",
      "signature": "ac84e67b-077f-453c-a1f8-b63bac745bf3",
      "verification_code": "ewWsQjxl",
      "active": true,
      "verified": true,
      "date_verified": "2018-06-14T14:27:16Z",
      "date_added": "2018-06-14T14:26:43Z",
      "date_updated": "2018-06-16T07:25:34.201Z",
      "dummy": true,
      "last_scrape": "2018-11-04T15:06:31.867Z",
      "last_page_status": []
    }
  },
  {
    "model": "venue.forumprofile",
    "pk": "b759e131-192f-4656-b977-3f6010900528",
    "fields": {
      "user_profile": "41e11b2c-7486-46ea-9c6a-f6446a2a5e96",
      "forum": "4b8b11d1-14bb-46a7-ac8b-397587235b28",
      "forum_rank": "dd1bbfa7-a3c3-4163-8c0d-b04eb84db9ad",
      "forum_username": "nomad",
      "forum_user_id": "1306970",
      "profile_url": "",
      "signature": "764ab6b6-fb92-40ad-839c-4f26ee86eed8",
      "verification_code": "eLxu55pW",
      "active": true,
      "verified": true,
      "date_verified": "2018-06-10T03:29:00Z",
      "date_added": "2018-06-10T03:19:07Z",
      "date_updated": "2018-06-16T03:53:18.016Z",
      "dummy": true,
      "last_scrape": "2018-11-04T15:06:31.892Z",
      "last_page_status": []
    }
  },
  {
    "model": "venue.forumprofile",
    "pk": "b772b2f2-2e9f-4139-859c-933abe8e6ba2",
    "fields": {
      "user_profile": "83c71451-6035-4fd9-9b13-c2fab1566f01",
      "forum": "4b8b11d1-14bb-46a7-ac8b-397587235b28",
      "forum_rank": "dd1bbfa7-a3c3-4163-8c0d-b04eb84db9ad",
      "forum_username": "stingray",
      "forum_user_id": "2299143",
      "profile_url": "",
      "signature": "0a7dd7cd-8f3b-48ca-989c-d4ec550b136d",
      "verification_code": "1N5IwKzZ",
      "active": true,
      "verified": true,
      "date_verified": "2018-06-14T12:48:05Z",
      "date_added": "2018-06-14T12:37:54Z",
      "date_updated": "2018-06-16T07:24:09.271Z",
      "dummy": true,
      "last_scrape": "2018-11-04T15:06:31.863Z",
      "last_page_status": []
    }
  },
  {
    "model": "venue.forumprofile",
    "pk": "bd57efbc-9b53-4c85-9e05-5f593b96581d",
    "fields": {
      "user_profile": "2820836f-144d-4167-ab3a-c77c3ee91fe4",
      "forum": "4b8b11d1-14bb-46a7-ac8b-397587235b28",
      "forum_rank": "99c3f7d6-8adf-4594-a7d3-b64d47488c5a",
      "forum_username": "ironman",
      "forum_user_id": "2552354",
      "profile_url": "",
      "signature": "ac84e67b-077f-453c-a1f8-b63bac745bf3",
      "verification_code": "1XXCzjmA",
      "active": true,
      "verified": true,
      "date_verified": "2018-06-10T03:32:08Z",
      "date_added": "2018-06-10T03:19:07Z",
      "date_updated": "2018-06-16T03:53:43.877Z",
      "dummy": true,
      "last_scrape": "2018-11-04T15:06:31.881Z",
      "last_page_status": []
    }
  },
  {
    "model": "venue.forumprofile",
    "pk": "ce52c2f5-ae68-4a31-83a5-01f96de5d78f",
    "fields": {
      "user_profile": "ebfdb3c8-8b0e-4d6d-bbde-70be65916a20",
      "forum": "4b8b11d1-14bb-46a7-ac8b-397587235b28",
      "forum_rank": "dd1bbfa7-a3c3-4163-8c0d-b04eb84db9ad",
      "forum_username": "hulk",
      "forum_user_id": "1058231",
      "profile_url": "",
      "signature": "0a7dd7cd-8f3b-48ca-989c-d4ec550b136d",
      "verification_code": "eDxcn2KX",
      "active": true,
      "verified": true,
      "date_verified": "2018-06-10T03:32:37Z",
      "date_added": "2018-06-10T03:19:07Z",
      "date_updated": "2018-06-16T07:25:51.218Z",
      "dummy": true,
      "last_scrape": "2018-11-04T15:06:31.878Z",
      "last_page_status": []
    }
  },
  {
    "model": "venue.forumpost",
    "pk": "0d5e6f62-6bbe-48c0-b34d-288d45eab228",
    "fields": {
      "user_profile": "3caf9e94-ecd9-42ea-a8e6-ef71ec42315a",
      "forum_profile": "6b4d6821-ccba-41a9-8625-2a1da174b93d",
      "topic_id": "865",
      "message_id": "7853723",
      "unique_content_length": 321,
      "timestamp": "2018-06-15T07:28:45Z",
      "monitoring": false,
      "credited": true,
      "matured": true,
      "date_matured": "2018-06-16T07:28:51Z",
      "date_credited": "2018-06-16T07:28:53Z",
      "base_points": "100.00",
      "forum_rank": "99c3f7d6-8adf-4594-a7d3-b64d47488c5a",
      "influence_bonus_pct": "1.00",
      "influence_bonus_pts": "1.00",
      "total_points": "101.00",
      "valid_sig_minutes": 1440,
      "invalid_sig_minutes": 0
    }
  },
  {
    "model": "venue.forumpost",
    "pk": "14ce7c70-51c5-4e8e-bc8e-ec6e1a61530f",
    "fields": {
      "user_profile": "83c71451-6035-4fd9-9b13-c2fab1566f01",
      "forum_profile": "b772b2f2-2e9f-4139-859c-933abe8e6ba2",
      "topic_id": "234",
      "message_id": "213422",
      "unique_content_length": 319,
      "timestamp": "2018-06-11T07:04:09Z",
      "monitoring": false,
      "credited": true,
      "matured": true,
      "date_matured": "2018-06-12T07:04:43Z",
      "date_credited": "2018-06-12T07:04:48Z",
      "base_points": "100.00",
      "forum_rank": "dd1bbfa7-a3c3-4163-8c0d-b04eb84db9ad",
      "influence_bonus_pct": "2.00",
      "influence_bonus_pts": "2.00",
      "total_points": "102.00",
      "valid_sig_minutes": 1440,
      "invalid_sig_minutes": 0
    }
  },
  {
    "model": "venue.forumpost",
    "pk": "2bfa5050-b77c-4379-adb7-accf59229705",
    "fields": {
      "user_profile": "83c71451-6035-4fd9-9b13-c2fab1566f01",
      "forum_profile": "b772b2f2-2e9f-4139-859c-933abe8e6ba2",
      "topic_id": "7281",
      "message_id": "818272",
      "unique_content_length": 210,
      "timestamp": "2018-06-11T06:58:21Z",
      "monitoring": false,
      "credited": true,
      "matured": true,
      "date_matured": "2018-06-12T06:58:21Z",
      "date_credited": "2018-06-12T06:59:21Z",
      "base_points": "100.00",
      "forum_rank": "dd1bbfa7-a3c3-4163-8c0d-b04eb84db9ad",
      "influence_bonus_pct": "2.00",
      "influence_bonus_pts": "2.00",
      "total_points": "102.00",
      "valid_sig_minutes": 1376,
      "invalid_sig_minutes": 64
    }
  },
  {
    "model": "venue.forumpost",
    "pk": "32784248-fad5-4c2a-9923-ea93e41a6a5b",
    "fields": {
      "user_profile": "e437f9b5-b98e-4377-9b7c-11d1a80dcde3",
      "forum_profile": "480dd458-9325-44ca-a4a2-ee4c0ccfa173",
      "topic_id": "968",
      "message_id": "1283829",
      "unique_content_length": 58,
      "timestamp": "2018-06-15T07:21:32Z",
      "monitoring": false,
      "credited": true,
      "matured": true,
      "date_matured": "2018-06-16T07:21:38Z",
      "date_credited": "2018-06-16T07:21:44Z",
      "base_points": "100.00",
      "forum_rank": "99c3f7d6-8adf-4594-a7d3-b64d47488c5a",
      "influence_bonus_pct": "1.00",
      "influence_bonus_pts": "1.00",
      "total_points": "101.00",
      "valid_sig_minutes": 1440,
      "invalid_sig_minutes": 0
    }
  },
  {
    "model": "venue.forumpost",
    "pk": "366487dd-13f0-4e96-8bd4-05782e78a3c7",
    "fields": {
      "user_profile": "c019b9c9-5382-431c-955a-fcf4379559df",
      "forum_profile": "5bb143a4-22e1-4ba6-b14b-00235595f585",
      "topic_id": "3830642",
      "message_id": "39923976",
      "unique_content_length": 554,
      "timestamp": "2018-06-12T04:20:08Z",
      "monitoring": false,
      "credited": true,
      "matured": true,
      "date_matured": "2018-06-13T04:20:08Z",
      "date_credited": "2018-06-13T04:25:08Z",
      "base_points": "100.00",
      "forum_rank": "14d22df0-3462-492b-81c5-b5812d3ef777",
      "influence_bonus_pct": "5.00",
      "influence_bonus_pts": "5.00",
      "total_points": "105.00",
      "valid_sig_minutes": 1440,
      "invalid_sig_minutes": 0
    }
  },
  {
    "model": "venue.forumpost",
    "pk": "41031e85-3897-4a0c-ba35-45d19917ced9",
    "fields": {
      "user_profile": "2820836f-144d-4167-ab3a-c77c3ee91fe4",
      "forum_profile": "bd57efbc-9b53-4c85-9e05-5f593b96581d",
      "topic_id": "124",
      "message_id": "7562617",
      "unique_content_length": 67,
      "timestamp": "2018-06-15T07:37:15Z",
      "monitoring": false,
      "credited": true,
      "matured": true,
      "date_matured": "2018-06-16T07:37:21Z",
      "date_credited": "2018-06-16T07:37:24Z",
      "base_points": "100.00",
      "forum_rank": "99c3f7d6-8adf-4594-a7d3-b64d47488c5a",
      "influence_bonus_pct": "1.00",
      "influence_bonus_pts": "1.00",
      "total_points": "101.00",
      "valid_sig_minutes": 1440,
      "invalid_sig_minutes": 0
    }
  },
  {
    "model": "venue.forumpost",
    "pk": "7096a693-747a-49b5-8ae7-6ab3ef2889db",
    "fields": {
      "user_profile": "41e11b2c-7486-46ea-9c6a-f6446a2a5e96",
      "forum_profile": "b759e131-192f-4656-b977-3f6010900528",
      "topic_id": "432",
      "message_id": "7843626",
      "unique_content_length": 290,
      "timestamp": "2018-06-12T07:39:09Z",
      "monitoring": false,
      "credited": true,
      "matured": true,
      "date_matured": "2018-06-13T07:39:14Z",
      "date_credited": "2018-06-13T07:39:19Z",
      "base_points": "100.00",
      "forum_rank": "dd1bbfa7-a3c3-4163-8c0d-b04eb84db9ad",
      "influence_bonus_pct": "2.00",
      "influence_bonus_pts": "2.00",
      "total_points": "102.00",
      "valid_sig_minutes": 1440,
      "invalid_sig_minutes": 0
    }
  },
  {
    "model": "venue.forumpost",
    "pk": "82bbec93-ac90-4c02-88ae-d572c043be5e",
    "fields": {
      "user_profile": "83c71451-6035-4fd9-9b13-c2fab1566f01",
      "forum_profile": "b772b2f2-2e9f-4139-859c-933abe8e6ba2",
      "topic_id": "443",
      "message_id": "563441",
      "unique_content_length": 187,
      "timestamp": "2018-06-12T07:05:57Z",
      "monitoring": false,
      "credited": true,
      "matured": true,
      "date_matured": "2018-06-13T07:06:05Z",
      "date_credited": "2018-06-13T07:06:09Z",
      "base_points": "100.00",
      "forum_rank": "dd1bbfa7-a3c3-4163-8c0d-b04eb84db9ad",
      "influence_bonus_pct": "2.00",
      "influence_bonus_pts": "2.00",
      "total_points": "102.00",
      "valid_sig_minutes": 1380,
      "invalid_sig_minutes": 60
    }
  },
  {
    "model": "venue.forumpost",
    "pk": "8897e1eb-530f-4f7a-8941-a55ba48cd3ea",
    "fields": {
      "user_profile": "83c71451-6035-4fd9-9b13-c2fab1566f01",
      "forum_profile": "b772b2f2-2e9f-4139-859c-933abe8e6ba2",
      "topic_id": "4083764",
      "message_id": "40108455",
      "unique_content_length": 298,
      "timestamp": "2018-06-13T14:18:40Z",
      "monitoring": false,
      "credited": true,
      "matured": true,
      "date_matured": "2018-06-14T14:32:30Z",
      "date_credited": "2018-06-14T14:32:28Z",
      "base_points": "100.00",
      "forum_rank": "bc8bb1b2-e056-47ab-bcf1-7967a27dd6b4",
      "influence_bonus_pct": "2.00",
      "influence_bonus_pts": "2.00",
      "total_points": "102.00",
      "valid_sig_minutes": 1440,
      "invalid_sig_minutes": 0
    }
  },
  {
    "model": "venue.forumpost",
    "pk": "89d43653-8da8-475d-9126-fc8fda7caf7b",
    "fields": {
      "user_profile": "6ad8fa04-0af5-46b5-a0ff-f0134aac429e",
      "forum_profile": "404a09b4-34ce-4a54-a52e-af815d289b31",
      "topic_id": "746",
      "message_id": "7262621",
      "unique_content_length": 90,
      "timestamp": "2018-06-14T07:40:53Z",
      "monitoring": false,
      "credited": true,
      "matured": true,
      "date_matured": "2018-06-15T07:41:00Z",
      "date_credited": "2018-06-15T07:41:06Z",
      "base_points": "100.00",
      "forum_rank": "99c3f7d6-8adf-4594-a7d3-b64d47488c5a",
      "influence_bonus_pct": "1.00",
      "influence_bonus_pts": "1.00",
      "total_points": "101.00",
      "valid_sig_minutes": 1440,
      "invalid_sig_minutes": 0
    }
  },
  {
    "model": "venue.forumpost",
    "pk": "99211297-4b79-456e-882e-a77824e01510",
    "fields": {
      "user_profile": "65f1717f-67d2-46a9-bb33-28efa0ddc834",
      "forum_profile": "709bc479-a411-40df-bc9a-7564da0f521e",
      "topic_id": "4469212",
      "message_id": "40109083",
      "unique_content_length": 145,
      "timestamp": "2018-06-13T14:29:15Z",
      "monitoring": false,
      "credited": true,
      "matured": true,
      "date_matured": "2018-06-14T14:31:58Z",
      "date_credited": "2018-06-14T14:31:56Z",
      "base_points": "100.00",
      "forum_rank": "bc8bb1b2-e056-47ab-bcf1-7967a27dd6b4",
      "influence_bonus_pct": "1.00",
      "influence_bonus_pts": "1.00",
      "total_points": "101.00",
      "valid_sig_minutes": 1400,
      "invalid_sig_minutes": 40
    }
  },
  {
    "model": "venue.forumpost",
    "pk": "b47897b2-cc69-46d7-b807-e68403557bf8",
    "fields": {
      "user_profile": "581cc047-776b-41e2-98b3-aa9839661391",
      "forum_profile": "19bb3f6b-52b6-4651-947e-b99c2566049b",
      "topic_id": "737",
      "message_id": "7362618",
      "unique_content_length": 230,
      "timestamp": "2018-06-14T07:42:17Z",
      "monitoring": false,
      "credited": true,
      "matured": true,
      "date_matured": "2018-06-15T07:42:23Z",
      "date_credited": "2018-06-15T07:42:27Z",
      "base_points": "100.00",
      "forum_rank": "14d22df0-3462-492b-81c5-b5812d3ef777",
      "influence_bonus_pct": "5.00",
      "influence_bonus_pts": "5.00",
      "total_points": "105.00",
      "valid_sig_minutes": 1440,
      "invalid_sig_minutes": 0
    }
  },
  {
    "model": "venue.forumpost",
    "pk": "b6a1e35f-e226-4ca5-93fa-035739283a78",
    "fields": {
      "user_profile": "83c71451-6035-4fd9-9b13-c2fab1566f01",
      "forum_profile": "b772b2f2-2e9f-4139-859c-933abe8e6ba2",
      "topic_id": "4468464",
      "message_id": "40109519",
      "unique_content_length": 121,
      "timestamp": "2018-06-13T14:36:44Z",
      "monitoring": false,
      "credited": true,
      "matured": true,
      "date_matured": "2018-06-14T14:37:18Z",
      "date_credited": "2018-06-14T14:37:20Z",
      "base_points": "100.00",
      "forum_rank": "bc8bb1b2-e056-47ab-bcf1-7967a27dd6b4",
      "influence_bonus_pct": "2.00",
      "influence_bonus_pts": "2.00",
      "total_points": "102.00",
      "valid_sig_minutes": 1440,
      "invalid_sig_minutes": 0
    }
  },
  {
    "model": "venue.forumpost",
    "pk": "d2708108-cbb1-4b2c-841c-9fada8e15041",
    "fields": {
      "user_profile": "ebfdb3c8-8b0e-4d6d-bbde-70be65916a20",
      "forum_profile": "ce52c2f5-ae68-4a31-83a5-01f96de5d78f",
      "topic_id": "362",
      "message_id": "8537231",
      "unique_content_length": 256,
      "timestamp": "2018-06-13T07:35:11Z",
      "monitoring": false,
      "credited": true,
      "matured": true,
      "date_matured": "2018-06-14T07:35:15Z",
      "date_credited": "2018-06-14T07:35:26Z",
      "base_points": "100.00",
      "forum_rank": "dd1bbfa7-a3c3-4163-8c0d-b04eb84db9ad",
      "influence_bonus_pct": "2.00",
      "influence_bonus_pts": "2.00",
      "total_points": "102.00",
      "valid_sig_minutes": 1400,
      "invalid_sig_minutes": 40
    }
  },
  {
    "model": "auth.user",
    "pk": 2,
    "fields": {
      "password": "pbkdf2_sha256$36000$zN07RQi4f2IO$qg2qfew5F7mCRCGMSiWw+dZJ7h/SsnmzbCuXTRZVYXY=",
      "last_login": null,
      "is_superuser": false,
      "username": "stingray",
      "first_name": "",
      "last_name": "",
      "email": "joemar.ct+stingray@gmail.com",
      "is_staff": false,
      "is_active": true,
      "date_joined": "2018-11-04T15:06:31.122Z",
      "groups": [],
      "user_permissions": []
    }
  },
  {
    "model": "auth.user",
    "pk": 3,
    "fields": {
      "password": "pbkdf2_sha256$36000$vdYQwPAqhFSu$8WVGH+jgK3xL+lkbvLx/GdtsgLWJ4Sk4yWVw/b+sdm4=",
      "last_login": null,
      "is_superuser": false,
      "username": "spiderman",
      "first_name": "",
      "last_name": "",
      "email": "joemar.ct+spiderman@gmail.com",
      "is_staff": false,
      "is_active": true,
      "date_joined": "2018-11-04T15:06:31.165Z",
      "groups": [],
      "user_permissions": []
    }
  },
  {
    "model": "auth.user",
    "pk": 4,
    "fields": {
      "password": "pbkdf2_sha256$36000$qa53NvVo9kGB$6lPIhMQgWMF6lFAbLSvVmX0ekgXF3ti1cvy6S+MucTY=",
      "last_login": null,
      "is_superuser": false,
      "username": "thor",
      "first_name": "",
      "last_name": "",
      "email": "joemar.ct+thor@gmail.com",
      "is_staff": false,
      "is_active": true,
      "date_joined": "2018-11-04T15:06:31.213Z",
      "groups": [],
      "user_permissions": []
    }
  },
  {
    "model": "auth.user",
    "pk": 5,
    "fields": {
      "password": "pbkdf2_sha256$36000$shqIxPQIvaL8$mD1GjQdZ33oERIutusZ2y02izReJuf4w9kfMDKvcfnY=",
      "last_login": null,
      "is_superuser": false,
      "username": "ironman",
      "first_name": "",
      "last_name": "",
      "email": "joemar.ct+ironman@gmail.com",
      "is_staff": false,
      "is_active": true,
      "date_joined": "2018-11-04T15:06:31.260Z",
      "groups": [],
      "user_permissions": []
    }
  },
  {
    "model": "auth.user",
    "pk": 6,
    "fields": {
      "password": "pbkdf2_sha256$36000$R1hRbwNzFxX0$BGneR0tW1uqKoesl4nxpr/dzESfRjOFNDALJv73LKUM=",
      "last_login": null,
      "is_superuser": false,
      "username": "antman",
      "first_name": "",
      "last_name": "",
      "email": "joemar.ct+antman@gmail.com",
      "is_staff": false,
      "is_active": true,
      "date_joined": "2018-11-04T15:06:31.306Z",
      "groups": [],
      "user_permissions": []
    }
  },
  {
    "model": "auth.user",
    "pk": 7,
    "fields": {
      "password": "pbkdf2_sha256$36000$YqJYPs2qO3UV$iebTIbu9FFe/HClufJ82hb990QtqzqzUxORWBOU/LW8=",
      "last_login": null,
      "is_superuser": false,
      "username": "silverclaw",
      "first_name": "",
      "last_name": "",
      "email": "joemar.ct+silverclaw@gmail.com",
      "is_staff": false,
      "is_active": true,
      "date_joined": "2018-11-04T15:06:31.350Z",
      "groups": [],
      "user_permissions": []
    }
  },
  {
    "model": "auth.user",
    "pk": 8,
    "fields": {
      "password": "pbkdf2_sha256$36000$MvEDUIajvNAR$WGj0OU7o9WUY93rWhZNtlMqA4T11ydGG8g/mMj4tMQ8=",
      "last_login": null,
      "is_superuser": false,
      "username": "hulk",
      "first_name": "",
      "last_name": "",
      "email": "joemar.ct+hulk@gmail.com",
      "is_staff": false,
      "is_active": true,
      "date_joined": "2018-11-04T15:06:31.394Z",
      "groups": [],
      "user_permissions": []
    }
  },
  {
    "model": "auth.user",
    "pk": 9,
    "fields": {
      "password": "pbkdf2_sha256$36000$ZgVETDcDEmf5$28BH2k7FNUTVMHKPRU6kITfRwKQK2MG8Xfqoue31nec=",
      "last_login": null,
      "is_superuser": false,
      "username": "nomad",
      "first_name": "",
      "last_name": "",
      "email": "joemar.ct+nomad@gmail.com",
      "is_staff": false,
      "is_active": true,
      "date_joined": "2018-11-04T15:06:31.437Z",
      "groups": [],
      "user_permissions": []
    }
  },
  {
    "model": "auth.user",
    "pk": 10,
    "fields": {
      "password": "pbkdf2_sha256$36000$F0A1CIMSnwzd$6EvzQUV8oYki4MFzzL8CZZ6BBlwZYII8U79/De9pMQs=",
      "last_login": null,
      "is_superuser": false,
      "username": "hawkeye",
      "first_name": "",
      "last_name": "",
      "email": "joemar.ct+hawkeye@gmail.com",
      "is_staff": false,
      "is_active": true,
      "date_joined": "2018-11-04T15:06:31.477Z",
      "groups": [],
      "user_permissions": []
    }
  },
  {
    "model": "auth.user",
    "pk": 11,
    "fields": {
      "password": "pbkdf2_sha256$36000$dvZCuWs7Mp6W$08Tv5msX46dD/wykCmtrnYA5XOuj7sVpcAYomXp13Us=",
      "last_login": null,
      "is_superuser": false,
      "username": "wolverine",
      "first_name": "",
      "last_name": "",
      "email": "joemar.ct+wolverine@gmail.com",
      "is_staff": false,
      "is_active": true,
      "date_joined": "2018-11-04T15:06:31.516Z",
      "groups": [],
      "user_permissions": []
    }
  },
  {
    "model": "venue.userprofile",
    "pk": "2820836f-144d-4167-ab3a-c77c3ee91fe4",
    "fields": {
      "user": 5,
      "language": "en",
      "otp_secret": "",
      "enabled_2fa": false,
      "email_confirmed": true,
      "receive_emails": true,
      "referral_code": "a9e7e311-36d6-4109-afc3-b57c79a04d70"
    }
  },
  {
    "model": "venue.userprofile",
    "pk": "3caf9e94-ecd9-42ea-a8e6-ef71ec42315a",
    "fields": {
      "user": 10,
      "language": "en",
      "otp_secret": "",
      "enabled_2fa": false,
      "email_confirmed": true,
      "receive_emails": true,
      "referral_code": "0ab02029-4097-4ce3-a348-664d3c0c3e6a"
    }
  },
  {
    "model": "venue.userprofile",
    "pk": "41e11b2c-7486-46ea-9c6a-f6446a2a5e96",
    "fields": {
      "user": 9,
      "language": "en",
      "otp_secret": "",
      "enabled_2fa": false,
      "email_confirmed": true,
      "receive_emails": true,
      "referral_code": "1fe9b479-64dd-4bd3-beda-7de98a9ba29b"
    }
  },
  {
    "model": "venue.userprofile",
    "pk": "581cc047-776b-41e2-98b3-aa9839661391",
    "fields": {
      "user": 4,
      "language": "en",
      "otp_secret": "",
      "enabled_2fa": false,
      "email_confirmed": true,
      "receive_emails": true,
      "referral_code": "62a391c6-a9a1-4488-b760-441816d4176e"
    }
  },
  {
    "model": "venue.userprofile",
    "pk": "65f1717f-67d2-46a9-bb33-28efa0ddc834",
    "fields": {
      "user": 3,
      "language": "en",
      "otp_secret": "",
      "enabled_2fa": false,
      "email_confirmed": true,
      "receive_emails": true,
      "referral_code": "205e2db8-148c-4933-be3a-bae700f43866"
    }
  },
  {
    "model": "venue.userprofile",
    "pk": "6ad8fa04-0af5-46b5-a0ff-f0134aac429e",
    "fields": {
      "user": 7,
      "language": "en",
      "otp_secret": "",
      "enabled_2fa": false,
      "email_confirmed": true,
      "receive_emails": true,
      "referral_code": "a77006e3-5f6c-4ea5-a1af-62f9ee530e48"
    }
  },
  {
    "model": "venue.userprofile",
    "pk": "83c71451-6035-4fd9-9b13-c2fab1566f01",
    "fields": {
      "user": 2,
      "language": "en",
      "otp_secret": "",
      "enabled_2fa": false,
      "email_confirmed": true,
      "receive_emails": true,
      "referral_code": "46b6c60e-ecaf-440b-8ae2-887261210e2e"
    }
  },
  {
    "model": "venue.userprofile",
    "pk": "c019b9c9-5382-431c-955a-fcf4379559df",
    "fields": {
      "user": 11,
      "language": "en",
      "otp_secret": "",
      "enabled_2fa": false,
      "email_confirmed": true,
      "receive_emails": true,
      "referral_code": "54792631-1b72-49e5-8935-e4afffaf5ce8"
    }
  },
  {
    "model": "venue.userprofile",
    "pk": "e437f9b5-b98e-4377-9b7c-11d1a80dcde3",
    "fields": {
      "user": 6,
      "language": "en",
      "otp_secret": "",
      "enabled_2fa": false,
      "email_confirmed": true,
      "receive_emails": true,
      "referral_code": "ea75fc44-96c4-46a9-bc59-7e721f77befa"
    }
  },
  {
    "model": "venue.userprofile",
    "pk": "ebfdb3c8-8b0e-4d6d-bbde-70be65916a20",
    "fields": {
      "user": 8,
      "language": "en",
      "otp_secret": "",
      "enabled_2fa": false,
      "email_confirmed": true,
      "receive_emails": true,
      "referral_code": "a2a3e174-a381-4c10-92fa-450b1897788f"
    }
  }
]
