[{"model": "contenttypes.contenttype", "pk": 1, "fields": {"app_label": "admin", "model": "logentry"}}, {"model": "contenttypes.contenttype", "pk": 2, "fields": {"app_label": "constance", "model": "config"}}, {"model": "contenttypes.contenttype", "pk": 3, "fields": {"app_label": "auth", "model": "permission"}}, {"model": "contenttypes.contenttype", "pk": 4, "fields": {"app_label": "auth", "model": "group"}}, {"model": "contenttypes.contenttype", "pk": 5, "fields": {"app_label": "auth", "model": "user"}}, {"model": "contenttypes.contenttype", "pk": 6, "fields": {"app_label": "contenttypes", "model": "contenttype"}}, {"model": "contenttypes.contenttype", "pk": 7, "fields": {"app_label": "sessions", "model": "session"}}, {"model": "contenttypes.contenttype", "pk": 8, "fields": {"app_label": "authtoken", "model": "token"}}, {"model": "contenttypes.contenttype", "pk": 9, "fields": {"app_label": "venue", "model": "forumpost"}}, {"model": "contenttypes.contenttype", "pk": 10, "fields": {"app_label": "venue", "model": "forumprofile"}}, {"model": "contenttypes.contenttype", "pk": 11, "fields": {"app_label": "venue", "model": "forumsite"}}, {"model": "contenttypes.contenttype", "pk": 12, "fields": {"app_label": "venue", "model": "forumuserrank"}}, {"model": "contenttypes.contenttype", "pk": 13, "fields": {"app_label": "venue", "model": "language"}}, {"model": "contenttypes.contenttype", "pk": 14, "fields": {"app_label": "venue", "model": "notification"}}, {"model": "contenttypes.contenttype", "pk": 15, "fields": {"app_label": "venue", "model": "ranking"}}, {"model": "contenttypes.contenttype", "pk": 16, "fields": {"app_label": "venue", "model": "signature"}}, {"model": "contenttypes.contenttype", "pk": 17, "fields": {"app_label": "venue", "model": "userprofile"}}, {"model": "sessions.session", "pk": "86attw53y792b7vqpyg4ald6xdalrlk1", "fields": {"session_data": "NDAwZmE5NzM2MTBlMjYyNDFiODZmYTM1MDBiNWI3M2RjZGZkZmE4NDp7Il9hdXRoX3VzZXJfaWQiOiIxIiwiX2F1dGhfdXNlcl9iYWNrZW5kIjoiZGphbmdvLmNvbnRyaWIuYXV0aC5iYWNrZW5kcy5Nb2RlbEJhY2tlbmQiLCJfYXV0aF91c2VyX2hhc2giOiIxZmYxYTlmYzgzOTU5OGQ0ZGVhMDhiMTI3YmE3NTQzOTgxOTMwYzZlIiwid3M0cmVkaXM6bWVtYmVyb2YiOltdfQ==", "expire_date": "2018-06-25T14:39:37.895Z"}}, {"model": "sessions.session", "pk": "k2inkji0g5jtzy13o9caggzqfuxb6dtk", "fields": {"session_data": "NDAwZmE5NzM2MTBlMjYyNDFiODZmYTM1MDBiNWI3M2RjZGZkZmE4NDp7Il9hdXRoX3VzZXJfaWQiOiIxIiwiX2F1dGhfdXNlcl9iYWNrZW5kIjoiZGphbmdvLmNvbnRyaWIuYXV0aC5iYWNrZW5kcy5Nb2RlbEJhY2tlbmQiLCJfYXV0aF91c2VyX2hhc2giOiIxZmYxYTlmYzgzOTU5OGQ0ZGVhMDhiMTI3YmE3NTQzOTgxOTMwYzZlIiwid3M0cmVkaXM6bWVtYmVyb2YiOltdfQ==", "expire_date": "2018-06-14T08:13:44.299Z"}}, {"model": "venue.forumsite", "pk": 1, "fields": {"name": "bitcointalk.org", "address": "https://bitcointalk.org", "scraper_name": "bitcointalk.py"}}, {"model": "venue.forumuserrank", "pk": 1, "fields": {"forum_site": 1, "name": "Brand new", "bonus_percentage": "0.00", "allowed": true}}, {"model": "venue.forumuserrank", "pk": 2, "fields": {"forum_site": 1, "name": "Newbie", "bonus_percentage": "5.00", "allowed": true}}, {"model": "venue.forumuserrank", "pk": 3, "fields": {"forum_site": 1, "name": "Jr. Member", "bonus_percentage": "0.00", "allowed": true}}, {"model": "venue.forumuserrank", "pk": 4, "fields": {"forum_site": 1, "name": "Member", "bonus_percentage": "0.00", "allowed": true}}, {"model": "venue.forumuserrank", "pk": 5, "fields": {"forum_site": 1, "name": "Full Member", "bonus_percentage": "0.00", "allowed": true}}, {"model": "venue.forumuserrank", "pk": 6, "fields": {"forum_site": 1, "name": "Sr. Member", "bonus_percentage": "0.00", "allowed": true}}, {"model": "venue.forumuserrank", "pk": 7, "fields": {"forum_site": 1, "name": "Hero Member", "bonus_percentage": "0.00", "allowed": true}}, {"model": "venue.forumuserrank", "pk": 8, "fields": {"forum_site": 1, "name": "Legendary", "bonus_percentage": "0.00", "allowed": true}}, {"model": "venue.signature", "pk": 1, "fields": {"name": "Sr. Member Design 1", "forum_site": 1, "code": "[center][table][tr][td][url=http://volentix.com/][tt][size=2px][color=black]\u2588\u258c                     \u2590\u2588\r\n\u2588\u2588\u258c                   \u2590\u2588\u2588\r\n\u2588\u2590\u2588\u258c                 \u2590\u2588\u258c\u2588\r\n\u2588 \u2590\u2588\u258c               \u2590\u2588\u258c \u2588\r\n\u2588  \u2590\u2588\u258c             \u2590\u2588\u258c  \u2588\r\n\u2588   \u2590\u2588\u258c           \u2590\u2588\u258c   \u2588\r\n\u2588    \u2590\u2588\u258c         \u2590\u2588\u258c    \u2588\r\n\u2588     \u2590\u2588\u258c       \u2590\u2588\u258c     \u2588\r\n\u2588      \u2590\u2588\u258c     \u2590\u2588\u258c      \u2588\r\n\u2580\u2588\u2588\u2588\u2588\u2588\u2588\u2588\u2588\u2588\u2588\u2588\u2588\u2588\u2588\u2588\u2588\u2588\u2588\u2588\u2588\u2588\u2588\u2588\u2580\r\n  \u2580\u2588\u2584   \u2590\u2588\u258c   \u2590\u2588\u258c   \u2584\u2588\u2580\r\n    \u2580\u2588\u2584  \u2590\u2588\u258c \u2590\u2588\u258c  \u2584\u2588\u2580\r\n      \u2580\u2588\u2584 \u2590\u2588 \u2588\u258c \u2584\u2588\u2580\r\n        \u2580\u2588\u2584\u2590\u2588\u258c\u2584\u2588\u2580\r\n          \u2580\u2588\u2588\u2588\u2580[/color][/size][/tt][/url][/td]\r\n\r\n[td][url=http://volentix.com/][font=arial][size=4pt][color=transparent].[/color][/size]\r\n[size=16pt][color=black]VOLENTIX[/color][/size][/font][/url][/td][td][/td][td][/td]\r\n\r\n[td][center][font=arial][b][size=8pt][color=#232c3b]\u2588\u2588\u2588\u2588\u2588  3rd Party DAPP Platform  \u2588\u2588\u2588\u2588\u2588[/color][/size]\r\n[size=16pt][url=http://volentix.com/][color=#232c3b]Decentralized[/color] [color=#f25a4a]Change[/color][/url][/size][/b][/font][/center][/td][td][/td][td][/td]\r\n\r\n[td][center][font=arial][b][size=8pt][url=http://][color=#232c3b]ANN[/color][/url]\r\n[url=https://twitter.com/VolentixDAO/][color=#232c3b]TWITTER[/color][/url]\r\n[url=][color=#232c3b]TELEGRAM[/color][/url][/size][/b][/font][/center][/td][td][/td]\r\n\r\n[td][size=4pt][color=#f25a4a]\u2584\r\n\u2588\r\n\u2588\r\n\u2588\r\n\u2588\r\n\u2580[/color][/size][/td][td][/td][td][/td]\r\n\r\n[td][center][url=http://volentix.com/][font=arial][b][size=16pt][color=black]\u25ac \u2022  VENUE  \u2022 \u25ac[/color][/size]\r\n[size=8pt][color=#232c3b]Social Rewards Platform[/color][/size][/b][/font][/url][/center][/td][td][/td]\r\n\r\n[td][size=4pt][color=#f25a4a]\u2584\r\n\u2588\r\n\u2588\r\n\u2588\r\n\u2588\r\n\u2580[/color][/size][/td][td][/td][td][/td]\r\n\r\n[td][center][url=http://volentix.com/][font=arial][b][size=8pt][color=#232c3b]Decentralized Exchange[/color][/size]\r\n[size=16pt][color=black]\u25ac \u2022 VDEX \u2022 \u25ac[/color][/size][/b][/font][/url][/center][/td][td][/td]\r\n\r\n[td][tt][size=2px][color=#1f3150]        \u2584\u2588\u2588\u2588\u2588\u2588\u2588\u2588\u2588\u2584\u2584       \r\n      \u2584\u2588\u2588\u2588\u2588\u2588\u2588\u2588\u2588\u2588\u2588\u2588\u2588\u2588\u2588\u2584 \r\n    \u2584\u2588\u2588\u2588\u2588\u2580\u2580      \u2580\u2580\u2588\u2588\u2588\u2588\u2584 \u2584\u2584\r\n   \u2588\u2588\u2588\u2580             \u2580\u2588\u2588\u2588\u2588\u2588\u2588 \r\n  \u2588\u2588\u2588     \u2584\u2588\u2588\u2588\u2588\u2584     \u2588\u2588\u2588\u2588\u2588\u2588\r\n \u2588\u2588\u2588     \u2588\u2580    \u2580\u2588   \u2588\u2588\u2588\u2588\u2588\u2588\u2588        \r\n\u2588\u2588\u2588     \u2590\u258c   \u2584\u2584\u2584\u2584\u2584        \r\n        \u2590\u258c  \u2590\u2584\u2584\u2584\u2584\u2584\u258c        \r\n         \u2588\u2584 \u2590     \u258c     \u2588\u2588\u2588 \r\n\u2588\u2588\u2588\u2588\u2588\u2588\u2588   \u2580\u2588\u2590\u2580\u2580\u2580\u2580\u2580\u258c    \u2588\u2588\u2588 \r\n\u2588\u2588\u2588\u2588\u2588\u2588       \u2580\u2580\u2580\u2580\u2580    \u2588\u2588\u2588  \r\n\u2588\u2588\u2588\u2588\u2588\u2588\u2584             \u2584\u2588\u2588\u2588\u2580    \r\n\u2580\u2580 \u2580\u2588\u2588\u2588\u2588\u2584\u2584      \u2584\u2584\u2588\u2588\u2588\u2588\u2580     \r\n     \u2580\u2588\u2588\u2588\u2588\u2588\u2588\u2588\u2588\u2588\u2588\u2588\u2588\u2588\u2588\u2580       \r\n        \u2580\u2580\u2588\u2588\u2588\u2588\u2588\u2588\u2588\u2580\u2580[/color][/size][/tt][/td]\r\n\r\n[td][size=4pt][color=#f25a4a]\u2584\r\n\u2588\r\n\u2588\r\n\u2588\r\n\u2588\r\n\u2580[/color][/size][/td][td][/td][td][/td]\r\n\r\n[td][center][tt][size=2px]\r\n\r\n\r\n\u2584\u2584\u2588\u2588\u2588\u2588\u2588\u2588\u2588\u2588\u2588\u2588\u2588\u2584\u2584\r\n\u2584\u2588\u2580\u2580           \u2580\u2580\u2588\u2584\r\n\u2584\u2588    \u2588       \u2588    \u2588\u2584\r\n\u2588\u258c    \u2588\u2588     \u2588\u2588    \u2590\u2588\r\n\u2588\u258c    \u2588 \u2588   \u2588 \u2588    \u2590\u2588\r\n\u2588\u258c    \u2588  \u2588 \u2588  \u2588    \u2590\u2588\r\n\u2588\u258c    \u2580\u2588\u2580\u2580\u2588\u2580\u2580\u2588\u2580    \u2590\u2588\r\n\u2580\u2588      \u2580\u2588\u2588\u2588\u2580      \u2588\u2580\r\n\u2580\u2588\u2584\u2584           \u2584\u2584\u2588\u2580\r\n\u2580\u2580\u2588\u2588\u2588\u2588\u2588\u2588\u2588\u2588\u2588\u2588\u2588\u2580\u2580[/size][/tt][/center][/td]\r\n\r\n[td][size=5px][color=transparent].[/color][/size]\r\n[font=arial][b][size=13px][color=#e22b2b]BETA TESTER[/color][/size]\r\n[size=8px]Designed by Zpectrum[/size][/b][/font][/td][/tr][/table][/center]", "expected_links": "http://volentix.com/\r\nhttps://twitter.com/VolentixDAO/", "test_signature": "Love For All, Hatred For None", "image": "uploads/sig_bf01f803-9e25-402b-ab42-e5896b42fea0.png", "active": true, "date_added": "2018-06-14T12:03:50Z", "user_ranks": [6]}}, {"model": "venue.signature", "pk": 2, "fields": {"name": "Sr. Member Design 2", "forum_site": 1, "code": "[center][table][tr][td][center][font=arial][b][size=16pt]VESPUCCI[/size]\r\n[size=8pt][color=#232c3b]Analytical Engine[/color][/size][/b][/font][/center][/td][td][/td]\r\n\r\n[td][tt][size=2px][color=#232c3b]\r\n\r\n                                [color=#777777]\u2584\u2588\u2588\u2588\u2588\u2584\u2584   \u2584\u2588\u2588[/color]\r\n                              [color=#777777]\u2584\u2588\u2580    \u2580\u2580\u2588\u2588\u2588\u2580[/color]\r\n                           [color=#777777]\u2584\u2588\u2588\u2588\u2580[/color]\r\n    [color=#777777]\u2584\u2584\u2588\u2588\u2588\u2588\u2588\u2588\u2584\u2584          \u2584\u2588\u2588\u2588\u2580\u2580[/color]   \u2584\u2588\u2588\u2588\u2584\r\n  [color=#777777]\u2584\u2588\u2588\u2588\u2588\u2588\u2588\u2588\u2588\u2588\u2588\u2588\u2588\u2584     \u2584\u2588\u2588\u2580[/color]    \u2584\u2588\u2588\u2588\u2588\u2588\u2588\u2588\u2588\u2588\u2584\r\n [color=#777777]\u2588\u2588\u2588\u2588\u2588\u2588\u2588\u2588\u2588\u2588\u2588\u2588\u2588\u2588\u2588\u2588\u2588\u2588 \u2588\u2588\u2580[/color]  \u2584\u2588\u2588\u2588\u2588\u2588\u2588\u2588\u2588\u2588\u2588\u2588\u2588\u2588\u2588\u2588\u2584\r\n [color=#777777]\u2588\u2588\u2588\u2588\u2588\u2588\u2588\u2588\u2588\u2588\u2588\u2588\u2588\u2588\u2588\u2588\u2588\u2588\u2588\u2588[/color]  \u2584\u2588\u2588\u2588\u2588\u2588\u2588\u2588\u2588\u2588\u2588\u2588\u2588\u2588\u2588\u2588\u2588\u2588\u2588\u2588\u2584\r\n[color=#777777]\u2588\u2588\u2588\u2588\u2588\u2588\u2588\u2588\u2588\u2588[/color]\u2588\u2588\u2588\u2588\u2588\u2588\u2588\u2588\u2588\u2588\u2588\u2588\u2588\u2588\u2588\u2588\u2588\u2588\u2588\u2588\u2588\u2588\u2588\u2588\u2588\u2588\u2588\u2588\u2588\u2588\u2588\u2588\u2588\u2588\u2588\r\n[color=#777777]\u2588\u2588\u2588\u2588\u2588\u2588\u2588\u2588\u2588[/color]\u2588\u2588\u2588\u2588\u2588\u2588\u2588\u2588\u2588\u2588\u2588\u2588\u2588\u2588\u2588\u2588\u2588\u2588\u2588\u2588\u2588\u2588\u2588\u2588\u2588\u2588\u2588\u2588\u2588\u2588\u2588\u2588\u2588\u2588\u2588\u2588\r\n[color=#777777]\u2588\u2588\u2588\u2588\u2588\u2588\u2588[/color]\u2588\u2588\u2588\u2588\u2588\u2588\u2588\u2588\u2588\u2588\u2588\u2588\u2588\u2588\u2588\u2588\u2588\u2588\u2588\u2588\u2588\u2588\u2588\u2588\u2588\u2588\u2588\u2588\u2588\u2588\u2588\u2588\u2588\u2588\u2588\u2588\u2588\u2588\r\n\u2588\u2588\u2588\u2588\u2588\u2588\u2588\u2588\u2588\u2588\u2588\u2588\u2588\u2588\u2588\u2588\u2588\u2588\u2588\u2588\u2588\u2588\u2588\u2588\u2588\u2588\u2588\u2588\u2588\u2588\u2588\u2588\u2588\u2588\u2588\u2588\u2588\u2588\u2588\u2588\u2588\u2588\u2588\u2588\u2588\r\n\u2588\u2588\u2588\u2588\u2588\u2588\u2588\u2588\u2588\u2588\u2588\u2588\u2588\u2588\u2588\u2588\u2588\u2588\u2588\u2588\u2588\u2588\u2588\u2588\u2588\u2588\u2588\u2588\u2588\u2588\u2588\u2588\u2588\u2588\u2588\u2588\u2588\u2588\u2588\u2588\u2588\u2588\u2588\u2588\u2588\r\n\u2588\u2588\u2588\u2588\u2588\u2588\u2588\u2588\u2588\u2588\u2588\u2588\u2588\u2588\u2588\u2588\u2588\u2588\u2588\u2588\u2588\u2588\u2588\u2588\u2588\u2588\u2588\u2588\u2588\u2588\u2588\u2588\u2588\u2588\u2588\u2588\u2588\u2588\u2588\u2588\u2588\u2588\u2588\u2588\u2588[/color][/size][/tt][/td][td][/td]\r\n\r\n[td][center][url=http://volentix.com/][font=arial][b][size=16pt][color=black]\u25ac \u2022  VENUE  \u2022 \u25ac[/color][/size]\r\n[size=8pt][color=#232c3b]Social Rewards Platform[/color][/size][/b][/font][/url][/center][/td][td][/td]\r\n\r\n[td][size=2pt][color=#ec6d5a]\r\n\u2588\u2588\r\n\u2588\u2588\r\n\u2588\u2588\r\n\u2588\u2588\r\n\u2588\u2588\r\n\u2588\u2588\r\n\u2588\u2588\r\n\u2588\u2588\r\n\u2588\u2588\r\n\u2588\u2588[/color][/size][/td][td][/td][td][/td]\r\n\r\n[td][url=https://volentix.com/][tt][size=2px][color=black]\u2588\u258c                     \u2590\u2588\r\n\u2588\u2588\u258c                   \u2590\u2588\u2588\r\n\u2588\u2590\u2588\u258c                 \u2590\u2588\u258c\u2588\r\n\u2588 \u2590\u2588\u258c               \u2590\u2588\u258c \u2588\r\n\u2588  \u2590\u2588\u258c             \u2590\u2588\u258c  \u2588\r\n\u2588   \u2590\u2588\u258c           \u2590\u2588\u258c   \u2588\r\n\u2588    \u2590\u2588\u258c         \u2590\u2588\u258c    \u2588\r\n\u2588     \u2590\u2588\u258c       \u2590\u2588\u258c     \u2588\r\n\u2588      \u2590\u2588\u258c     \u2590\u2588\u258c      \u2588\r\n\u2580\u2588\u2588\u2588\u2588\u2588\u2588\u2588\u2588\u2588\u2588\u2588\u2588\u2588\u2588\u2588\u2588\u2588\u2588\u2588\u2588\u2588\u2588\u2588\u2580\r\n  \u2580\u2588\u2584   \u2590\u2588\u258c   \u2590\u2588\u258c   \u2584\u2588\u2580\r\n    \u2580\u2588\u2584  \u2590\u2588\u258c \u2590\u2588\u258c  \u2584\u2588\u2580\r\n      \u2580\u2588\u2584 \u2590\u2588 \u2588\u258c \u2584\u2588\u2580\r\n        \u2580\u2588\u2584\u2590\u2588\u258c\u2584\u2588\u2580\r\n          \u2580\u2588\u2588\u2588\u2580[/color][/size][/tt][/url][/td]\r\n\r\n[td][url=https://volentix.com/][font=arial][b][size=16pt][color=black]VOLENTIX[/color][/size]\r\n[size=8pt][color=#232c3b]Decentralized[/color] [color=#f25a4a]Change[/color][/size][/b][/font][/url][/td][td][/td]\r\n\r\n[td][center][font=arial][b][size=8pt][url=http://][color=#232c3b]ANN[/color][/url]\r\n[url=https://twitter.com/VolentixDAO/][color=#232c3b]TWITTER[/color][/url]\r\n[url=][color=#232c3b]TELEGRAM[/color][/url][/size][/b][/font][/center][/td][td][/td]\r\n\r\n[td][center][tt][size=2px]\r\n\r\n\r\n\u2584\u2584\u2588\u2588\u2588\u2588\u2588\u2588\u2588\u2588\u2588\u2588\u2588\u2584\u2584\r\n\u2584\u2588\u2580\u2580           \u2580\u2580\u2588\u2584\r\n\u2584\u2588    \u2588       \u2588    \u2588\u2584\r\n\u2588\u258c    \u2588\u2588     \u2588\u2588    \u2590\u2588\r\n\u2588\u258c    \u2588 \u2588   \u2588 \u2588    \u2590\u2588\r\n\u2588\u258c    \u2588  \u2588 \u2588  \u2588    \u2590\u2588\r\n\u2588\u258c    \u2580\u2588\u2580\u2580\u2588\u2580\u2580\u2588\u2580    \u2590\u2588\r\n\u2580\u2588      \u2580\u2588\u2588\u2588\u2580      \u2588\u2580\r\n\u2580\u2588\u2584\u2584           \u2584\u2584\u2588\u2580\r\n\u2580\u2580\u2588\u2588\u2588\u2588\u2588\u2588\u2588\u2588\u2588\u2588\u2588\u2580\u2580[/size][/tt][/center][/td]\r\n\r\n[td][size=5px][color=transparent].[/color][/size]\r\n[font=arial][b][size=13px][color=#e22b2b]BETA TESTER[/color][/size]\r\n[size=8px]Designed by Zpectrum[/size][/b][/font][/td][td][/td][td][/td]\r\n\r\n[td][size=2pt][color=#ec6d5a]\r\n\u2588\u2588\r\n\u2588\u2588\r\n\u2588\u2588\r\n\u2588\u2588\r\n\u2588\u2588\r\n\u2588\u2588\r\n\u2588\u2588\r\n\u2588\u2588\r\n\u2588\u2588\r\n\u2588\u2588[/color][/size][/td][td][/td][td][/td]\r\n\r\n[td][center][url=http://volentix.com/][font=arial][b][size=16pt][color=black]\u25ac \u2022 VDEX \u2022 \u25ac[/color][/size]\r\n[size=8pt][color=#232c3b]Decentralized Exchange[/color][/size][/b][/font][/url][/center][/td][td][/td]\r\n\r\n[td][tt][size=2px][color=#232c3b]       \u2584\u2588\u2588\u2584\r\n     \u2584\u2590\u2588\u2588\u2588\u2588\u258c\u2584\u2584\u2584 \u2584\u2588\u2588\u2584\r\n \u2584\u2584 \u2580  \u2580\u2588\u2588\u2580    \u2590\u2588\u2588\u2588\u2588\u258c\r\n\u2590\u2588\u2588\u258c     \u2580\u2584\u2584  \u2588 \u2580\u2588\u2588\u2580\u2580\u2584\r\n\u2584\u2580\u2580 \u2584    \u2588\u2588\u2588\u2588   \u2584 \u2584  \u2584\u2588\u2584\r\n\u2588    \u2580\u2584\u2584\u2580 \u2580\u2580\u2584  \u2580   \u2588 \u2580\u2588\u2580\r\n \u2584 \u2584\u2584\u2580\u2588\u2588    \u2584\u2588\u2588\u2588\u2584 \u2584\u2580\u2584  \u258c\r\n\u2588\u2588\u2588       \u2584\u2590\u2588\u2588\u2588\u2588\u2588\u258c  \u2584\u2588\u2588\u2584\r\n \u2580 \u2584 \u2584  \u2584\u2580  \u2580\u2588\u2588\u2588\u2580  \u2590\u2588\u2588\u2588\u2588\u258c\r\n    \u2588\u2588\u2588    \u2584\u2580   \u2580\u2584  \u2580\u2588\u2588\u2580\r\n     \u2580\u2580\u2584\u2588\u2588\u2588\u2584     \u2584\u2588\u2588\u2584\u2580\r\n      \u2588\u2588\u2588\u2588\u2588\u2588\u2588   \u2590\u2588\u2588\u2588\u2588\u258c\r\n     \u2590\u2588\u2588\u2588\u2588\u2588\u2588\u2588\u258c\u2584\u2580 \u2580\u2588\u2588\u2580\r\n      \u2588\u2588\u2588\u2588\u2588\u2588\u2588\r\n       \u2580\u2588\u2588\u2588\u2580[/color][/size][/tt][/td]\r\n\r\n[td][center][font=arial][b][size=16pt]VCHAIN[/size]\r\n[size=8pt]\u25ac\u25ac\u25ac\u25ac\u25ac\u25ac\u25ac\u25ac[/size][/b][/font][/center][/td][/tr][/table][/center]", "expected_links": "http://volentix.com/\r\nhttps://twitter.com/VolentixDAO/", "test_signature": "Change the world by being yourself", "image": "uploads/sig_2c96827b-907a-44e0-86ad-8e2eab146415.png", "active": true, "date_added": "2018-06-14T12:06:06Z", "user_ranks": [6]}}, {"model": "venue.signature", "pk": 3, "fields": {"name": "Sr. Member Design 3", "forum_site": 1, "code": "[center][table][tr][td][table][tr][td][url=http://volentix.com/][tt][size=2px][color=black]\u2588\u258c                     \u2590\u2588\r\n\u2588\u2588\u258c                   \u2590\u2588\u2588\r\n\u2588\u2590\u2588\u258c                 \u2590\u2588\u258c\u2588\r\n\u2588 \u2590\u2588\u258c               \u2590\u2588\u258c \u2588\r\n\u2588  \u2590\u2588\u258c             \u2590\u2588\u258c  \u2588\r\n\u2588   \u2590\u2588\u258c           \u2590\u2588\u258c   \u2588\r\n\u2588    \u2590\u2588\u258c         \u2590\u2588\u258c    \u2588\r\n\u2588     \u2590\u2588\u258c       \u2590\u2588\u258c     \u2588\r\n\u2588      \u2590\u2588\u258c     \u2590\u2588\u258c      \u2588\r\n\u2580\u2588\u2588\u2588\u2588\u2588\u2588\u2588\u2588\u2588\u2588\u2588\u2588\u2588\u2588\u2588\u2588\u2588\u2588\u2588\u2588\u2588\u2588\u2588\u2580\r\n  \u2580\u2588\u2584   \u2590\u2588\u258c   \u2590\u2588\u258c   \u2584\u2588\u2580\r\n    \u2580\u2588\u2584  \u2590\u2588\u258c \u2590\u2588\u258c  \u2584\u2588\u2580\r\n      \u2580\u2588\u2584 \u2590\u2588 \u2588\u258c \u2584\u2588\u2580\r\n        \u2580\u2588\u2584\u2590\u2588\u258c\u2584\u2588\u2580\r\n          \u2580\u2588\u2588\u2588\u2580[/color][/size][/tt][/url][/td]\r\n\r\n[td][url=http://volentix.com/][font=arial][size=4pt][color=transparent].[/color][/size]\r\n[size=16pt][color=black]VOLENTIX[/color][/size][/font][/url][/td][td][/td][td][/td]\r\n\r\n[td][center][font=arial][b][size=16pt][url=http://volentix.com/][color=#232c3b]Decentralized[/color] [color=#f25a4a]Change[/color][/url][/size]\r\n[size=8pt][color=#f25a4a]\u25ac\u25ac\u25ac\u25ac\u25ac\u25ac\u25ac\u25ac\u25ac\u25ac\u25ac\u25ac\u25ac\u25ac\u25ac\u25ac\u25ac\u25ac[/color]  [url=http://][color=black]ANN[/color][/url][/size][/b][/font][/center][/td][td][/td][td][/td]\r\n\r\n[td][size=6px][color=transparent].[/color][/size]\r\n[url=https://twitter.com/VolentixDAO/][tt][size=2px][color=#00aced]                \u2584\u2588\u2588\u2588\u2588\u2588\u2584\u2584    \r\n\u2588\u2584             \u2588\u2588\u2588\u2588\u2588\u2588\u2588\u2588\u2588\u2588\u2588\u2588\u2580 \r\n\u2588\u2588\u2588\u2588\u2584         \u2588\u2588\u2588\u2588\u2588\u2588\u2588\u2588\u2588\u2588\u2588\u2588\u2588\u2580 \r\n\u2580\u2588\u2588\u2588\u2588\u2588\u2588\u2588\u2588\u2584\u2584   \u2588\u2588\u2588\u2588\u2588\u2588\u2588\u2588\u2588\u2588\u2588\u2588\r\n\u2584\u2584\u2588\u2588\u2588\u2588\u2588\u2588\u2588\u2588\u2588\u2588\u2588\u2588\u2588\u2588\u2588\u2588\u2588\u2588\u2588\u2588\u2588\u2588\u2588\u2588\r\n \u2588\u2588\u2588\u2588\u2588\u2588\u2588\u2588\u2588\u2588\u2588\u2588\u2588\u2588\u2588\u2588\u2588\u2588\u2588\u2588\u2588\u2588\u2588\u2588\u2588\r\n \u2580\u2588\u2588\u2588\u2588\u2588\u2588\u2588\u2588\u2588\u2588\u2588\u2588\u2588\u2588\u2588\u2588\u2588\u2588\u2588\u2588\u2588\u2588\u2588 \r\n   \u2588\u2588\u2588\u2588\u2588\u2588\u2588\u2588\u2588\u2588\u2588\u2588\u2588\u2588\u2588\u2588\u2588\u2588\u2588\u2588\u2588 \r\n    \u2580\u2588\u2588\u2588\u2588\u2588\u2588\u2588\u2588\u2588\u2588\u2588\u2588\u2588\u2588\u2588\u2588\u2588\u2580\r\n      \u2584\u2588\u2588\u2588\u2588\u2588\u2588\u2588\u2588\u2588\u2588\u2588\u2588\u2588\u2580\r\n\u2584\u2584\u2588\u2588\u2588\u2588\u2588\u2588\u2588\u2588\u2588\u2588\u2588\u2588\u2588\u2588\u2588\u2580 \r\n   \u2580\u2580\u2580\u2580\u2580\u2580\u2580\u2580\u2580\u2580\u2580[/color][/size][/tt][/url][/td][td][/td]\r\n\r\n[td][size=6px][color=transparent].[/color][/size]\r\n[url=][tt][size=2px][color=#2ca5e0]                      \u2584\u2584\u2588\u2588\u2588\u2588\r\n                \u2584\u2584\u2584\u2588\u2588\u2588\u2588\u2588\u2588\u2588\u2588\u258c\r\n          \u2584\u2584\u2584\u2588\u2588\u2588\u2588\u2588\u2588\u2588\u2580\u2584\u2588\u2588\u2588\u2588\u2588\r\n     \u2584\u2584\u2588\u2588\u2588\u2588\u2588\u2588\u2588\u2588\u2588\u2580\u2580 \u2584\u2588\u2588\u2588\u2588\u2588\u2588\u258c\r\n\u2584\u2584\u2588\u2588\u2588\u2588\u2588\u2588\u2588\u2588\u2588\u2588\u2588\u2580  \u2584\u2588\u2588\u2588\u2588\u2588\u2588\u2588\u2588\u2588\r\n \u2580\u2580\u2580\u2588\u2588\u2588\u2588\u2588\u2580    \u2584\u2588\u2588\u2588\u2588\u2588\u2588\u2588\u2588\u2588\u2588\u258c\r\n       \u2588\u2588   \u2588\u2588\u2588\u2588\u2588\u2588\u2588\u2588\u2588\u2588\u2588\u2588\u2588\r\n        \u2588\u2584 \u2588\u2588\u2588\u2588\u2588\u2588\u2588\u2588\u2588\u2588\u2588\u2588\u2588\u258c\r\n        \u2590\u2588\u2584\u2588\u2588\u2588\u2580\u2580\u2588\u2588\u2588\u2588\u2588\u2588\u2588\u2588\r\n         \u2588\u2588\u2588\u2580    \u2580\u2580\u2588\u2588\u2588\u2588\u258c\r\n                    \u2580\u2580\u2588[/color][/size][/tt][/url][/td][td][/td][td][/td]\r\n\r\n[td][size=2pt][color=#ec6d5a]\r\n\u2588\r\n\u2588\r\n\u2588\r\n\u2588\r\n\u2588\r\n\u2588\r\n\u2588\r\n\u2588\r\n\u2588\r\n\u2588[/color][/size][/td][td][/td][td][/td]\r\n\r\n[td][center][url=http://volentix.com/][font=arial][b][size=8pt][color=#232c3b]Analytical Engine \u2022 VESPUCCI   |   VCHAIN \u2022 Blockchain Technology\r\n[color=#f25a4a]\u25ac\u25ac\u25ac\u25ac\u25ac\u25ac\u25ac\u25ac\u25ac\u25ac  3rd Party DAPP Platform  \u25ac\u25ac\u25ac\u25ac\u25ac\u25ac\u25ac\u25ac\u25ac\u25ac[/color]\r\nSocial Rewards Platform \u2022 VENUE   |   VDEX \u2022 Decentralized Exchange[/color][/size][/b][/font][/url][/center][/td][td][/td][td][/td]\r\n\r\n[td][size=2pt][color=#ec6d5a]\r\n\u2588\r\n\u2588\r\n\u2588\r\n\u2588\r\n\u2588\r\n\u2588\r\n\u2588\r\n\u2588\r\n\u2588\r\n\u2588[/color][/size][/td][td][/td][td][/td]\r\n\r\n[td][center][tt][size=2px][url=https://bitcointalk.org/index.php?topic=2221211][/url]\r\n\r\n\r\n\u2584\u2584\u2588\u2588\u2588\u2588\u2588\u2588\u2588\u2588\u2588\u2588\u2588\u2584\u2584\r\n\u2584\u2588\u2580\u2580           \u2580\u2580\u2588\u2584\r\n\u2584\u2588    \u2588       \u2588    \u2588\u2584\r\n\u2588\u258c    \u2588\u2588     \u2588\u2588    \u2590\u2588\r\n\u2588\u258c    \u2588 \u2588   \u2588 \u2588    \u2590\u2588\r\n\u2588\u258c    \u2588  \u2588 \u2588  \u2588    \u2590\u2588\r\n\u2588\u258c    \u2580\u2588\u2580\u2580\u2588\u2580\u2580\u2588\u2580    \u2590\u2588\r\n\u2580\u2588      \u2580\u2588\u2588\u2588\u2580      \u2588\u2580\r\n\u2580\u2588\u2584\u2584           \u2584\u2584\u2588\u2580\r\n\u2580\u2580\u2588\u2588\u2588\u2588\u2588\u2588\u2588\u2588\u2588\u2588\u2588\u2580\u2580[/size][/tt][/center][/td]\r\n\r\n[td][size=5px][color=transparent].[/color][/size]\r\n[font=arial][b][size=13px][color=#e22b2b]BETA TESTER[/color][/size]\r\n[size=8px]Designed by Zpectrum[/size][/b][/font][/td][/tr][/table][/center]", "expected_links": "http://volentix.com/\r\nhttps://twitter.com/VolentixDAO/\r\nhttps://bitcointalk.org/index.php?topic=2221211", "test_signature": "Every moment is a fresh beginning", "image": "uploads/sig_bf4ec904-012e-49ca-9e3c-e7ccaa663fc1.png", "active": true, "date_added": "2018-06-14T12:07:18Z", "user_ranks": [6]}}, {"model": "venue.signature", "pk": 4, "fields": {"name": "Sr. Member Design 4", "forum_site": 1, "code": "[center][table][tr][td][table][tr][td][url=http://volentix.com/][tt][size=2px][color=black]\u2588\u258c                     \u2590\u2588\r\n\u2588\u2588\u258c                   \u2590\u2588\u2588\r\n\u2588\u2590\u2588\u258c                 \u2590\u2588\u258c\u2588\r\n\u2588 \u2590\u2588\u258c               \u2590\u2588\u258c \u2588\r\n\u2588  \u2590\u2588\u258c             \u2590\u2588\u258c  \u2588\r\n\u2588   \u2590\u2588\u258c           \u2590\u2588\u258c   \u2588\r\n\u2588    \u2590\u2588\u258c         \u2590\u2588\u258c    \u2588\r\n\u2588     \u2590\u2588\u258c       \u2590\u2588\u258c     \u2588\r\n\u2588      \u2590\u2588\u258c     \u2590\u2588\u258c      \u2588\r\n\u2580\u2588\u2588\u2588\u2588\u2588\u2588\u2588\u2588\u2588\u2588\u2588\u2588\u2588\u2588\u2588\u2588\u2588\u2588\u2588\u2588\u2588\u2588\u2588\u2580\r\n  \u2580\u2588\u2584   \u2590\u2588\u258c   \u2590\u2588\u258c   \u2584\u2588\u2580\r\n    \u2580\u2588\u2584  \u2590\u2588\u258c \u2590\u2588\u258c  \u2584\u2588\u2580\r\n      \u2580\u2588\u2584 \u2590\u2588 \u2588\u258c \u2584\u2588\u2580\r\n        \u2580\u2588\u2584\u2590\u2588\u258c\u2584\u2588\u2580\r\n          \u2580\u2588\u2588\u2588\u2580[/color][/size][/tt][/url][/td]\r\n\r\n[td][url=http://volentix.com/][font=arial][size=4pt][color=transparent].[/color][/size]\r\n[size=16pt][color=black]VOLENTIX[/color][/size][/font][/url][/td][td][/td][td][/td]\r\n\r\n[td][center][font=arial][b][size=16pt][url=http://volentix.com/][color=#232c3b]Decentralized[/color] [color=#f25a4a]Change[/color][/url][/size]\r\n[size=8pt][color=#f25a4a]\u25ac\u25ac\u25ac\u25ac\u25ac\u25ac\u25ac\u25ac\u25ac\u25ac\u25ac\u25ac\u25ac\u25ac\u25ac\u25ac\u25ac\u25ac[/color]  [url=http://][color=black]ANN[/color][/url][/size][/b][/font][/center][/td][td][/td][td][/td]\r\n\r\n[td][size=6px][color=transparent].[/color][/size]\r\n[url=https://twitter.com/VolentixDAO/][tt][size=2px][color=#232c3b]                \u2584\u2588\u2588\u2588\u2588\u2588\u2584\u2584    \r\n\u2588\u2584             \u2588\u2588\u2588\u2588\u2588\u2588\u2588\u2588\u2588\u2588\u2588\u2588\u2580 \r\n\u2588\u2588\u2588\u2588\u2584         \u2588\u2588\u2588\u2588\u2588\u2588\u2588\u2588\u2588\u2588\u2588\u2588\u2588\u2580 \r\n\u2580\u2588\u2588\u2588\u2588\u2588\u2588\u2588\u2588\u2584\u2584   \u2588\u2588\u2588\u2588\u2588\u2588\u2588\u2588\u2588\u2588\u2588\u2588\r\n\u2584\u2584\u2588\u2588\u2588\u2588\u2588\u2588\u2588\u2588\u2588\u2588\u2588\u2588\u2588\u2588\u2588\u2588\u2588\u2588\u2588\u2588\u2588\u2588\u2588\u2588\r\n \u2588\u2588\u2588\u2588\u2588\u2588\u2588\u2588\u2588\u2588\u2588\u2588\u2588\u2588\u2588\u2588\u2588\u2588\u2588\u2588\u2588\u2588\u2588\u2588\u2588\r\n \u2580\u2588\u2588\u2588\u2588\u2588\u2588\u2588\u2588\u2588\u2588\u2588\u2588\u2588\u2588\u2588\u2588\u2588\u2588\u2588\u2588\u2588\u2588\u2588 \r\n   \u2588\u2588\u2588\u2588\u2588\u2588\u2588\u2588\u2588\u2588\u2588\u2588\u2588\u2588\u2588\u2588\u2588\u2588\u2588\u2588\u2588 \r\n    \u2580\u2588\u2588\u2588\u2588\u2588\u2588\u2588\u2588\u2588\u2588\u2588\u2588\u2588\u2588\u2588\u2588\u2588\u2580\r\n      \u2584\u2588\u2588\u2588\u2588\u2588\u2588\u2588\u2588\u2588\u2588\u2588\u2588\u2588\u2580\r\n\u2584\u2584\u2588\u2588\u2588\u2588\u2588\u2588\u2588\u2588\u2588\u2588\u2588\u2588\u2588\u2588\u2588\u2580 \r\n   \u2580\u2580\u2580\u2580\u2580\u2580\u2580\u2580\u2580\u2580\u2580[/color][/size][/tt][/url][/td][td][/td]\r\n\r\n[td][size=6px][color=transparent].[/color][/size]\r\n[url=][tt][size=2px][color=#232c3b]                      \u2584\u2584\u2588\u2588\u2588\u2588\r\n                \u2584\u2584\u2584\u2588\u2588\u2588\u2588\u2588\u2588\u2588\u2588\u258c\r\n          \u2584\u2584\u2584\u2588\u2588\u2588\u2588\u2588\u2588\u2588\u2580\u2584\u2588\u2588\u2588\u2588\u2588\r\n     \u2584\u2584\u2588\u2588\u2588\u2588\u2588\u2588\u2588\u2588\u2588\u2580\u2580 \u2584\u2588\u2588\u2588\u2588\u2588\u2588\u258c\r\n\u2584\u2584\u2588\u2588\u2588\u2588\u2588\u2588\u2588\u2588\u2588\u2588\u2588\u2580  \u2584\u2588\u2588\u2588\u2588\u2588\u2588\u2588\u2588\u2588\r\n \u2580\u2580\u2580\u2588\u2588\u2588\u2588\u2588\u2580    \u2584\u2588\u2588\u2588\u2588\u2588\u2588\u2588\u2588\u2588\u2588\u258c\r\n       \u2588\u2588   \u2588\u2588\u2588\u2588\u2588\u2588\u2588\u2588\u2588\u2588\u2588\u2588\u2588\r\n        \u2588\u2584 \u2588\u2588\u2588\u2588\u2588\u2588\u2588\u2588\u2588\u2588\u2588\u2588\u2588\u258c\r\n        \u2590\u2588\u2584\u2588\u2588\u2588\u2580\u2580\u2588\u2588\u2588\u2588\u2588\u2588\u2588\u2588\r\n         \u2588\u2588\u2588\u2580    \u2580\u2580\u2588\u2588\u2588\u2588\u258c\r\n                    \u2580\u2580\u2588[/color][/size][/tt][/url][/td][td][/td][td][/td]\r\n\r\n[td][size=2pt][color=#ec6d5a]\r\n\u2588\r\n\u2588\r\n\u2588\r\n\u2588\r\n\u2588\r\n\u2588\r\n\u2588\r\n\u2588\r\n\u2588\r\n\u2588[/color][/size][/td][td][/td][td][/td]\r\n\r\n[td][center][url=http://volentix.com/][font=arial][b][size=8pt][color=#232c3b]Analytical Engine \u2022 VESPUCCI   |   VCHAIN \u2022 Blockchain Technology\r\n[color=#f25a4a]\u25ac\u25ac\u25ac\u25ac\u25ac\u25ac\u25ac\u25ac\u25ac\u25ac  3rd Party DAPP Platform  \u25ac\u25ac\u25ac\u25ac\u25ac\u25ac\u25ac\u25ac\u25ac\u25ac[/color]\r\nSocial Rewards Platform \u2022 VENUE   |   VDEX \u2022 Decentralized Exchange[/color][/size][/b][/font][/url][/center][/td][td][/td][td][/td]\r\n\r\n[td][size=2pt][color=#ec6d5a]\r\n\u2588\r\n\u2588\r\n\u2588\r\n\u2588\r\n\u2588\r\n\u2588\r\n\u2588\r\n\u2588\r\n\u2588\r\n\u2588[/color][/size][/td][td][/td][td][/td]\r\n\r\n[td][center][tt][size=2px][url=https://bitcointalk.org/index.php?topic=2221211][/url]\r\n\r\n\r\n\u2584\u2584\u2588\u2588\u2588\u2588\u2588\u2588\u2588\u2588\u2588\u2588\u2588\u2584\u2584\r\n\u2584\u2588\u2580\u2580           \u2580\u2580\u2588\u2584\r\n\u2584\u2588    \u2588       \u2588    \u2588\u2584\r\n\u2588\u258c    \u2588\u2588     \u2588\u2588    \u2590\u2588\r\n\u2588\u258c    \u2588 \u2588   \u2588 \u2588    \u2590\u2588\r\n\u2588\u258c    \u2588  \u2588 \u2588  \u2588    \u2590\u2588\r\n\u2588\u258c    \u2580\u2588\u2580\u2580\u2588\u2580\u2580\u2588\u2580    \u2590\u2588\r\n\u2580\u2588      \u2580\u2588\u2588\u2588\u2580      \u2588\u2580\r\n\u2580\u2588\u2584\u2584           \u2584\u2584\u2588\u2580\r\n\u2580\u2580\u2588\u2588\u2588\u2588\u2588\u2588\u2588\u2588\u2588\u2588\u2588\u2580\u2580[/size][/tt][/center][/td]\r\n\r\n[td][size=5px][color=transparent].[/color][/size]\r\n[font=arial][b][size=13px][color=#e22b2b]BETA TESTER[/color][/size]\r\n[size=8px]Designed by Zpectrum[/size][/b][/font][/td][/tr][/table][/center]", "expected_links": "http://volentix.com/\r\nhttps://twitter.com/VolentixDAO/\r\nhttps://bitcointalk.org/index.php?topic=2221211", "test_signature": "Never regret anything that made you smile", "image": "media/uploads/img/signature_img.png", "active": true, "date_added": "2018-06-14T12:08:45Z", "user_ranks": [6]}}, {"model": "venue.signature", "pk": 5, "fields": {"name": "Hero/Legendary Member Design 1", "forum_site": 1, "code": "[center][table][tr][td][url=http://volentix.com/][tt][size=2px][color=black]\u2588\u258c                     \u2590\u2588\r\n\u2588\u2588\u258c                   \u2590\u2588\u2588\r\n\u2588\u2590\u2588\u258c                 \u2590\u2588\u258c\u2588\r\n\u2588 \u2590\u2588\u258c               \u2590\u2588\u258c \u2588\r\n\u2588  \u2590\u2588\u258c             \u2590\u2588\u258c  \u2588\r\n\u2588   \u2590\u2588\u258c           \u2590\u2588\u258c   \u2588\r\n\u2588    \u2590\u2588\u258c         \u2590\u2588\u258c    \u2588\r\n\u2588     \u2590\u2588\u258c       \u2590\u2588\u258c     \u2588\r\n\u2588      \u2590\u2588\u258c     \u2590\u2588\u258c      \u2588\r\n\u2580\u2588\u2588\u2588\u2588\u2588\u2588\u2588\u2588\u2588\u2588\u2588\u2588\u2588\u2588\u2588\u2588\u2588\u2588\u2588\u2588\u2588\u2588\u2588\u2580\r\n  \u2580\u2588\u2584   \u2590\u2588\u258c   \u2590\u2588\u258c   \u2584\u2588\u2580\r\n    \u2580\u2588\u2584  \u2590\u2588\u258c \u2590\u2588\u258c  \u2584\u2588\u2580\r\n      \u2580\u2588\u2584 \u2590\u2588 \u2588\u258c \u2584\u2588\u2580\r\n        \u2580\u2588\u2584\u2590\u2588\u258c\u2584\u2588\u2580\r\n          \u2580\u2588\u2588\u2588\u2580[/color][/size][/tt][/url][/td]\r\n\r\n[td][url=http://volentix.com/][font=arial][size=4pt][color=transparent].[/color][/size]\r\n[size=16pt][color=black]VOLENTIX[/color][/size][/font][/url][/td][td][/td][td][/td]\r\n\r\n[td][center][font=arial][b][size=8pt][glow=#232c3b,2,300][color=white][color=transparent]...............[/color]3rd Party DAPP Platform[color=transparent]...............[/color][/color][/glow][/size]\r\n[size=16pt][url=http://volentix.com/][color=#232c3b]Decentralized[/color] [color=#f25a4a]Change[/color][/url][/size][/b][/font][/center][/td][td][/td][td][/td]\r\n\r\n[td][center][font=arial][b][size=8pt][url=http://][color=#232c3b]ANN[/color][/url]\r\n[url=https://twitter.com/VolentixDAO/][color=#232c3b]TWITTER[/color][/url]\r\n[url=][color=#232c3b]TELEGRAM[/color][/url][/size][/b][/font][/center][/td][td][/td]\r\n\r\n[td][size=4pt][color=#f25a4a]\u2584\r\n\u2588\r\n\u2588\r\n\u2588\r\n\u2588\r\n\u2580[/color][/size][/td][td][/td][td][/td]\r\n\r\n[td][center][url=http://volentix.com/][font=arial][b][size=16pt][color=black]\u25ac \u2022  VENUE  \u2022 \u25ac[/color][/size]\r\n[size=8pt][glow=#232c3b,2,300][color=white][color=transparent]......[/color]Social Rewards Platform[color=transparent]......[/color][/color][/glow][/size][/b][/font][/url][/center][/td][td][/td]\r\n\r\n[td][size=4pt][color=#f25a4a]\u2584\r\n\u2588\r\n\u2588\r\n\u2588\r\n\u2588\r\n\u2580[/color][/size][/td][td][/td][td][/td]\r\n\r\n[td][center][url=http://volentix.com/][font=arial][b][size=8pt][glow=#232c3b,2,300][color=white][color=transparent]...[/color]Decentralized Exchange[color=transparent]...[/color][/color][/glow][/size]\r\n[size=16pt][color=black]\u25ac \u2022 VDEX \u2022 \u25ac[/color][/size][/b][/font][/url][/center][/td][td][/td]\r\n\r\n[td][tt][size=2px][color=#1f3150]        \u2584\u2588\u2588\u2588\u2588\u2588\u2588\u2588\u2588\u2584\u2584       \r\n      \u2584\u2588\u2588\u2588\u2588\u2588\u2588\u2588\u2588\u2588\u2588\u2588\u2588\u2588\u2588\u2584 \r\n    \u2584\u2588\u2588\u2588\u2588\u2580\u2580      \u2580\u2580\u2588\u2588\u2588\u2588\u2584 \u2584\u2584\r\n   \u2588\u2588\u2588\u2580             \u2580\u2588\u2588\u2588\u2588\u2588\u2588 \r\n  \u2588\u2588\u2588     \u2584\u2588\u2588\u2588\u2588\u2584     \u2588\u2588\u2588\u2588\u2588\u2588\r\n \u2588\u2588\u2588     \u2588\u2580    \u2580\u2588   \u2588\u2588\u2588\u2588\u2588\u2588\u2588        \r\n\u2588\u2588\u2588     \u2590\u258c   \u2584\u2584\u2584\u2584\u2584        \r\n        \u2590\u258c  \u2590\u2584\u2584\u2584\u2584\u2584\u258c        \r\n         \u2588\u2584 \u2590     \u258c     \u2588\u2588\u2588 \r\n\u2588\u2588\u2588\u2588\u2588\u2588\u2588   \u2580\u2588\u2590\u2580\u2580\u2580\u2580\u2580\u258c    \u2588\u2588\u2588 \r\n\u2588\u2588\u2588\u2588\u2588\u2588       \u2580\u2580\u2580\u2580\u2580    \u2588\u2588\u2588  \r\n\u2588\u2588\u2588\u2588\u2588\u2588\u2584             \u2584\u2588\u2588\u2588\u2580    \r\n\u2580\u2580 \u2580\u2588\u2588\u2588\u2588\u2584\u2584      \u2584\u2584\u2588\u2588\u2588\u2588\u2580     \r\n     \u2580\u2588\u2588\u2588\u2588\u2588\u2588\u2588\u2588\u2588\u2588\u2588\u2588\u2588\u2588\u2580       \r\n        \u2580\u2580\u2588\u2588\u2588\u2588\u2588\u2588\u2588\u2580\u2580[/color][/size][/tt][/td]\r\n\r\n[td][size=4pt][color=#f25a4a]\u2584\r\n\u2588\r\n\u2588\r\n\u2588\r\n\u2588\r\n\u2580[/color][/size][/td][td][/td][td][/td]\r\n\r\n[td][center][tt][size=2px]\r\n\r\n\r\n\u2584\u2584\u2588\u2588\u2588\u2588\u2588\u2588\u2588\u2588\u2588\u2588\u2588\u2584\u2584\r\n\u2584\u2588\u2580\u2580           \u2580\u2580\u2588\u2584\r\n\u2584\u2588    \u2588       \u2588    \u2588\u2584\r\n\u2588\u258c    \u2588\u2588     \u2588\u2588    \u2590\u2588\r\n\u2588\u258c    \u2588 \u2588   \u2588 \u2588    \u2590\u2588\r\n\u2588\u258c    \u2588  \u2588 \u2588  \u2588    \u2590\u2588\r\n\u2588\u258c    \u2580\u2588\u2580\u2580\u2588\u2580\u2580\u2588\u2580    \u2590\u2588\r\n\u2580\u2588      \u2580\u2588\u2588\u2588\u2580      \u2588\u2580\r\n\u2580\u2588\u2584\u2584           \u2584\u2584\u2588\u2580\r\n\u2580\u2580\u2588\u2588\u2588\u2588\u2588\u2588\u2588\u2588\u2588\u2588\u2588\u2580\u2580[/size][/tt][/center][/td]\r\n\r\n[td][size=5px][color=transparent].[/color][/size]\r\n[font=arial][b][size=13px][color=#e22b2b]BETA TESTER[/color][/size]\r\n[size=8px]Designed by Zpectrum[/size][/b][/font][/td][/tr][/table][/center]", "expected_links": "http://volentix.com/\r\nhttps://twitter.com/VolentixDAO/", "test_signature": "Die with memories, not dreams", "image": "uploads/sig_95a98747-4606-4911-bfe8-e68118ac98a6.png", "active": true, "date_added": "2018-06-14T12:10:28Z", "user_ranks": [7, 8]}}, {"model": "venue.signature", "pk": 6, "fields": {"name": "Hero/Legendary Member Design 2", "forum_site": 1, "code": "[center][table][tr][td][center][font=arial][b][size=16pt]VESPUCCI[/size]\r\n[size=8pt][glow=#232c3b,2,300][color=white][color=transparent]....[/color]Analytical Engine[color=transparent]....[/color][/color][/glow][/size][/b][/font][/center][/td][td][/td]\r\n\r\n[td][tt][size=2px][color=#232c3b]\r\n\r\n                                [color=#777777]\u2584\u2588\u2588\u2588\u2588\u2584\u2584   \u2584\u2588\u2588[/color]\r\n                              [color=#777777]\u2584\u2588\u2580    \u2580\u2580\u2588\u2588\u2588\u2580[/color]\r\n                           [color=#777777]\u2584\u2588\u2588\u2588\u2580[/color]\r\n    [color=#777777]\u2584\u2584\u2588\u2588\u2588\u2588\u2588\u2588\u2584\u2584          \u2584\u2588\u2588\u2588\u2580\u2580[/color]   \u2584\u2588\u2588\u2588\u2584\r\n  [color=#777777]\u2584\u2588\u2588\u2588\u2588\u2588\u2588\u2588\u2588\u2588\u2588\u2588\u2588\u2584     \u2584\u2588\u2588\u2580[/color]    \u2584\u2588\u2588\u2588\u2588\u2588\u2588\u2588\u2588\u2588\u2584\r\n [color=#777777]\u2588\u2588\u2588\u2588\u2588\u2588\u2588\u2588\u2588\u2588\u2588\u2588\u2588\u2588\u2588\u2588\u2588\u2588 \u2588\u2588\u2580[/color]  \u2584\u2588\u2588\u2588\u2588\u2588\u2588\u2588\u2588\u2588\u2588\u2588\u2588\u2588\u2588\u2588\u2584\r\n [color=#777777]\u2588\u2588\u2588\u2588\u2588\u2588\u2588\u2588\u2588\u2588\u2588\u2588\u2588\u2588\u2588\u2588\u2588\u2588\u2588\u2588[/color]  \u2584\u2588\u2588\u2588\u2588\u2588\u2588\u2588\u2588\u2588\u2588\u2588\u2588\u2588\u2588\u2588\u2588\u2588\u2588\u2588\u2584\r\n[color=#777777]\u2588\u2588\u2588\u2588\u2588\u2588\u2588\u2588\u2588\u2588[/color]\u2588\u2588\u2588\u2588\u2588\u2588\u2588\u2588\u2588\u2588\u2588\u2588\u2588\u2588\u2588\u2588\u2588\u2588\u2588\u2588\u2588\u2588\u2588\u2588\u2588\u2588\u2588\u2588\u2588\u2588\u2588\u2588\u2588\u2588\u2588\r\n[color=#777777]\u2588\u2588\u2588\u2588\u2588\u2588\u2588\u2588\u2588[/color]\u2588\u2588\u2588\u2588\u2588\u2588\u2588\u2588\u2588\u2588\u2588\u2588\u2588\u2588\u2588\u2588\u2588\u2588\u2588\u2588\u2588\u2588\u2588\u2588\u2588\u2588\u2588\u2588\u2588\u2588\u2588\u2588\u2588\u2588\u2588\u2588\r\n[color=#777777]\u2588\u2588\u2588\u2588\u2588\u2588\u2588[/color]\u2588\u2588\u2588\u2588\u2588\u2588\u2588\u2588\u2588\u2588\u2588\u2588\u2588\u2588\u2588\u2588\u2588\u2588\u2588\u2588\u2588\u2588\u2588\u2588\u2588\u2588\u2588\u2588\u2588\u2588\u2588\u2588\u2588\u2588\u2588\u2588\u2588\u2588\r\n\u2588\u2588\u2588\u2588\u2588\u2588\u2588\u2588\u2588\u2588\u2588\u2588\u2588\u2588\u2588\u2588\u2588\u2588\u2588\u2588\u2588\u2588\u2588\u2588\u2588\u2588\u2588\u2588\u2588\u2588\u2588\u2588\u2588\u2588\u2588\u2588\u2588\u2588\u2588\u2588\u2588\u2588\u2588\u2588\u2588\r\n\u2588\u2588\u2588\u2588\u2588\u2588\u2588\u2588\u2588\u2588\u2588\u2588\u2588\u2588\u2588\u2588\u2588\u2588\u2588\u2588\u2588\u2588\u2588\u2588\u2588\u2588\u2588\u2588\u2588\u2588\u2588\u2588\u2588\u2588\u2588\u2588\u2588\u2588\u2588\u2588\u2588\u2588\u2588\u2588\u2588\r\n\u2588\u2588\u2588\u2588\u2588\u2588\u2588\u2588\u2588\u2588\u2588\u2588\u2588\u2588\u2588\u2588\u2588\u2588\u2588\u2588\u2588\u2588\u2588\u2588\u2588\u2588\u2588\u2588\u2588\u2588\u2588\u2588\u2588\u2588\u2588\u2588\u2588\u2588\u2588\u2588\u2588\u2588\u2588\u2588\u2588[/color][/size][/tt][/td][td][/td]\r\n\r\n[td][center][url=http://volentix.com/][font=arial][b][size=16pt][color=black]\u25ac \u2022  VENUE  \u2022 \u25ac[/color][/size]\r\n[size=8pt][glow=#232c3b,2,300][color=white][color=transparent]......[/color]Social Rewards Platform[color=transparent]......[/color][/color][/glow][/size][/b][/font][/url][/center][/td][td][/td]\r\n\r\n[td][size=2pt][color=#ec6d5a]\r\n\u2588\u2588\r\n\u2588\u2588\r\n\u2588\u2588\r\n\u2588\u2588\r\n\u2588\u2588\r\n\u2588\u2588\r\n\u2588\u2588\r\n\u2588\u2588\r\n\u2588\u2588\r\n\u2588\u2588[/color][/size][/td][td][/td][td][/td]\r\n\r\n[td][url=https://volentix.com/][tt][size=2px][color=black]\u2588\u258c                     \u2590\u2588\r\n\u2588\u2588\u258c                   \u2590\u2588\u2588\r\n\u2588\u2590\u2588\u258c                 \u2590\u2588\u258c\u2588\r\n\u2588 \u2590\u2588\u258c               \u2590\u2588\u258c \u2588\r\n\u2588  \u2590\u2588\u258c             \u2590\u2588\u258c  \u2588\r\n\u2588   \u2590\u2588\u258c           \u2590\u2588\u258c   \u2588\r\n\u2588    \u2590\u2588\u258c         \u2590\u2588\u258c    \u2588\r\n\u2588     \u2590\u2588\u258c       \u2590\u2588\u258c     \u2588\r\n\u2588      \u2590\u2588\u258c     \u2590\u2588\u258c      \u2588\r\n\u2580\u2588\u2588\u2588\u2588\u2588\u2588\u2588\u2588\u2588\u2588\u2588\u2588\u2588\u2588\u2588\u2588\u2588\u2588\u2588\u2588\u2588\u2588\u2588\u2580\r\n  \u2580\u2588\u2584   \u2590\u2588\u258c   \u2590\u2588\u258c   \u2584\u2588\u2580\r\n    \u2580\u2588\u2584  \u2590\u2588\u258c \u2590\u2588\u258c  \u2584\u2588\u2580\r\n      \u2580\u2588\u2584 \u2590\u2588 \u2588\u258c \u2584\u2588\u2580\r\n        \u2580\u2588\u2584\u2590\u2588\u258c\u2584\u2588\u2580\r\n          \u2580\u2588\u2588\u2588\u2580[/color][/size][/tt][/url][/td]\r\n\r\n[td][url=https://volentix.com/][font=arial][b][size=16pt][color=black]VOLENTIX[/color][/size]\r\n[size=8pt][color=#232c3b]Decentralized[/color] [color=#f25a4a]Change[/color][/size][/b][/font][/url][/td][td][/td]\r\n\r\n[td][center][font=arial][b][size=8pt][url=http://][color=#232c3b]ANN[/color][/url]\r\n[url=https://twitter.com/VolentixDAO/][color=#232c3b]TWITTER[/color][/url]\r\n[url=][color=#232c3b]TELEGRAM[/color][/url][/size][/b][/font][/center][/td][td][/td]\r\n\r\n[td][center][tt][size=2px]\r\n\r\n\r\n\u2584\u2584\u2588\u2588\u2588\u2588\u2588\u2588\u2588\u2588\u2588\u2588\u2588\u2584\u2584\r\n\u2584\u2588\u2580\u2580           \u2580\u2580\u2588\u2584\r\n\u2584\u2588    \u2588       \u2588    \u2588\u2584\r\n\u2588\u258c    \u2588\u2588     \u2588\u2588    \u2590\u2588\r\n\u2588\u258c    \u2588 \u2588   \u2588 \u2588    \u2590\u2588\r\n\u2588\u258c    \u2588  \u2588 \u2588  \u2588    \u2590\u2588\r\n\u2588\u258c    \u2580\u2588\u2580\u2580\u2588\u2580\u2580\u2588\u2580    \u2590\u2588\r\n\u2580\u2588      \u2580\u2588\u2588\u2588\u2580      \u2588\u2580\r\n\u2580\u2588\u2584\u2584           \u2584\u2584\u2588\u2580\r\n\u2580\u2580\u2588\u2588\u2588\u2588\u2588\u2588\u2588\u2588\u2588\u2588\u2588\u2580\u2580[/size][/tt][/center][/td]\r\n\r\n[td][size=5px][color=transparent].[/color][/size]\r\n[font=arial][b][size=13px][color=#e22b2b]BETA TESTER[/color][/size]\r\n[size=8px]Designed by Zpectrum[/size][/b][/font][/td][td][/td][td][/td]\r\n\r\n[td][size=2pt][color=#ec6d5a]\r\n\u2588\u2588\r\n\u2588\u2588\r\n\u2588\u2588\r\n\u2588\u2588\r\n\u2588\u2588\r\n\u2588\u2588\r\n\u2588\u2588\r\n\u2588\u2588\r\n\u2588\u2588\r\n\u2588\u2588[/color][/size][/td][td][/td][td][/td]\r\n\r\n[td][center][url=http://volentix.com/][font=arial][b][size=16pt][color=black]\u25ac \u2022 VDEX \u2022 \u25ac[/color][/size]\r\n[size=8pt][glow=#232c3b,2,300][color=white][color=transparent]...[/color]Decentralized Exchange[color=transparent]...[/color][/color][/glow][/size][/b][/font][/url][/center][/td][td][/td]\r\n\r\n[td][tt][size=2px][color=#232c3b]       \u2584\u2588\u2588\u2584\r\n     \u2584\u2590\u2588\u2588\u2588\u2588\u258c\u2584\u2584\u2584 \u2584\u2588\u2588\u2584\r\n \u2584\u2584 \u2580  \u2580\u2588\u2588\u2580    \u2590\u2588\u2588\u2588\u2588\u258c\r\n\u2590\u2588\u2588\u258c     \u2580\u2584\u2584  \u2588 \u2580\u2588\u2588\u2580\u2580\u2584\r\n\u2584\u2580\u2580 \u2584    \u2588\u2588\u2588\u2588   \u2584 \u2584  \u2584\u2588\u2584\r\n\u2588    \u2580\u2584\u2584\u2580 \u2580\u2580\u2584  \u2580   \u2588 \u2580\u2588\u2580\r\n \u2584 \u2584\u2584\u2580\u2588\u2588    \u2584\u2588\u2588\u2588\u2584 \u2584\u2580\u2584  \u258c\r\n\u2588\u2588\u2588       \u2584\u2590\u2588\u2588\u2588\u2588\u2588\u258c  \u2584\u2588\u2588\u2584\r\n \u2580 \u2584 \u2584  \u2584\u2580  \u2580\u2588\u2588\u2588\u2580  \u2590\u2588\u2588\u2588\u2588\u258c\r\n    \u2588\u2588\u2588    \u2584\u2580   \u2580\u2584  \u2580\u2588\u2588\u2580\r\n     \u2580\u2580\u2584\u2588\u2588\u2588\u2584     \u2584\u2588\u2588\u2584\u2580\r\n      \u2588\u2588\u2588\u2588\u2588\u2588\u2588   \u2590\u2588\u2588\u2588\u2588\u258c\r\n     \u2590\u2588\u2588\u2588\u2588\u2588\u2588\u2588\u258c\u2584\u2580 \u2580\u2588\u2588\u2580\r\n      \u2588\u2588\u2588\u2588\u2588\u2588\u2588\r\n       \u2580\u2588\u2588\u2588\u2580[/color][/size][/tt][/td]\r\n\r\n[td][center][font=arial][b][size=16pt]VCHAIN[/size]\r\n[size=8pt]\u25ac\u25ac\u25ac\u25ac\u25ac\u25ac\u25ac\u25ac[/size][/b][/font][/center][/td][/tr][/table][/center]", "expected_links": "http://volentix.com/\r\nhttps://twitter.com/VolentixDAO/", "test_signature": "Aspire to inspire before we expire", "image": "uploads/sig_a89e9efd-9a5c-4d00-806b-a141027c19e9.png", "active": true, "date_added": "2018-06-14T12:12:19Z", "user_ranks": [7, 8]}}, {"model": "venue.signature", "pk": 7, "fields": {"name": "Hero/Legendary Member Design 3", "forum_site": 1, "code": "[center][table][tr][td][table][tr][td][url=http://volentix.com/][tt][size=2px][color=black]\u2588\u258c                     \u2590\u2588\r\n\u2588\u2588\u258c                   \u2590\u2588\u2588\r\n\u2588\u2590\u2588\u258c                 \u2590\u2588\u258c\u2588\r\n\u2588 \u2590\u2588\u258c               \u2590\u2588\u258c \u2588\r\n\u2588  \u2590\u2588\u258c             \u2590\u2588\u258c  \u2588\r\n\u2588   \u2590\u2588\u258c           \u2590\u2588\u258c   \u2588\r\n\u2588    \u2590\u2588\u258c         \u2590\u2588\u258c    \u2588\r\n\u2588     \u2590\u2588\u258c       \u2590\u2588\u258c     \u2588\r\n\u2588      \u2590\u2588\u258c     \u2590\u2588\u258c      \u2588\r\n\u2580\u2588\u2588\u2588\u2588\u2588\u2588\u2588\u2588\u2588\u2588\u2588\u2588\u2588\u2588\u2588\u2588\u2588\u2588\u2588\u2588\u2588\u2588\u2588\u2580\r\n  \u2580\u2588\u2584   \u2590\u2588\u258c   \u2590\u2588\u258c   \u2584\u2588\u2580\r\n    \u2580\u2588\u2584  \u2590\u2588\u258c \u2590\u2588\u258c  \u2584\u2588\u2580\r\n      \u2580\u2588\u2584 \u2590\u2588 \u2588\u258c \u2584\u2588\u2580\r\n        \u2580\u2588\u2584\u2590\u2588\u258c\u2584\u2588\u2580\r\n          \u2580\u2588\u2588\u2588\u2580[/color][/size][/tt][/url][/td]\r\n\r\n[td][url=http://volentix.com/][font=arial][size=4pt][color=transparent].[/color][/size]\r\n[size=16pt][color=black]VOLENTIX[/color][/size][/font][/url][/td][td][/td][td][/td]\r\n\r\n[td][center][font=arial][b][size=16pt][url=http://volentix.com/][glow=#232c3b,2,300][color=transparent]...[/color][color=white]Decentralized[/color] [color=#f25a4a]Change[/color][color=transparent]...[/color][/glow][/url][/size]\r\n[size=8pt][color=#f25a4a]\u25ac\u25ac\u25ac\u25ac\u25ac\u25ac\u25ac\u25ac\u25ac\u25ac\u25ac\u25ac\u25ac\u25ac\u25ac\u25ac\u25ac\u25ac\u25ac\u25ac\u25ac[/color]  [url=http://][color=black]ANN[/color][/url][/size][/b][/font][/center][/td][td][/td][td][/td]\r\n\r\n[td][size=6px][color=transparent].[/color][/size]\r\n[url=https://twitter.com/VolentixDAO/][tt][size=2px][color=#00aced]                \u2584\u2588\u2588\u2588\u2588\u2588\u2584\u2584    \r\n\u2588\u2584             \u2588\u2588\u2588\u2588\u2588\u2588\u2588\u2588\u2588\u2588\u2588\u2588\u2580 \r\n\u2588\u2588\u2588\u2588\u2584         \u2588\u2588\u2588\u2588\u2588\u2588\u2588\u2588\u2588\u2588\u2588\u2588\u2588\u2580 \r\n\u2580\u2588\u2588\u2588\u2588\u2588\u2588\u2588\u2588\u2584\u2584   \u2588\u2588\u2588\u2588\u2588\u2588\u2588\u2588\u2588\u2588\u2588\u2588\r\n\u2584\u2584\u2588\u2588\u2588\u2588\u2588\u2588\u2588\u2588\u2588\u2588\u2588\u2588\u2588\u2588\u2588\u2588\u2588\u2588\u2588\u2588\u2588\u2588\u2588\u2588\r\n \u2588\u2588\u2588\u2588\u2588\u2588\u2588\u2588\u2588\u2588\u2588\u2588\u2588\u2588\u2588\u2588\u2588\u2588\u2588\u2588\u2588\u2588\u2588\u2588\u2588\r\n \u2580\u2588\u2588\u2588\u2588\u2588\u2588\u2588\u2588\u2588\u2588\u2588\u2588\u2588\u2588\u2588\u2588\u2588\u2588\u2588\u2588\u2588\u2588\u2588 \r\n   \u2588\u2588\u2588\u2588\u2588\u2588\u2588\u2588\u2588\u2588\u2588\u2588\u2588\u2588\u2588\u2588\u2588\u2588\u2588\u2588\u2588 \r\n    \u2580\u2588\u2588\u2588\u2588\u2588\u2588\u2588\u2588\u2588\u2588\u2588\u2588\u2588\u2588\u2588\u2588\u2588\u2580\r\n      \u2584\u2588\u2588\u2588\u2588\u2588\u2588\u2588\u2588\u2588\u2588\u2588\u2588\u2588\u2580\r\n\u2584\u2584\u2588\u2588\u2588\u2588\u2588\u2588\u2588\u2588\u2588\u2588\u2588\u2588\u2588\u2588\u2588\u2580 \r\n   \u2580\u2580\u2580\u2580\u2580\u2580\u2580\u2580\u2580\u2580\u2580[/color][/size][/tt][/url][/td][td][/td]\r\n\r\n[td][size=6px][color=transparent].[/color][/size]\r\n[url=][tt][size=2px][color=#2ca5e0]                      \u2584\u2584\u2588\u2588\u2588\u2588\r\n                \u2584\u2584\u2584\u2588\u2588\u2588\u2588\u2588\u2588\u2588\u2588\u258c\r\n          \u2584\u2584\u2584\u2588\u2588\u2588\u2588\u2588\u2588\u2588\u2580\u2584\u2588\u2588\u2588\u2588\u2588\r\n     \u2584\u2584\u2588\u2588\u2588\u2588\u2588\u2588\u2588\u2588\u2588\u2580\u2580 \u2584\u2588\u2588\u2588\u2588\u2588\u2588\u258c\r\n\u2584\u2584\u2588\u2588\u2588\u2588\u2588\u2588\u2588\u2588\u2588\u2588\u2588\u2580  \u2584\u2588\u2588\u2588\u2588\u2588\u2588\u2588\u2588\u2588\r\n \u2580\u2580\u2580\u2588\u2588\u2588\u2588\u2588\u2580    \u2584\u2588\u2588\u2588\u2588\u2588\u2588\u2588\u2588\u2588\u2588\u258c\r\n       \u2588\u2588   \u2588\u2588\u2588\u2588\u2588\u2588\u2588\u2588\u2588\u2588\u2588\u2588\u2588\r\n        \u2588\u2584 \u2588\u2588\u2588\u2588\u2588\u2588\u2588\u2588\u2588\u2588\u2588\u2588\u2588\u258c\r\n        \u2590\u2588\u2584\u2588\u2588\u2588\u2580\u2580\u2588\u2588\u2588\u2588\u2588\u2588\u2588\u2588\r\n         \u2588\u2588\u2588\u2580    \u2580\u2580\u2588\u2588\u2588\u2588\u258c\r\n                    \u2580\u2580\u2588[/color][/size][/tt][/url][/td][td][/td][td][/td]\r\n\r\n[td][size=2pt][color=#ec6d5a]\r\n\u2588\r\n\u2588\r\n\u2588\r\n\u2588\r\n\u2588\r\n\u2588\r\n\u2588\r\n\u2588\r\n\u2588\r\n\u2588[/color][/size][/td][td][/td][td][/td]\r\n\r\n[td][center][url=http://volentix.com/][font=arial][b][size=8pt][color=#232c3b]Analytical Engine \u2022 VESPUCCI   |   VCHAIN \u2022 Blockchain Technology\r\n[glow=#f25a4a,2,300][color=white][color=transparent]....[/color]\u25ac\u25ac\u25ac\u25ac\u25ac\u25ac\u25ac\u25ac\u25ac  3rd Party DAPP Platform  \u25ac\u25ac\u25ac\u25ac\u25ac\u25ac\u25ac\u25ac\u25ac[color=transparent]....[/color][/color][/glow]\r\nSocial Rewards Platform \u2022 VENUE   |   VDEX \u2022 Decentralized Exchange[/color][/size][/b][/font][/url][/center][/td][td][/td][td][/td]\r\n\r\n[td][size=2pt][color=#ec6d5a]\r\n\u2588\r\n\u2588\r\n\u2588\r\n\u2588\r\n\u2588\r\n\u2588\r\n\u2588\r\n\u2588\r\n\u2588\r\n\u2588[/color][/size][/td][td][/td][td][/td]\r\n\r\n[td][center][tt][size=2px][url=https://bitcointalk.org/index.php?topic=2221211][/url]\r\n\r\n\r\n\u2584\u2584\u2588\u2588\u2588\u2588\u2588\u2588\u2588\u2588\u2588\u2588\u2588\u2584\u2584\r\n\u2584\u2588\u2580\u2580           \u2580\u2580\u2588\u2584\r\n\u2584\u2588    \u2588       \u2588    \u2588\u2584\r\n\u2588\u258c    \u2588\u2588     \u2588\u2588    \u2590\u2588\r\n\u2588\u258c    \u2588 \u2588   \u2588 \u2588    \u2590\u2588\r\n\u2588\u258c    \u2588  \u2588 \u2588  \u2588    \u2590\u2588\r\n\u2588\u258c    \u2580\u2588\u2580\u2580\u2588\u2580\u2580\u2588\u2580    \u2590\u2588\r\n\u2580\u2588      \u2580\u2588\u2588\u2588\u2580      \u2588\u2580\r\n\u2580\u2588\u2584\u2584           \u2584\u2584\u2588\u2580\r\n\u2580\u2580\u2588\u2588\u2588\u2588\u2588\u2588\u2588\u2588\u2588\u2588\u2588\u2580\u2580[/size][/tt][/center][/td]\r\n\r\n[td][size=5px][color=transparent].[/color][/size]\r\n[font=arial][b][size=13px][color=#e22b2b]BETA TESTER[/color][/size]\r\n[size=8px]Designed by Zpectrum[/size][/b][/font][/td][/tr][/table][/center]", "expected_links": "http://volentix.com/\r\nhttps://twitter.com/VolentixDAO/\r\nhttps://bitcointalk.org/index.php?topic=2221211", "test_signature": "Everything you can imagine is real", "image": "uploads/sig_8e5abcf7-5062-4603-baba-99a932276f14.png", "active": true, "date_added": "2018-06-14T12:13:58Z", "user_ranks": [7, 8]}}, {"model": "venue.signature", "pk": 8, "fields": {"name": "Hero/Legendary Member Design 4", "forum_site": 1, "code": "[center][table][tr][td][table][tr][td][url=http://volentix.com/][tt][size=2px][color=black]\u2588\u258c                     \u2590\u2588\r\n\u2588\u2588\u258c                   \u2590\u2588\u2588\r\n\u2588\u2590\u2588\u258c                 \u2590\u2588\u258c\u2588\r\n\u2588 \u2590\u2588\u258c               \u2590\u2588\u258c \u2588\r\n\u2588  \u2590\u2588\u258c             \u2590\u2588\u258c  \u2588\r\n\u2588   \u2590\u2588\u258c           \u2590\u2588\u258c   \u2588\r\n\u2588    \u2590\u2588\u258c         \u2590\u2588\u258c    \u2588\r\n\u2588     \u2590\u2588\u258c       \u2590\u2588\u258c     \u2588\r\n\u2588      \u2590\u2588\u258c     \u2590\u2588\u258c      \u2588\r\n\u2580\u2588\u2588\u2588\u2588\u2588\u2588\u2588\u2588\u2588\u2588\u2588\u2588\u2588\u2588\u2588\u2588\u2588\u2588\u2588\u2588\u2588\u2588\u2588\u2580\r\n  \u2580\u2588\u2584   \u2590\u2588\u258c   \u2590\u2588\u258c   \u2584\u2588\u2580\r\n    \u2580\u2588\u2584  \u2590\u2588\u258c \u2590\u2588\u258c  \u2584\u2588\u2580\r\n      \u2580\u2588\u2584 \u2590\u2588 \u2588\u258c \u2584\u2588\u2580\r\n        \u2580\u2588\u2584\u2590\u2588\u258c\u2584\u2588\u2580\r\n          \u2580\u2588\u2588\u2588\u2580[/color][/size][/tt][/url][/td]\r\n\r\n[td][url=http://volentix.com/][font=arial][size=4pt][color=transparent].[/color][/size]\r\n[size=16pt][color=black]VOLENTIX[/color][/size][/font][/url][/td][td][/td][td][/td]\r\n\r\n[td][center][font=arial][b][size=16pt][url=http://volentix.com/][glow=#232c3b,2,300][color=transparent]...[/color][color=white]Decentralized[/color] [color=#f25a4a]Change[/color][color=transparent]...[/color][/glow][/url][/size]\r\n[size=8pt][color=#f25a4a]\u25ac\u25ac\u25ac\u25ac\u25ac\u25ac\u25ac\u25ac\u25ac\u25ac\u25ac\u25ac\u25ac\u25ac\u25ac\u25ac\u25ac\u25ac\u25ac\u25ac\u25ac[/color]  [url=http://][color=black]ANN[/color][/url][/size][/b][/font][/center][/td][td][/td][td][/td]\r\n\r\n[td][size=6px][color=transparent].[/color][/size]\r\n[url=https://twitter.com/VolentixDAO/][tt][size=2px][color=#232c3b]                \u2584\u2588\u2588\u2588\u2588\u2588\u2584\u2584    \r\n\u2588\u2584             \u2588\u2588\u2588\u2588\u2588\u2588\u2588\u2588\u2588\u2588\u2588\u2588\u2580 \r\n\u2588\u2588\u2588\u2588\u2584         \u2588\u2588\u2588\u2588\u2588\u2588\u2588\u2588\u2588\u2588\u2588\u2588\u2588\u2580 \r\n\u2580\u2588\u2588\u2588\u2588\u2588\u2588\u2588\u2588\u2584\u2584   \u2588\u2588\u2588\u2588\u2588\u2588\u2588\u2588\u2588\u2588\u2588\u2588\r\n\u2584\u2584\u2588\u2588\u2588\u2588\u2588\u2588\u2588\u2588\u2588\u2588\u2588\u2588\u2588\u2588\u2588\u2588\u2588\u2588\u2588\u2588\u2588\u2588\u2588\u2588\r\n \u2588\u2588\u2588\u2588\u2588\u2588\u2588\u2588\u2588\u2588\u2588\u2588\u2588\u2588\u2588\u2588\u2588\u2588\u2588\u2588\u2588\u2588\u2588\u2588\u2588\r\n \u2580\u2588\u2588\u2588\u2588\u2588\u2588\u2588\u2588\u2588\u2588\u2588\u2588\u2588\u2588\u2588\u2588\u2588\u2588\u2588\u2588\u2588\u2588\u2588 \r\n   \u2588\u2588\u2588\u2588\u2588\u2588\u2588\u2588\u2588\u2588\u2588\u2588\u2588\u2588\u2588\u2588\u2588\u2588\u2588\u2588\u2588 \r\n    \u2580\u2588\u2588\u2588\u2588\u2588\u2588\u2588\u2588\u2588\u2588\u2588\u2588\u2588\u2588\u2588\u2588\u2588\u2580\r\n      \u2584\u2588\u2588\u2588\u2588\u2588\u2588\u2588\u2588\u2588\u2588\u2588\u2588\u2588\u2580\r\n\u2584\u2584\u2588\u2588\u2588\u2588\u2588\u2588\u2588\u2588\u2588\u2588\u2588\u2588\u2588\u2588\u2588\u2580 \r\n   \u2580\u2580\u2580\u2580\u2580\u2580\u2580\u2580\u2580\u2580\u2580[/color][/size][/tt][/url][/td][td][/td]\r\n\r\n[td][size=6px][color=transparent].[/color][/size]\r\n[url=][tt][size=2px][color=#232c3b]                      \u2584\u2584\u2588\u2588\u2588\u2588\r\n                \u2584\u2584\u2584\u2588\u2588\u2588\u2588\u2588\u2588\u2588\u2588\u258c\r\n          \u2584\u2584\u2584\u2588\u2588\u2588\u2588\u2588\u2588\u2588\u2580\u2584\u2588\u2588\u2588\u2588\u2588\r\n     \u2584\u2584\u2588\u2588\u2588\u2588\u2588\u2588\u2588\u2588\u2588\u2580\u2580 \u2584\u2588\u2588\u2588\u2588\u2588\u2588\u258c\r\n\u2584\u2584\u2588\u2588\u2588\u2588\u2588\u2588\u2588\u2588\u2588\u2588\u2588\u2580  \u2584\u2588\u2588\u2588\u2588\u2588\u2588\u2588\u2588\u2588\r\n \u2580\u2580\u2580\u2588\u2588\u2588\u2588\u2588\u2580    \u2584\u2588\u2588\u2588\u2588\u2588\u2588\u2588\u2588\u2588\u2588\u258c\r\n       \u2588\u2588   \u2588\u2588\u2588\u2588\u2588\u2588\u2588\u2588\u2588\u2588\u2588\u2588\u2588\r\n        \u2588\u2584 \u2588\u2588\u2588\u2588\u2588\u2588\u2588\u2588\u2588\u2588\u2588\u2588\u2588\u258c\r\n        \u2590\u2588\u2584\u2588\u2588\u2588\u2580\u2580\u2588\u2588\u2588\u2588\u2588\u2588\u2588\u2588\r\n         \u2588\u2588\u2588\u2580    \u2580\u2580\u2588\u2588\u2588\u2588\u258c\r\n                    \u2580\u2580\u2588[/color][/size][/tt][/url][/td][td][/td][td][/td]\r\n\r\n[td][size=2pt][color=#ec6d5a]\r\n\u2588\r\n\u2588\r\n\u2588\r\n\u2588\r\n\u2588\r\n\u2588\r\n\u2588\r\n\u2588\r\n\u2588\r\n\u2588[/color][/size][/td][td][/td][td][/td]\r\n\r\n[td][center][font=arial][b][size=8pt][color=#232c3b]Analytical Engine \u2022 VESPUCCI   |   VCHAIN \u2022 Blockchain Technology\r\n[glow=#f25a4a,2,300][color=white][color=transparent]....[/color]\u25ac\u25ac\u25ac\u25ac\u25ac\u25ac\u25ac\u25ac\u25ac  3rd Party DAPP Platform  \u25ac\u25ac\u25ac\u25ac\u25ac\u25ac\u25ac\u25ac\u25ac[color=transparent]....[/color][/color][/glow]\r\nSocial Rewards Platform \u2022 VENUE   |   VDEX \u2022 Decentralized Exchange[/color][/size][/b][/font][/center][/td][td][/td][td][/td]\r\n\r\n[td][size=2pt][color=#ec6d5a]\r\n\u2588\r\n\u2588\r\n\u2588\r\n\u2588\r\n\u2588\r\n\u2588\r\n\u2588\r\n\u2588\r\n\u2588\r\n\u2588[/color][/size][/td][td][/td][td][/td]\r\n\r\n[td][center][tt][size=2px]\r\n\r\n\r\n\u2584\u2584\u2588\u2588\u2588\u2588\u2588\u2588\u2588\u2588\u2588\u2588\u2588\u2584\u2584\r\n\u2584\u2588\u2580\u2580           \u2580\u2580\u2588\u2584\r\n\u2584\u2588    \u2588       \u2588    \u2588\u2584\r\n\u2588\u258c    \u2588\u2588     \u2588\u2588    \u2590\u2588\r\n\u2588\u258c    \u2588 \u2588   \u2588 \u2588    \u2590\u2588\r\n\u2588\u258c    \u2588  \u2588 \u2588  \u2588    \u2590\u2588\r\n\u2588\u258c    \u2580\u2588\u2580\u2580\u2588\u2580\u2580\u2588\u2580    \u2590\u2588\r\n\u2580\u2588      \u2580\u2588\u2588\u2588\u2580      \u2588\u2580\r\n\u2580\u2588\u2584\u2584           \u2584\u2584\u2588\u2580\r\n\u2580\u2580\u2588\u2588\u2588\u2588\u2588\u2588\u2588\u2588\u2588\u2588\u2588\u2580\u2580[/size][/tt][/center][/td]\r\n\r\n[td][size=5px][color=transparent].[/color][/size]\r\n[font=arial][b][size=13px][color=#e22b2b]BETA TESTER[/color][/size]\r\n[size=8px]Designed by Zpectrum[/size][/b][/font][/td][/tr][/table][/center]", "expected_links": "http://volentix.com/\r\nhttps://twitter.com/VolentixDAO/", "test_signature": "Simplicity is the ultimate sophistication", "image": "uploads/sig_d51edbec-9989-45c0-8218-52772ab73ae4.png", "active": true, "date_added": "2018-06-14T12:15:40Z", "user_ranks": [7, 8]}}, {"model": "venue.signature", "pk": 9, "fields": {"name": "Full Member Design 1", "forum_site": 1, "code": "[center][font=arial][b][size=8pt][url=http://volentix.com/][color=black][u]     V O L E N T I X[/u][/color][/url]   [color=#f25a4a]\u2588[/color]   [url=http://volentix.com/][color=#232c3b]Decentralized[/color] [color=#f25a4a]Change[/color][/url]   [color=#f25a4a]\u2588[/color]   [url=http://volentix.com/][color=#232c3b]3rd Party DAPP Platform[/color][/url]\r\n[url=http://volentix.com/][color=black]\u25ac \u2022  VENUE  \u2022 \u25ac[/color]  [color=#232c3b]Social Rewards Platform[/color][/url]   [color=#f25a4a]\u2588[/color]   [url=][color=#232c3b]ANN[/color][/url]   [url=https://twitter.com/VolentixDAO/][color=#232c3b]TWITTER[/color][/url]   [url=][color=#232c3b]TELEGRAM[/color][/url]   [color=#f25a4a]\u2588[/color]   [url=http://volentix.com/][color=black]\u25ac \u2022 VDEX \u2022 \u25ac[/color]  [color=#232c3b]Decentralized Exchange[/color][/url]\r\n\u25ac\u25ac\u25ac\u25ac\u25ac\u25ac\u25ac\u25ac\u25ac\u25ac\u25ac\u25ac\u25ac\u25ac\u25ac\u25ac\u25ac\u25ac    ( V ) [color=#e22b2b]BETA TESTER[/color]  |  Designed by Zpectrum    \u25ac\u25ac\u25ac\u25ac\u25ac\u25ac\u25ac\u25ac\u25ac\u25ac\u25ac\u25ac\u25ac\u25ac\u25ac\u25ac\u25ac\u25ac[/size][/b][/font][/center]", "expected_links": "http://volentix.com/\r\nhttps://twitter.com/VolentixDAO/", "test_signature": "Whatever you do, do it well", "image": "uploads/sig_deabaa53-8472-48e3-8746-410ea7352fae.png", "active": true, "date_added": "2018-06-14T12:16:40Z", "user_ranks": [5]}}, {"model": "venue.signature", "pk": 10, "fields": {"name": "Full Member Design 2", "forum_site": 1, "code": "[center][font=arial][b][size=8pt][color=#ec6d5a]\u25ac\u25ac\u25ac\u25ac\u25ac\u25ac\u25ac\u25ac\u25ac\u25ac\u25ac\u25ac\u25ac\u25ac\u25ac\u25ac\u25ac\u25ac\u25ac\u25ac\u25ac\u25ac\u25ac\u25ac\u25ac\u25ac\u25ac\u25ac\u25ac\u25ac\u25ac\u25ac\u25ac\u25ac\u25ac\u25ac\u25ac\u25ac\u25ac\u25ac\u25ac\u25ac\u25ac\u25ac\u25ac\u25ac\u25ac\u25ac\u25ac\u25ac\u25ac\u25ac\u25ac\u25ac\u25ac\u25ac\u25ac\u25ac\u25ac\u25ac\u25ac\u25ac\u25ac\u25ac\u25ac\u25ac\u25ac\u25ac\u25ac\u25ac\u25ac\u25ac\u25ac\u25ac\u25ac\u25ac\u25ac\u25ac[/color]\r\n[url=https://volentix.com/][color=black]VESPUCCI |[/color] [color=#232c3b]Analytical Engine[/color]  [color=black]\u25ba[/color]  [color=black]VENUE |[/color] [color=#232c3b]Social Rewards Platform[/color]     [color=#232c3b]\u258c[/color]    [color=black]VOLENTIX[/color]  |  [color=#232c3b]Decentralized[/color] [color=#f25a4a]Change[/color]    [color=#232c3b]\u2590[/color]     [color=black]VDEX |[/color] [color=#232c3b]Decentralized Exchange[/color]  [color=black]\u25c4[/color]  [color=black][u]VCHAIN    [/u][/color][/url]\r\n[color=#ec6d5a]\u25ac\u25ac\u25ac\u25ac\u25ac\u25ac\u25ac\u25ac\u25ac\u25ac\u25ac\u25ac\u25ac\u25ac\u25ac\u25ac\u25ac\u25ac\u25ac\u25ac\u25ac\u25ac\u25ac  [color=#232c3b]|  [url=http://][color=#232c3b]ANN[/color][/url]  \u2022  [url=https://twitter.com/VolentixDAO/][color=#232c3b]TWITTER[/color][/url]  \u2022  [url=][color=#232c3b]TELEGRAM[/color][/url]   \u2588   [color=#232c3b]( V ) [color=#e22b2b]BETA TESTER[/color]  \u2022[/color]  [color=#232c3b]Designed by Zpectrum[/color]  |  [/color]  \u25ac\u25ac\u25ac\u25ac\u25ac\u25ac\u25ac\u25ac\u25ac\u25ac\u25ac\u25ac\u25ac\u25ac\u25ac[/color][/size][/b][/font][/center]", "expected_links": "https://volentix.com/\r\nhttps://twitter.com/VolentixDAO/", "test_signature": "What we think, we become", "image": "uploads/sig_5f8e0793-63f0-444f-82d0-dd8bf3113ec2.png", "active": true, "date_added": "2018-06-14T12:18:23Z", "user_ranks": [5]}}, {"model": "venue.signature", "pk": 11, "fields": {"name": "Full Member Design 3", "forum_site": 1, "code": "[center][font=arial][b][size=8pt][url=http://volentix.com/][color=black][u]          V O L E N T I X[/u][/color][/url]  [color=#232c3b]\u2588[/color]  [url=http://volentix.com/][color=#232c3b]Decentralized[/color] [color=#f25a4a]Change[/color][/url]  [color=#232c3b]\u2588[/color]  ( V ) [color=#e22b2b]BETA TESTER[/color]  \u2605  Designed by Zpectrum\r\n[color=#f25a4a]\u258c\u258c  [url=http://volentix.com/][color=black]3rd Party DAPP Platform[/color][/url]   \u258c\u258c  \u25ac\u25ac\u25ac\u25ac  [url=http://][color=black]ANN[/color][/url]  [url=https://twitter.com/VolentixDAO/][color=#00aced]Twitter[/color][/url]  [url=][color=#2ca5e0]Telegram[/color][/url]  \u25ac\u25ac\u25ac\u25ac[/color]\r\n[color=#f25a4a]\u258c\u258c[/color]  [url=http://volentix.com/][color=black]Analytical Engine \u2022 VESPUCCI[/color]   [color=#f25a4a]|[/color]   [color=black]VCHAIN \u2022 Blockchain Technology[/color]  [color=#f25a4a]|[/color]  [color=black]Social Rewards Platform \u2022 VENUE[/color]   [color=#f25a4a]|[/color]   [color=black]VDEX \u2022 Decentralized Exchange[/color][/url]   [color=#f25a4a]\u258c\u258c[/color][/size][/b][/font][/center]", "expected_links": "http://volentix.com/\r\nhttps://twitter.com/VolentixDAO/", "test_signature": "All limitations are self-imposed", "image": "uploads/sig_2a615f06-e124-4727-aa3e-64672d6d9617.png", "active": true, "date_added": "2018-06-14T12:19:53Z", "user_ranks": [5]}}, {"model": "venue.language", "pk": 1, "fields": {"name": "English", "code": "en", "active": true}}, {"model": "venue.language", "pk": 3, "fields": {"name": "Japanese", "code": "ja", "active": true}}, {"model": "venue.language", "pk": 4, "fields": {"name": "Filipino", "code": "tl", "active": true}}, {"model": "venue.ranking", "pk": 1, "fields": {"user_profile": 1, "rank": 1, "timestamp": "2018-06-01T03:36:20.790Z"}}, {"model": "venue.ranking", "pk": 34, "fields": {"user_profile": 1, "rank": 1, "timestamp": "2018-06-01T03:38:01.384Z"}}, {"model": "venue.ranking", "pk": 35, "fields": {"user_profile": 1, "rank": 1, "timestamp": "2018-06-01T03:42:58.794Z"}}, {"model": "venue.ranking", "pk": 36, "fields": {"user_profile": 1, "rank": 1, "timestamp": "2018-06-01T03:47:58.978Z"}}, {"model": "venue.ranking", "pk": 37, "fields": {"user_profile": 1, "rank": 1, "timestamp": "2018-06-01T03:52:59.895Z"}}, {"model": "venue.ranking", "pk": 38, "fields": {"user_profile": 1, "rank": 1, "timestamp": "2018-06-01T03:57:59.202Z"}}, {"model": "venue.ranking", "pk": 39, "fields": {"user_profile": 1, "rank": 1, "timestamp": "2018-06-01T04:02:59.398Z"}}, {"model": "venue.ranking", "pk": 40, "fields": {"user_profile": 1, "rank": 1, "timestamp": "2018-06-01T04:07:59.161Z"}}, {"model": "venue.ranking", "pk": 41, "fields": {"user_profile": 1, "rank": 1, "timestamp": "2018-06-01T04:12:59.306Z"}}, {"model": "venue.ranking", "pk": 42, "fields": {"user_profile": 1, "rank": 1, "timestamp": "2018-06-01T04:18:00.020Z"}}, {"model": "venue.ranking", "pk": 43, "fields": {"user_profile": 1, "rank": 1, "timestamp": "2018-06-01T04:22:59.470Z"}}, {"model": "venue.ranking", "pk": 44, "fields": {"user_profile": 1, "rank": 1, "timestamp": "2018-06-01T04:27:59.729Z"}}, {"model": "venue.ranking", "pk": 45, "fields": {"user_profile": 1, "rank": 1, "timestamp": "2018-06-01T04:33:00.100Z"}}, {"model": "venue.ranking", "pk": 46, "fields": {"user_profile": 1, "rank": 1, "timestamp": "2018-06-01T04:37:59.926Z"}}, {"model": "venue.ranking", "pk": 47, "fields": {"user_profile": 1, "rank": 1, "timestamp": "2018-06-01T04:43:00.113Z"}}, {"model": "venue.ranking", "pk": 48, "fields": {"user_profile": 1, "rank": 1, "timestamp": "2018-06-01T04:47:59.916Z"}}, {"model": "venue.ranking", "pk": 49, "fields": {"user_profile": 1, "rank": 1, "timestamp": "2018-06-01T04:53:00.471Z"}}, {"model": "venue.ranking", "pk": 50, "fields": {"user_profile": 1, "rank": 1, "timestamp": "2018-06-01T04:58:00.591Z"}}, {"model": "venue.ranking", "pk": 51, "fields": {"user_profile": 1, "rank": 1, "timestamp": "2018-06-01T05:03:00.678Z"}}, {"model": "venue.ranking", "pk": 52, "fields": {"user_profile": 1, "rank": 1, "timestamp": "2018-06-01T05:07:59.987Z"}}, {"model": "venue.ranking", "pk": 53, "fields": {"user_profile": 1, "rank": 1, "timestamp": "2018-06-01T05:13:00.628Z"}}, {"model": "venue.ranking", "pk": 54, "fields": {"user_profile": 1, "rank": 1, "timestamp": "2018-06-01T05:18:00.405Z"}}, {"model": "venue.ranking", "pk": 55, "fields": {"user_profile": 1, "rank": 1, "timestamp": "2018-06-01T05:59:27.306Z"}}, {"model": "venue.ranking", "pk": 56, "fields": {"user_profile": 1, "rank": 1, "timestamp": "2018-06-01T06:04:27.421Z"}}, {"model": "venue.ranking", "pk": 57, "fields": {"user_profile": 1, "rank": 1, "timestamp": "2018-06-01T06:09:27.258Z"}}, {"model": "venue.ranking", "pk": 58, "fields": {"user_profile": 1, "rank": 1, "timestamp": "2018-06-01T06:14:28.222Z"}}, {"model": "venue.ranking", "pk": 59, "fields": {"user_profile": 1, "rank": 1, "timestamp": "2018-06-01T06:19:32.407Z"}}, {"model": "venue.ranking", "pk": 60, "fields": {"user_profile": 1, "rank": 1, "timestamp": "2018-06-01T06:24:27.838Z"}}, {"model": "venue.ranking", "pk": 61, "fields": {"user_profile": 1, "rank": 1, "timestamp": "2018-06-01T06:29:28.630Z"}}, {"model": "venue.ranking", "pk": 62, "fields": {"user_profile": 1, "rank": 1, "timestamp": "2018-06-01T06:34:27.657Z"}}, {"model": "venue.ranking", "pk": 95, "fields": {"user_profile": 1, "rank": 1, "timestamp": "2018-06-01T06:59:14.922Z"}}, {"model": "venue.ranking", "pk": 96, "fields": {"user_profile": 1, "rank": 1, "timestamp": "2018-06-01T06:59:14.947Z"}}, {"model": "venue.ranking", "pk": 97, "fields": {"user_profile": 1, "rank": 1, "timestamp": "2018-06-01T07:01:46.993Z"}}, {"model": "venue.ranking", "pk": 98, "fields": {"user_profile": 1, "rank": 1, "timestamp": "2018-06-01T07:06:42.131Z"}}, {"model": "venue.ranking", "pk": 99, "fields": {"user_profile": 1, "rank": 1, "timestamp": "2018-06-01T07:11:42.262Z"}}, {"model": "venue.ranking", "pk": 100, "fields": {"user_profile": 1, "rank": 1, "timestamp": "2018-06-01T07:16:42.249Z"}}, {"model": "venue.ranking", "pk": 101, "fields": {"user_profile": 1, "rank": 1, "timestamp": "2018-06-01T07:21:43.192Z"}}, {"model": "venue.ranking", "pk": 102, "fields": {"user_profile": 1, "rank": 1, "timestamp": "2018-06-01T07:26:52.621Z"}}, {"model": "venue.ranking", "pk": 103, "fields": {"user_profile": 1, "rank": 1, "timestamp": "2018-06-01T07:54:00.968Z"}}, {"model": "venue.ranking", "pk": 104, "fields": {"user_profile": 1, "rank": 1, "timestamp": "2018-06-01T07:54:00.995Z"}}, {"model": "venue.ranking", "pk": 105, "fields": {"user_profile": 1, "rank": 1, "timestamp": "2018-06-01T07:58:59.994Z"}}, {"model": "venue.ranking", "pk": 106, "fields": {"user_profile": 1, "rank": 1, "timestamp": "2018-06-01T08:03:59.361Z"}}, {"model": "venue.ranking", "pk": 107, "fields": {"user_profile": 1, "rank": 1, "timestamp": "2018-06-01T08:08:59.554Z"}}, {"model": "venue.ranking", "pk": 108, "fields": {"user_profile": 1, "rank": 1, "timestamp": "2018-06-01T08:16:29.422Z"}}, {"model": "venue.ranking", "pk": 109, "fields": {"user_profile": 1, "rank": 1, "timestamp": "2018-06-01T08:21:28.283Z"}}, {"model": "venue.ranking", "pk": 110, "fields": {"user_profile": 1, "rank": 1, "timestamp": "2018-06-01T08:26:27.456Z"}}, {"model": "venue.ranking", "pk": 111, "fields": {"user_profile": 1, "rank": 1, "timestamp": "2018-06-01T08:29:00.172Z"}}, {"model": "venue.ranking", "pk": 112, "fields": {"user_profile": 1, "rank": 1, "timestamp": "2018-06-01T08:33:59.830Z"}}, {"model": "venue.ranking", "pk": 113, "fields": {"user_profile": 1, "rank": 1, "timestamp": "2018-06-01T08:38:59.699Z"}}, {"model": "venue.ranking", "pk": 114, "fields": {"user_profile": 1, "rank": 1, "timestamp": "2018-06-01T08:44:00.323Z"}}, {"model": "venue.ranking", "pk": 115, "fields": {"user_profile": 1, "rank": 1, "timestamp": "2018-06-01T08:48:59.825Z"}}, {"model": "venue.ranking", "pk": 116, "fields": {"user_profile": 1, "rank": 1, "timestamp": "2018-06-01T08:53:59.846Z"}}, {"model": "venue.ranking", "pk": 117, "fields": {"user_profile": 1, "rank": 1, "timestamp": "2018-06-01T08:59:00.246Z"}}, {"model": "venue.ranking", "pk": 118, "fields": {"user_profile": 1, "rank": 1, "timestamp": "2018-06-01T09:03:59.859Z"}}, {"model": "venue.ranking", "pk": 119, "fields": {"user_profile": 1, "rank": 1, "timestamp": "2018-06-01T09:09:05.606Z"}}, {"model": "venue.ranking", "pk": 120, "fields": {"user_profile": 1, "rank": 1, "timestamp": "2018-06-01T09:18:16.458Z"}}, {"model": "venue.ranking", "pk": 121, "fields": {"user_profile": 2, "rank": 2, "timestamp": "2018-06-01T09:18:16.463Z"}}, {"model": "venue.ranking", "pk": 122, "fields": {"user_profile": 1, "rank": 1, "timestamp": "2018-06-01T09:21:55.850Z"}}, {"model": "venue.ranking", "pk": 123, "fields": {"user_profile": 2, "rank": 2, "timestamp": "2018-06-01T09:21:55.853Z"}}, {"model": "venue.ranking", "pk": 124, "fields": {"user_profile": 1, "rank": 1, "timestamp": "2018-06-01T09:22:54.767Z"}}, {"model": "venue.ranking", "pk": 125, "fields": {"user_profile": 2, "rank": 2, "timestamp": "2018-06-01T09:22:54.769Z"}}, {"model": "venue.ranking", "pk": 126, "fields": {"user_profile": 1, "rank": 1, "timestamp": "2018-06-01T09:23:26.930Z"}}, {"model": "venue.ranking", "pk": 127, "fields": {"user_profile": 2, "rank": 2, "timestamp": "2018-06-01T09:23:26.933Z"}}, {"model": "venue.ranking", "pk": 128, "fields": {"user_profile": 1, "rank": 1, "timestamp": "2018-06-01T09:23:38.031Z"}}, {"model": "venue.ranking", "pk": 129, "fields": {"user_profile": 2, "rank": 2, "timestamp": "2018-06-01T09:23:38.036Z"}}, {"model": "venue.ranking", "pk": 130, "fields": {"user_profile": 1, "rank": 1, "timestamp": "2018-06-01T09:24:45.214Z"}}, {"model": "venue.ranking", "pk": 131, "fields": {"user_profile": 2, "rank": 2, "timestamp": "2018-06-01T09:24:45.217Z"}}, {"model": "venue.ranking", "pk": 132, "fields": {"user_profile": 1, "rank": 1, "timestamp": "2018-06-01T09:30:55.616Z"}}, {"model": "venue.ranking", "pk": 133, "fields": {"user_profile": 2, "rank": 2, "timestamp": "2018-06-01T09:30:55.620Z"}}, {"model": "venue.ranking", "pk": 134, "fields": {"user_profile": 1, "rank": 1, "timestamp": "2018-06-01T09:32:53.116Z"}}, {"model": "venue.ranking", "pk": 135, "fields": {"user_profile": 2, "rank": 2, "timestamp": "2018-06-01T09:32:53.119Z"}}, {"model": "venue.ranking", "pk": 136, "fields": {"user_profile": 1, "rank": 1, "timestamp": "2018-06-01T09:34:45.183Z"}}, {"model": "venue.ranking", "pk": 137, "fields": {"user_profile": 2, "rank": 2, "timestamp": "2018-06-01T09:34:45.185Z"}}, {"model": "venue.ranking", "pk": 138, "fields": {"user_profile": 1, "rank": 1, "timestamp": "2018-06-01T09:49:02.760Z"}}, {"model": "venue.ranking", "pk": 139, "fields": {"user_profile": 2, "rank": 2, "timestamp": "2018-06-01T09:49:02.763Z"}}, {"model": "venue.ranking", "pk": 140, "fields": {"user_profile": 1, "rank": 1, "timestamp": "2018-06-01T09:49:35.586Z"}}, {"model": "venue.ranking", "pk": 141, "fields": {"user_profile": 2, "rank": 2, "timestamp": "2018-06-01T09:49:35.589Z"}}, {"model": "venue.ranking", "pk": 142, "fields": {"user_profile": 1, "rank": 1, "timestamp": "2018-06-11T14:34:42.786Z"}}, {"model": "venue.ranking", "pk": 143, "fields": {"user_profile": 2, "rank": 2, "timestamp": "2018-06-11T14:34:42.788Z"}}, {"model": "venue.ranking", "pk": 144, "fields": {"user_profile": 1, "rank": 1, "timestamp": "2018-06-11T15:22:18.696Z"}}, {"model": "venue.ranking", "pk": 145, "fields": {"user_profile": 2, "rank": 2, "timestamp": "2018-06-11T15:22:18.699Z"}}, {"model": "venue.ranking", "pk": 146, "fields": {"user_profile": 1, "rank": 1, "timestamp": "2018-06-11T15:22:18.726Z"}}, {"model": "venue.ranking", "pk": 147, "fields": {"user_profile": 2, "rank": 2, "timestamp": "2018-06-11T15:22:18.729Z"}}, {"model": "venue.ranking", "pk": 148, "fields": {"user_profile": 1, "rank": 1, "timestamp": "2018-06-11T15:22:18.760Z"}}, {"model": "venue.ranking", "pk": 149, "fields": {"user_profile": 2, "rank": 2, "timestamp": "2018-06-11T15:22:18.763Z"}}, {"model": "venue.ranking", "pk": 150, "fields": {"user_profile": 1, "rank": 1, "timestamp": "2018-06-11T15:22:18.784Z"}}, {"model": "venue.ranking", "pk": 151, "fields": {"user_profile": 2, "rank": 2, "timestamp": "2018-06-11T15:22:18.786Z"}}, {"model": "venue.ranking", "pk": 152, "fields": {"user_profile": 1, "rank": 1, "timestamp": "2018-06-11T15:22:18.822Z"}}, {"model": "venue.ranking", "pk": 153, "fields": {"user_profile": 2, "rank": 2, "timestamp": "2018-06-11T15:22:18.825Z"}}, {"model": "venue.ranking", "pk": 154, "fields": {"user_profile": 1, "rank": 1, "timestamp": "2018-06-11T15:22:18.856Z"}}, {"model": "venue.ranking", "pk": 155, "fields": {"user_profile": 2, "rank": 2, "timestamp": "2018-06-11T15:22:18.858Z"}}, {"model": "venue.ranking", "pk": 156, "fields": {"user_profile": 1, "rank": 1, "timestamp": "2018-06-11T15:22:18.884Z"}}, {"model": "venue.ranking", "pk": 157, "fields": {"user_profile": 2, "rank": 2, "timestamp": "2018-06-11T15:22:18.887Z"}}, {"model": "venue.ranking", "pk": 158, "fields": {"user_profile": 1, "rank": 1, "timestamp": "2018-06-11T15:22:18.916Z"}}, {"model": "venue.ranking", "pk": 159, "fields": {"user_profile": 2, "rank": 2, "timestamp": "2018-06-11T15:22:18.918Z"}}, {"model": "venue.ranking", "pk": 160, "fields": {"user_profile": 1, "rank": 1, "timestamp": "2018-06-11T15:22:18.941Z"}}, {"model": "venue.ranking", "pk": 161, "fields": {"user_profile": 2, "rank": 2, "timestamp": "2018-06-11T15:22:18.944Z"}}, {"model": "venue.ranking", "pk": 162, "fields": {"user_profile": 1, "rank": 1, "timestamp": "2018-06-11T15:22:18.973Z"}}, {"model": "venue.ranking", "pk": 163, "fields": {"user_profile": 2, "rank": 2, "timestamp": "2018-06-11T15:22:18.975Z"}}, {"model": "venue.ranking", "pk": 164, "fields": {"user_profile": 1, "rank": 1, "timestamp": "2018-06-11T15:22:19.001Z"}}, {"model": "venue.ranking", "pk": 165, "fields": {"user_profile": 2, "rank": 2, "timestamp": "2018-06-11T15:22:19.003Z"}}, {"model": "venue.ranking", "pk": 166, "fields": {"user_profile": 1, "rank": 1, "timestamp": "2018-06-11T15:22:19.039Z"}}, {"model": "venue.ranking", "pk": 167, "fields": {"user_profile": 2, "rank": 2, "timestamp": "2018-06-11T15:22:19.044Z"}}, {"model": "venue.ranking", "pk": 168, "fields": {"user_profile": 1, "rank": 1, "timestamp": "2018-06-11T15:22:19.445Z"}}, {"model": "venue.ranking", "pk": 169, "fields": {"user_profile": 2, "rank": 2, "timestamp": "2018-06-11T15:22:19.447Z"}}, {"model": "venue.ranking", "pk": 170, "fields": {"user_profile": 1, "rank": 1, "timestamp": "2018-06-11T15:22:19.488Z"}}, {"model": "venue.ranking", "pk": 171, "fields": {"user_profile": 2, "rank": 2, "timestamp": "2018-06-11T15:22:19.492Z"}}, {"model": "venue.ranking", "pk": 172, "fields": {"user_profile": 1, "rank": 1, "timestamp": "2018-06-11T15:22:19.545Z"}}, {"model": "venue.ranking", "pk": 173, "fields": {"user_profile": 2, "rank": 2, "timestamp": "2018-06-11T15:22:19.548Z"}}, {"model": "venue.ranking", "pk": 174, "fields": {"user_profile": 1, "rank": 1, "timestamp": "2018-06-11T15:22:19.607Z"}}, {"model": "venue.ranking", "pk": 175, "fields": {"user_profile": 2, "rank": 2, "timestamp": "2018-06-11T15:22:19.610Z"}}, {"model": "venue.ranking", "pk": 176, "fields": {"user_profile": 1, "rank": 1, "timestamp": "2018-06-11T15:22:19.660Z"}}, {"model": "venue.ranking", "pk": 177, "fields": {"user_profile": 2, "rank": 2, "timestamp": "2018-06-11T15:22:19.665Z"}}, {"model": "venue.ranking", "pk": 178, "fields": {"user_profile": 1, "rank": 1, "timestamp": "2018-06-11T15:22:19.713Z"}}, {"model": "venue.ranking", "pk": 179, "fields": {"user_profile": 2, "rank": 2, "timestamp": "2018-06-11T15:22:19.717Z"}}, {"model": "venue.ranking", "pk": 180, "fields": {"user_profile": 1, "rank": 1, "timestamp": "2018-06-11T15:22:31.800Z"}}, {"model": "venue.ranking", "pk": 181, "fields": {"user_profile": 2, "rank": 2, "timestamp": "2018-06-11T15:22:31.804Z"}}, {"model": "venue.ranking", "pk": 182, "fields": {"user_profile": 1, "rank": 1, "timestamp": "2018-06-11T15:22:31.846Z"}}, {"model": "venue.ranking", "pk": 183, "fields": {"user_profile": 2, "rank": 2, "timestamp": "2018-06-11T15:22:31.855Z"}}, {"model": "venue.ranking", "pk": 184, "fields": {"user_profile": 1, "rank": 1, "timestamp": "2018-06-11T15:22:31.909Z"}}, {"model": "venue.ranking", "pk": 185, "fields": {"user_profile": 2, "rank": 2, "timestamp": "2018-06-11T15:22:31.914Z"}}, {"model": "venue.ranking", "pk": 186, "fields": {"user_profile": 1, "rank": 1, "timestamp": "2018-06-11T15:22:31.952Z"}}, {"model": "venue.ranking", "pk": 187, "fields": {"user_profile": 2, "rank": 2, "timestamp": "2018-06-11T15:22:31.961Z"}}, {"model": "venue.ranking", "pk": 188, "fields": {"user_profile": 1, "rank": 1, "timestamp": "2018-06-11T15:22:32Z"}}, {"model": "venue.ranking", "pk": 189, "fields": {"user_profile": 2, "rank": 2, "timestamp": "2018-06-11T15:22:32.002Z"}}, {"model": "venue.ranking", "pk": 190, "fields": {"user_profile": 1, "rank": 1, "timestamp": "2018-06-11T15:22:32.038Z"}}, {"model": "venue.ranking", "pk": 191, "fields": {"user_profile": 2, "rank": 2, "timestamp": "2018-06-11T15:22:32.040Z"}}, {"model": "venue.ranking", "pk": 192, "fields": {"user_profile": 1, "rank": 1, "timestamp": "2018-06-11T15:22:32.071Z"}}, {"model": "venue.ranking", "pk": 193, "fields": {"user_profile": 2, "rank": 2, "timestamp": "2018-06-11T15:22:32.073Z"}}, {"model": "venue.ranking", "pk": 194, "fields": {"user_profile": 1, "rank": 1, "timestamp": "2018-06-11T15:22:32.109Z"}}, {"model": "venue.ranking", "pk": 195, "fields": {"user_profile": 2, "rank": 2, "timestamp": "2018-06-11T15:22:32.111Z"}}, {"model": "venue.ranking", "pk": 196, "fields": {"user_profile": 1, "rank": 1, "timestamp": "2018-06-11T15:22:32.146Z"}}, {"model": "venue.ranking", "pk": 197, "fields": {"user_profile": 2, "rank": 2, "timestamp": "2018-06-11T15:22:32.150Z"}}, {"model": "venue.ranking", "pk": 198, "fields": {"user_profile": 1, "rank": 1, "timestamp": "2018-06-11T15:22:32.186Z"}}, {"model": "venue.ranking", "pk": 199, "fields": {"user_profile": 2, "rank": 2, "timestamp": "2018-06-11T15:22:32.190Z"}}, {"model": "venue.ranking", "pk": 200, "fields": {"user_profile": 1, "rank": 1, "timestamp": "2018-06-11T15:22:32.239Z"}}, {"model": "venue.ranking", "pk": 201, "fields": {"user_profile": 2, "rank": 2, "timestamp": "2018-06-11T15:22:32.242Z"}}, {"model": "venue.ranking", "pk": 202, "fields": {"user_profile": 1, "rank": 1, "timestamp": "2018-06-11T15:22:32.293Z"}}, {"model": "venue.ranking", "pk": 203, "fields": {"user_profile": 2, "rank": 2, "timestamp": "2018-06-11T15:22:32.296Z"}}, {"model": "venue.ranking", "pk": 204, "fields": {"user_profile": 1, "rank": 1, "timestamp": "2018-06-11T15:22:34.870Z"}}, {"model": "venue.ranking", "pk": 205, "fields": {"user_profile": 2, "rank": 2, "timestamp": "2018-06-11T15:22:34.873Z"}}, {"model": "venue.ranking", "pk": 206, "fields": {"user_profile": 1, "rank": 1, "timestamp": "2018-06-11T15:22:34.908Z"}}, {"model": "venue.ranking", "pk": 207, "fields": {"user_profile": 2, "rank": 2, "timestamp": "2018-06-11T15:22:34.910Z"}}, {"model": "venue.ranking", "pk": 208, "fields": {"user_profile": 1, "rank": 1, "timestamp": "2018-06-11T15:22:34.945Z"}}, {"model": "venue.ranking", "pk": 209, "fields": {"user_profile": 2, "rank": 2, "timestamp": "2018-06-11T15:22:34.947Z"}}, {"model": "venue.ranking", "pk": 210, "fields": {"user_profile": 1, "rank": 1, "timestamp": "2018-06-11T15:22:34.980Z"}}, {"model": "venue.ranking", "pk": 211, "fields": {"user_profile": 2, "rank": 2, "timestamp": "2018-06-11T15:22:34.982Z"}}, {"model": "venue.ranking", "pk": 212, "fields": {"user_profile": 1, "rank": 1, "timestamp": "2018-06-11T15:22:35.016Z"}}, {"model": "venue.ranking", "pk": 213, "fields": {"user_profile": 2, "rank": 2, "timestamp": "2018-06-11T15:22:35.018Z"}}, {"model": "venue.ranking", "pk": 214, "fields": {"user_profile": 1, "rank": 1, "timestamp": "2018-06-11T15:22:35.049Z"}}, {"model": "venue.ranking", "pk": 215, "fields": {"user_profile": 2, "rank": 2, "timestamp": "2018-06-11T15:22:35.051Z"}}, {"model": "venue.ranking", "pk": 216, "fields": {"user_profile": 1, "rank": 1, "timestamp": "2018-06-11T15:22:56.625Z"}}, {"model": "venue.ranking", "pk": 217, "fields": {"user_profile": 2, "rank": 2, "timestamp": "2018-06-11T15:22:56.629Z"}}, {"model": "venue.ranking", "pk": 218, "fields": {"user_profile": 1, "rank": 1, "timestamp": "2018-06-11T15:22:56.728Z"}}, {"model": "venue.ranking", "pk": 219, "fields": {"user_profile": 2, "rank": 2, "timestamp": "2018-06-11T15:22:56.733Z"}}, {"model": "venue.ranking", "pk": 220, "fields": {"user_profile": 1, "rank": 1, "timestamp": "2018-06-11T15:22:56.777Z"}}, {"model": "venue.ranking", "pk": 221, "fields": {"user_profile": 2, "rank": 2, "timestamp": "2018-06-11T15:22:56.780Z"}}, {"model": "venue.ranking", "pk": 222, "fields": {"user_profile": 1, "rank": 1, "timestamp": "2018-06-11T15:22:56.823Z"}}, {"model": "venue.ranking", "pk": 223, "fields": {"user_profile": 2, "rank": 2, "timestamp": "2018-06-11T15:22:56.825Z"}}, {"model": "venue.ranking", "pk": 224, "fields": {"user_profile": 1, "rank": 1, "timestamp": "2018-06-11T15:22:56.870Z"}}, {"model": "venue.ranking", "pk": 225, "fields": {"user_profile": 2, "rank": 2, "timestamp": "2018-06-11T15:22:56.873Z"}}, {"model": "venue.ranking", "pk": 226, "fields": {"user_profile": 1, "rank": 1, "timestamp": "2018-06-11T15:22:56.942Z"}}, {"model": "venue.ranking", "pk": 227, "fields": {"user_profile": 2, "rank": 2, "timestamp": "2018-06-11T15:22:56.948Z"}}, {"model": "venue.ranking", "pk": 228, "fields": {"user_profile": 1, "rank": 1, "timestamp": "2018-06-13T10:51:21.864Z"}}, {"model": "venue.ranking", "pk": 229, "fields": {"user_profile": 2, "rank": 2, "timestamp": "2018-06-13T10:51:21.874Z"}}, {"model": "venue.ranking", "pk": 230, "fields": {"user_profile": 1, "rank": 1, "timestamp": "2018-06-13T10:55:29.880Z"}}, {"model": "venue.ranking", "pk": 231, "fields": {"user_profile": 2, "rank": 2, "timestamp": "2018-06-13T10:55:29.883Z"}}, {"model": "venue.ranking", "pk": 232, "fields": {"user_profile": 1, "rank": 1, "timestamp": "2018-06-13T11:00:29.715Z"}}, {"model": "venue.ranking", "pk": 233, "fields": {"user_profile": 2, "rank": 2, "timestamp": "2018-06-13T11:00:29.717Z"}}, {"model": "venue.ranking", "pk": 234, "fields": {"user_profile": 1, "rank": 1, "timestamp": "2018-06-13T11:05:29.937Z"}}, {"model": "venue.ranking", "pk": 235, "fields": {"user_profile": 2, "rank": 2, "timestamp": "2018-06-13T11:05:29.940Z"}}, {"model": "venue.ranking", "pk": 236, "fields": {"user_profile": 1, "rank": 1, "timestamp": "2018-06-13T11:07:30.284Z"}}, {"model": "venue.ranking", "pk": 237, "fields": {"user_profile": 2, "rank": 2, "timestamp": "2018-06-13T11:07:30.289Z"}}, {"model": "venue.ranking", "pk": 238, "fields": {"user_profile": 1, "rank": 1, "timestamp": "2018-06-13T11:12:28.260Z"}}, {"model": "venue.ranking", "pk": 239, "fields": {"user_profile": 2, "rank": 2, "timestamp": "2018-06-13T11:12:28.263Z"}}, {"model": "venue.ranking", "pk": 240, "fields": {"user_profile": 1, "rank": 1, "timestamp": "2018-06-13T11:17:28.365Z"}}, {"model": "venue.ranking", "pk": 241, "fields": {"user_profile": 2, "rank": 2, "timestamp": "2018-06-13T11:17:28.367Z"}}, {"model": "venue.ranking", "pk": 242, "fields": {"user_profile": 1, "rank": 1, "timestamp": "2018-06-13T11:22:28.263Z"}}, {"model": "venue.ranking", "pk": 243, "fields": {"user_profile": 2, "rank": 2, "timestamp": "2018-06-13T11:22:28.266Z"}}, {"model": "venue.ranking", "pk": 244, "fields": {"user_profile": 1, "rank": 1, "timestamp": "2018-06-13T11:27:28.745Z"}}, {"model": "venue.ranking", "pk": 245, "fields": {"user_profile": 2, "rank": 2, "timestamp": "2018-06-13T11:27:28.748Z"}}, {"model": "venue.ranking", "pk": 246, "fields": {"user_profile": 1, "rank": 1, "timestamp": "2018-06-13T11:32:28.522Z"}}, {"model": "venue.ranking", "pk": 247, "fields": {"user_profile": 2, "rank": 2, "timestamp": "2018-06-13T11:32:28.525Z"}}, {"model": "venue.ranking", "pk": 248, "fields": {"user_profile": 1, "rank": 1, "timestamp": "2018-06-13T11:37:29.441Z"}}, {"model": "venue.ranking", "pk": 249, "fields": {"user_profile": 2, "rank": 2, "timestamp": "2018-06-13T11:37:29.443Z"}}, {"model": "venue.ranking", "pk": 250, "fields": {"user_profile": 1, "rank": 1, "timestamp": "2018-06-13T11:42:28.776Z"}}, {"model": "venue.ranking", "pk": 251, "fields": {"user_profile": 2, "rank": 2, "timestamp": "2018-06-13T11:42:28.779Z"}}, {"model": "venue.ranking", "pk": 252, "fields": {"user_profile": 1, "rank": 1, "timestamp": "2018-06-13T11:47:29.685Z"}}, {"model": "venue.ranking", "pk": 253, "fields": {"user_profile": 2, "rank": 2, "timestamp": "2018-06-13T11:47:29.688Z"}}, {"model": "venue.ranking", "pk": 254, "fields": {"user_profile": 1, "rank": 1, "timestamp": "2018-06-13T11:52:29.577Z"}}, {"model": "venue.ranking", "pk": 255, "fields": {"user_profile": 2, "rank": 2, "timestamp": "2018-06-13T11:52:29.600Z"}}, {"model": "venue.ranking", "pk": 256, "fields": {"user_profile": 1, "rank": 1, "timestamp": "2018-06-13T11:57:29.351Z"}}, {"model": "venue.ranking", "pk": 257, "fields": {"user_profile": 2, "rank": 2, "timestamp": "2018-06-13T11:57:29.354Z"}}, {"model": "venue.ranking", "pk": 258, "fields": {"user_profile": 1, "rank": 1, "timestamp": "2018-06-14T06:54:50.247Z"}}, {"model": "venue.ranking", "pk": 259, "fields": {"user_profile": 2, "rank": 2, "timestamp": "2018-06-14T06:54:50.251Z"}}, {"model": "venue.ranking", "pk": 260, "fields": {"user_profile": 1, "rank": 1, "timestamp": "2018-06-14T06:59:50.395Z"}}, {"model": "venue.ranking", "pk": 261, "fields": {"user_profile": 2, "rank": 2, "timestamp": "2018-06-14T06:59:50.398Z"}}, {"model": "venue.ranking", "pk": 262, "fields": {"user_profile": 1, "rank": 1, "timestamp": "2018-06-14T07:04:50.988Z"}}, {"model": "venue.ranking", "pk": 263, "fields": {"user_profile": 2, "rank": 2, "timestamp": "2018-06-14T07:04:50.991Z"}}, {"model": "venue.ranking", "pk": 264, "fields": {"user_profile": 1, "rank": 1, "timestamp": "2018-06-14T07:09:50.919Z"}}, {"model": "venue.ranking", "pk": 265, "fields": {"user_profile": 2, "rank": 2, "timestamp": "2018-06-14T07:09:50.922Z"}}, {"model": "venue.ranking", "pk": 266, "fields": {"user_profile": 1, "rank": 1, "timestamp": "2018-06-14T07:14:51.026Z"}}, {"model": "venue.ranking", "pk": 267, "fields": {"user_profile": 2, "rank": 2, "timestamp": "2018-06-14T07:14:51.032Z"}}, {"model": "venue.ranking", "pk": 268, "fields": {"user_profile": 1, "rank": 1, "timestamp": "2018-06-14T07:25:07.909Z"}}, {"model": "venue.ranking", "pk": 269, "fields": {"user_profile": 2, "rank": 2, "timestamp": "2018-06-14T07:25:07.912Z"}}, {"model": "venue.ranking", "pk": 270, "fields": {"user_profile": 1, "rank": 1, "timestamp": "2018-06-14T07:26:24.287Z"}}, {"model": "venue.ranking", "pk": 271, "fields": {"user_profile": 2, "rank": 2, "timestamp": "2018-06-14T07:26:24.290Z"}}, {"model": "venue.ranking", "pk": 272, "fields": {"user_profile": 1, "rank": 1, "timestamp": "2018-06-14T07:31:24.613Z"}}, {"model": "venue.ranking", "pk": 273, "fields": {"user_profile": 2, "rank": 2, "timestamp": "2018-06-14T07:31:24.616Z"}}, {"model": "venue.ranking", "pk": 274, "fields": {"user_profile": 1, "rank": 1, "timestamp": "2018-06-14T07:36:24.412Z"}}, {"model": "venue.ranking", "pk": 275, "fields": {"user_profile": 2, "rank": 2, "timestamp": "2018-06-14T07:36:24.415Z"}}, {"model": "venue.ranking", "pk": 276, "fields": {"user_profile": 1, "rank": 1, "timestamp": "2018-06-14T07:41:24.610Z"}}, {"model": "venue.ranking", "pk": 277, "fields": {"user_profile": 2, "rank": 2, "timestamp": "2018-06-14T07:41:24.614Z"}}, {"model": "venue.ranking", "pk": 278, "fields": {"user_profile": 1, "rank": 1, "timestamp": "2018-06-14T07:46:24.821Z"}}, {"model": "venue.ranking", "pk": 279, "fields": {"user_profile": 2, "rank": 2, "timestamp": "2018-06-14T07:46:24.824Z"}}, {"model": "venue.ranking", "pk": 280, "fields": {"user_profile": 1, "rank": 1, "timestamp": "2018-06-14T07:51:24.513Z"}}, {"model": "venue.ranking", "pk": 281, "fields": {"user_profile": 2, "rank": 2, "timestamp": "2018-06-14T07:51:24.516Z"}}, {"model": "venue.ranking", "pk": 282, "fields": {"user_profile": 1, "rank": 1, "timestamp": "2018-06-14T07:56:24.495Z"}}, {"model": "venue.ranking", "pk": 283, "fields": {"user_profile": 2, "rank": 2, "timestamp": "2018-06-14T07:56:24.498Z"}}, {"model": "venue.ranking", "pk": 284, "fields": {"user_profile": 1, "rank": 1, "timestamp": "2018-06-14T09:52:23.983Z"}}, {"model": "venue.ranking", "pk": 285, "fields": {"user_profile": 2, "rank": 2, "timestamp": "2018-06-14T09:52:23.988Z"}}, {"model": "venue.ranking", "pk": 286, "fields": {"user_profile": 1, "rank": 1, "timestamp": "2018-06-14T09:52:32.843Z"}}, {"model": "venue.ranking", "pk": 287, "fields": {"user_profile": 2, "rank": 2, "timestamp": "2018-06-14T09:52:32.846Z"}}, {"model": "venue.ranking", "pk": 288, "fields": {"user_profile": 1, "rank": 1, "timestamp": "2018-06-14T09:57:32.941Z"}}, {"model": "venue.ranking", "pk": 289, "fields": {"user_profile": 2, "rank": 2, "timestamp": "2018-06-14T09:57:32.944Z"}}, {"model": "venue.ranking", "pk": 290, "fields": {"user_profile": 1, "rank": 1, "timestamp": "2018-06-14T10:01:04.561Z"}}, {"model": "venue.ranking", "pk": 291, "fields": {"user_profile": 2, "rank": 2, "timestamp": "2018-06-14T10:01:04.565Z"}}, {"model": "venue.ranking", "pk": 292, "fields": {"user_profile": 1, "rank": 1, "timestamp": "2018-06-14T10:06:04.976Z"}}, {"model": "venue.ranking", "pk": 293, "fields": {"user_profile": 2, "rank": 2, "timestamp": "2018-06-14T10:06:04.980Z"}}, {"model": "venue.ranking", "pk": 294, "fields": {"user_profile": 1, "rank": 1, "timestamp": "2018-06-14T10:08:44.989Z"}}, {"model": "venue.ranking", "pk": 295, "fields": {"user_profile": 2, "rank": 2, "timestamp": "2018-06-14T10:08:44.992Z"}}, {"model": "venue.ranking", "pk": 296, "fields": {"user_profile": 1, "rank": 1, "timestamp": "2018-06-14T10:13:45.461Z"}}, {"model": "venue.ranking", "pk": 297, "fields": {"user_profile": 2, "rank": 2, "timestamp": "2018-06-14T10:13:45.464Z"}}, {"model": "venue.ranking", "pk": 298, "fields": {"user_profile": 1, "rank": 1, "timestamp": "2018-06-14T10:17:01.604Z"}}, {"model": "venue.ranking", "pk": 299, "fields": {"user_profile": 2, "rank": 2, "timestamp": "2018-06-14T10:17:01.610Z"}}, {"model": "venue.ranking", "pk": 300, "fields": {"user_profile": 1, "rank": 1, "timestamp": "2018-06-14T10:22:01.011Z"}}, {"model": "venue.ranking", "pk": 301, "fields": {"user_profile": 2, "rank": 2, "timestamp": "2018-06-14T10:22:01.014Z"}}, {"model": "venue.ranking", "pk": 302, "fields": {"user_profile": 1, "rank": 1, "timestamp": "2018-06-14T10:27:01.126Z"}}, {"model": "venue.ranking", "pk": 303, "fields": {"user_profile": 2, "rank": 2, "timestamp": "2018-06-14T10:27:01.129Z"}}, {"model": "venue.ranking", "pk": 304, "fields": {"user_profile": 1, "rank": 1, "timestamp": "2018-06-14T10:32:01.823Z"}}, {"model": "venue.ranking", "pk": 305, "fields": {"user_profile": 2, "rank": 2, "timestamp": "2018-06-14T10:32:01.825Z"}}, {"model": "venue.ranking", "pk": 306, "fields": {"user_profile": 1, "rank": 1, "timestamp": "2018-06-14T10:37:01.358Z"}}, {"model": "venue.ranking", "pk": 307, "fields": {"user_profile": 2, "rank": 2, "timestamp": "2018-06-14T10:37:01.361Z"}}, {"model": "venue.ranking", "pk": 308, "fields": {"user_profile": 1, "rank": 1, "timestamp": "2018-06-14T11:58:55.711Z"}}, {"model": "venue.ranking", "pk": 309, "fields": {"user_profile": 2, "rank": 2, "timestamp": "2018-06-14T11:58:55.767Z"}}, {"model": "venue.ranking", "pk": 310, "fields": {"user_profile": 1, "rank": 1, "timestamp": "2018-06-14T11:59:08.618Z"}}, {"model": "venue.ranking", "pk": 311, "fields": {"user_profile": 2, "rank": 2, "timestamp": "2018-06-14T11:59:08.620Z"}}, {"model": "venue.ranking", "pk": 312, "fields": {"user_profile": 1, "rank": 1, "timestamp": "2018-06-14T12:04:03.219Z"}}, {"model": "venue.ranking", "pk": 313, "fields": {"user_profile": 2, "rank": 2, "timestamp": "2018-06-14T12:04:03.222Z"}}, {"model": "venue.ranking", "pk": 314, "fields": {"user_profile": 1, "rank": 1, "timestamp": "2018-06-14T12:09:03.318Z"}}, {"model": "venue.ranking", "pk": 315, "fields": {"user_profile": 2, "rank": 2, "timestamp": "2018-06-14T12:09:03.320Z"}}, {"model": "venue.ranking", "pk": 316, "fields": {"user_profile": 1, "rank": 1, "timestamp": "2018-06-14T12:14:03.401Z"}}, {"model": "venue.ranking", "pk": 317, "fields": {"user_profile": 2, "rank": 2, "timestamp": "2018-06-14T12:14:03.403Z"}}, {"model": "venue.ranking", "pk": 318, "fields": {"user_profile": 1, "rank": 1, "timestamp": "2018-06-14T12:19:03.434Z"}}, {"model": "venue.ranking", "pk": 319, "fields": {"user_profile": 2, "rank": 2, "timestamp": "2018-06-14T12:19:03.436Z"}}, {"model": "auth.permission", "pk": 1, "fields": {"name": "Can add log entry", "content_type": 1, "codename": "add_logentry"}}, {"model": "auth.permission", "pk": 2, "fields": {"name": "Can change log entry", "content_type": 1, "codename": "change_logentry"}}, {"model": "auth.permission", "pk": 3, "fields": {"name": "Can delete log entry", "content_type": 1, "codename": "delete_logentry"}}, {"model": "auth.permission", "pk": 4, "fields": {"name": "Can change config", "content_type": 2, "codename": "change_config"}}, {"model": "auth.permission", "pk": 5, "fields": {"name": "Can add permission", "content_type": 3, "codename": "add_permission"}}, {"model": "auth.permission", "pk": 6, "fields": {"name": "Can change permission", "content_type": 3, "codename": "change_permission"}}, {"model": "auth.permission", "pk": 7, "fields": {"name": "Can delete permission", "content_type": 3, "codename": "delete_permission"}}, {"model": "auth.permission", "pk": 8, "fields": {"name": "Can add group", "content_type": 4, "codename": "add_group"}}, {"model": "auth.permission", "pk": 9, "fields": {"name": "Can change group", "content_type": 4, "codename": "change_group"}}, {"model": "auth.permission", "pk": 10, "fields": {"name": "Can delete group", "content_type": 4, "codename": "delete_group"}}, {"model": "auth.permission", "pk": 11, "fields": {"name": "Can add user", "content_type": 5, "codename": "add_user"}}, {"model": "auth.permission", "pk": 12, "fields": {"name": "Can change user", "content_type": 5, "codename": "change_user"}}, {"model": "auth.permission", "pk": 13, "fields": {"name": "Can delete user", "content_type": 5, "codename": "delete_user"}}, {"model": "auth.permission", "pk": 14, "fields": {"name": "Can add content type", "content_type": 6, "codename": "add_contenttype"}}, {"model": "auth.permission", "pk": 15, "fields": {"name": "Can change content type", "content_type": 6, "codename": "change_contenttype"}}, {"model": "auth.permission", "pk": 16, "fields": {"name": "Can delete content type", "content_type": 6, "codename": "delete_contenttype"}}, {"model": "auth.permission", "pk": 17, "fields": {"name": "Can add session", "content_type": 7, "codename": "add_session"}}, {"model": "auth.permission", "pk": 18, "fields": {"name": "Can change session", "content_type": 7, "codename": "change_session"}}, {"model": "auth.permission", "pk": 19, "fields": {"name": "Can delete session", "content_type": 7, "codename": "delete_session"}}, {"model": "auth.permission", "pk": 20, "fields": {"name": "Can add Token", "content_type": 8, "codename": "add_token"}}, {"model": "auth.permission", "pk": 21, "fields": {"name": "Can change Token", "content_type": 8, "codename": "change_token"}}, {"model": "auth.permission", "pk": 22, "fields": {"name": "Can delete Token", "content_type": 8, "codename": "delete_token"}}, {"model": "auth.permission", "pk": 23, "fields": {"name": "Can add forum post", "content_type": 9, "codename": "add_forumpost"}}, {"model": "auth.permission", "pk": 24, "fields": {"name": "Can change forum post", "content_type": 9, "codename": "change_forumpost"}}, {"model": "auth.permission", "pk": 25, "fields": {"name": "Can delete forum post", "content_type": 9, "codename": "delete_forumpost"}}, {"model": "auth.permission", "pk": 26, "fields": {"name": "Can add forum profile", "content_type": 10, "codename": "add_forumprofile"}}, {"model": "auth.permission", "pk": 27, "fields": {"name": "Can change forum profile", "content_type": 10, "codename": "change_forumprofile"}}, {"model": "auth.permission", "pk": 28, "fields": {"name": "Can delete forum profile", "content_type": 10, "codename": "delete_forumprofile"}}, {"model": "auth.permission", "pk": 29, "fields": {"name": "Can add forum site", "content_type": 11, "codename": "add_forumsite"}}, {"model": "auth.permission", "pk": 30, "fields": {"name": "Can change forum site", "content_type": 11, "codename": "change_forumsite"}}, {"model": "auth.permission", "pk": 31, "fields": {"name": "Can delete forum site", "content_type": 11, "codename": "delete_forumsite"}}, {"model": "auth.permission", "pk": 32, "fields": {"name": "Can add forum user rank", "content_type": 12, "codename": "add_forumuserrank"}}, {"model": "auth.permission", "pk": 33, "fields": {"name": "Can change forum user rank", "content_type": 12, "codename": "change_forumuserrank"}}, {"model": "auth.permission", "pk": 34, "fields": {"name": "Can delete forum user rank", "content_type": 12, "codename": "delete_forumuserrank"}}, {"model": "auth.permission", "pk": 35, "fields": {"name": "Can add language", "content_type": 13, "codename": "add_language"}}, {"model": "auth.permission", "pk": 36, "fields": {"name": "Can change language", "content_type": 13, "codename": "change_language"}}, {"model": "auth.permission", "pk": 37, "fields": {"name": "Can delete language", "content_type": 13, "codename": "delete_language"}}, {"model": "auth.permission", "pk": 38, "fields": {"name": "Can add notification", "content_type": 14, "codename": "add_notification"}}, {"model": "auth.permission", "pk": 39, "fields": {"name": "Can change notification", "content_type": 14, "codename": "change_notification"}}, {"model": "auth.permission", "pk": 40, "fields": {"name": "Can delete notification", "content_type": 14, "codename": "delete_notification"}}, {"model": "auth.permission", "pk": 41, "fields": {"name": "Can add ranking", "content_type": 15, "codename": "add_ranking"}}, {"model": "auth.permission", "pk": 42, "fields": {"name": "Can change ranking", "content_type": 15, "codename": "change_ranking"}}, {"model": "auth.permission", "pk": 43, "fields": {"name": "Can delete ranking", "content_type": 15, "codename": "delete_ranking"}}, {"model": "auth.permission", "pk": 44, "fields": {"name": "Can add signature", "content_type": 16, "codename": "add_signature"}}, {"model": "auth.permission", "pk": 45, "fields": {"name": "Can change signature", "content_type": 16, "codename": "change_signature"}}, {"model": "auth.permission", "pk": 46, "fields": {"name": "Can delete signature", "content_type": 16, "codename": "delete_signature"}}, {"model": "auth.permission", "pk": 47, "fields": {"name": "Can add user profile", "content_type": 17, "codename": "add_userprofile"}}, {"model": "auth.permission", "pk": 48, "fields": {"name": "Can change user profile", "content_type": 17, "codename": "change_userprofile"}}, {"model": "auth.permission", "pk": 49, "fields": {"name": "Can delete user profile", "content_type": 17, "codename": "delete_userprofile"}}, {"model": "auth.user", "pk": 1, "fields": {"password": "pbkdf2_sha256$36000$XKvhtX6WBPMv$fZGePTRZxbtqOPpFgHHCXBRrFNQP9RIwXV+L48PUXIo=", "last_login": "2018-06-11T14:39:37.849Z", "is_superuser": true, "username": "admin", "first_name": "", "last_name": "", "email": "admin@example.com", "is_staff": true, "is_active": true, "date_joined": "2018-05-31T07:47:08.640Z", "groups": [], "user_permissions": []}}, {"model": "auth.user", "pk": 2, "fields": {"password": "pbkdf2_sha256$36000$a68QYN3S0icY$qzl/qo+0GVvL4lL9PV8L7SVHiqw8/HjkxcAoa8Nzagc=", "last_login": "2018-06-14T10:17:40.811Z", "is_superuser": false, "username": "joemar.ct", "first_name": "", "last_name": "", "email": "joemar.ct@gmail.com", "is_staff": false, "is_active": true, "date_joined": "2018-05-31T07:57:23.548Z", "groups": [], "user_permissions": []}}, {"model": "auth.user", "pk": 28, "fields": {"password": "pbkdf2_sha256$36000$TtfPSPU3AYMM$bu167hnYD/jEZzUwStwe60nzUCoDM91kyRa7abDrTFI=", "last_login": "2018-06-01T09:50:54.807Z", "is_superuser": false, "username": "scibiz", "first_name": "", "last_name": "", "email": "info@scibizinformatics.com", "is_staff": false, "is_active": true, "date_joined": "2018-06-01T09:12:49.339Z", "groups": [], "user_permissions": []}}, {"model": "authtoken.token", "pk": "1443d7c2742284000752689f36603419258fff31", "fields": {"user": 28, "created": "2018-06-01T09:12:49.393Z"}}, {"model": "authtoken.token", "pk": "2235d9e93fd976f110ec7fed6d9bbe4aaeb6bd82", "fields": {"user": 2, "created": "2018-05-31T07:57:23.589Z"}}, {"model": "venue.userprofile", "pk": 1, "fields": {"user": 2, "language": 1, "otp_secret": "AwEt1aSKifN4eLPV4P+hzGskC3ejCiortTwnXzZ/ySeGorsaNgziXzVW4XPQB/fmTA75sfO6wCLrUpuU6NynSDMIjImsVNNCvKUJeE1/3RrqXwsygTewUPOcKgwvVStAf8Y=", "enabled_2fa": false, "email_confirmed": true, "receive_emails": false, "rank": 0}}, {"model": "venue.userprofile", "pk": 2, "fields": {"user": 28, "language": 1, "otp_secret": "AwH3wd5t7Wo9uJrUPsC9AFCjBJ/IqfoxwP8ktOhJRrrTFgagGLWTzZLnZ+BU+ckQKB6iewbG3uwKzBwfE/P/V/dpr933UQS3rCZVix/vGuZZGAvVf5xQTGTrjpVjMDKkfEs=", "enabled_2fa": false, "email_confirmed": true, "receive_emails": false, "rank": 0}}, {"model": "venue.notification", "pk": 2, "fields": {"code": "2fA_notification", "text": "Secure your account with two-factor authentication.", "action_text": "Enable it now.", "action_link": "/#/settings/?action=enable_2fa", "variant": "primary", "dismissible": true, "active": true, "date_created": "2018-03-15T12:13:11Z", "created_by": 1, "dismissed_by": [28]}}, {"model": "admin.logentry", "pk": 1, "fields": {"action_time": "2018-05-31T08:14:20.668Z", "user": 1, "content_type": 10, "object_id": "1", "object_repr": "129913 @ bitcointalk.org", "action_flag": 2, "change_message": "[{\"changed\": {\"fields\": [\"profile_url\", \"date_verified\"]}}]"}}, {"model": "admin.logentry", "pk": 2, "fields": {"action_time": "2018-05-31T08:50:01.607Z", "user": 1, "content_type": 9, "object_id": "6", "object_repr": "6", "action_flag": 3, "change_message": ""}}, {"model": "admin.logentry", "pk": 3, "fields": {"action_time": "2018-05-31T08:50:01.614Z", "user": 1, "content_type": 9, "object_id": "5", "object_repr": "5", "action_flag": 3, "change_message": ""}}, {"model": "admin.logentry", "pk": 4, "fields": {"action_time": "2018-05-31T08:50:01.617Z", "user": 1, "content_type": 9, "object_id": "4", "object_repr": "4", "action_flag": 3, "change_message": ""}}, {"model": "admin.logentry", "pk": 5, "fields": {"action_time": "2018-05-31T08:50:01.619Z", "user": 1, "content_type": 9, "object_id": "3", "object_repr": "3", "action_flag": 3, "change_message": ""}}, {"model": "admin.logentry", "pk": 6, "fields": {"action_time": "2018-05-31T08:50:01.622Z", "user": 1, "content_type": 9, "object_id": "2", "object_repr": "2", "action_flag": 3, "change_message": ""}}, {"model": "admin.logentry", "pk": 7, "fields": {"action_time": "2018-05-31T08:50:01.624Z", "user": 1, "content_type": 9, "object_id": "1", "object_repr": "1", "action_flag": 3, "change_message": ""}}, {"model": "admin.logentry", "pk": 35, "fields": {"action_time": "2018-05-31T09:07:08.374Z", "user": 1, "content_type": 9, "object_id": "39", "object_repr": "39", "action_flag": 3, "change_message": ""}}, {"model": "admin.logentry", "pk": 36, "fields": {"action_time": "2018-05-31T09:07:08.378Z", "user": 1, "content_type": 9, "object_id": "38", "object_repr": "38", "action_flag": 3, "change_message": ""}}, {"model": "admin.logentry", "pk": 37, "fields": {"action_time": "2018-05-31T09:07:16.079Z", "user": 1, "content_type": 10, "object_id": "1", "object_repr": "129913 @ bitcointalk.org", "action_flag": 3, "change_message": ""}}, {"model": "admin.logentry", "pk": 38, "fields": {"action_time": "2018-05-31T09:25:22.302Z", "user": 1, "content_type": 9, "object_id": "40", "object_repr": "40", "action_flag": 3, "change_message": ""}}, {"model": "admin.logentry", "pk": 39, "fields": {"action_time": "2018-05-31T09:25:32.471Z", "user": 1, "content_type": 10, "object_id": "2", "object_repr": "129913 @ bitcointalk.org", "action_flag": 2, "change_message": "[{\"changed\": {\"fields\": [\"profile_url\", \"last_scrape\"]}}]"}}, {"model": "admin.logentry", "pk": 40, "fields": {"action_time": "2018-05-31T09:43:42.409Z", "user": 1, "content_type": 10, "object_id": "2", "object_repr": "129913 @ bitcointalk.org", "action_flag": 2, "change_message": "[{\"changed\": {\"fields\": [\"date_verified\", \"date_added\", \"date_updated\"]}}]"}}, {"model": "admin.logentry", "pk": 41, "fields": {"action_time": "2018-05-31T09:46:59.658Z", "user": 1, "content_type": 10, "object_id": "2", "object_repr": "129913 @ bitcointalk.org", "action_flag": 2, "change_message": "[{\"changed\": {\"fields\": [\"last_scrape\"]}}]"}}, {"model": "admin.logentry", "pk": 42, "fields": {"action_time": "2018-05-31T09:55:07.466Z", "user": 1, "content_type": 9, "object_id": "47", "object_repr": "47", "action_flag": 3, "change_message": ""}}, {"model": "admin.logentry", "pk": 43, "fields": {"action_time": "2018-05-31T09:55:07.469Z", "user": 1, "content_type": 9, "object_id": "46", "object_repr": "46", "action_flag": 3, "change_message": ""}}, {"model": "admin.logentry", "pk": 44, "fields": {"action_time": "2018-05-31T09:55:07.471Z", "user": 1, "content_type": 9, "object_id": "45", "object_repr": "45", "action_flag": 3, "change_message": ""}}, {"model": "admin.logentry", "pk": 45, "fields": {"action_time": "2018-05-31T09:55:07.474Z", "user": 1, "content_type": 9, "object_id": "44", "object_repr": "44", "action_flag": 3, "change_message": ""}}, {"model": "admin.logentry", "pk": 46, "fields": {"action_time": "2018-05-31T09:55:07.476Z", "user": 1, "content_type": 9, "object_id": "43", "object_repr": "43", "action_flag": 3, "change_message": ""}}, {"model": "admin.logentry", "pk": 47, "fields": {"action_time": "2018-05-31T09:55:07.478Z", "user": 1, "content_type": 9, "object_id": "42", "object_repr": "42", "action_flag": 3, "change_message": ""}}, {"model": "admin.logentry", "pk": 48, "fields": {"action_time": "2018-05-31T09:55:14.743Z", "user": 1, "content_type": 9, "object_id": "50", "object_repr": "50", "action_flag": 3, "change_message": ""}}, {"model": "admin.logentry", "pk": 49, "fields": {"action_time": "2018-05-31T09:55:14.746Z", "user": 1, "content_type": 9, "object_id": "49", "object_repr": "49", "action_flag": 3, "change_message": ""}}, {"model": "admin.logentry", "pk": 50, "fields": {"action_time": "2018-05-31T09:55:14.749Z", "user": 1, "content_type": 9, "object_id": "48", "object_repr": "48", "action_flag": 3, "change_message": ""}}, {"model": "admin.logentry", "pk": 51, "fields": {"action_time": "2018-05-31T09:59:42.728Z", "user": 1, "content_type": 9, "object_id": "56", "object_repr": "56", "action_flag": 3, "change_message": ""}}, {"model": "admin.logentry", "pk": 52, "fields": {"action_time": "2018-05-31T09:59:42.734Z", "user": 1, "content_type": 9, "object_id": "55", "object_repr": "55", "action_flag": 3, "change_message": ""}}, {"model": "admin.logentry", "pk": 53, "fields": {"action_time": "2018-05-31T09:59:42.738Z", "user": 1, "content_type": 9, "object_id": "54", "object_repr": "54", "action_flag": 3, "change_message": ""}}, {"model": "admin.logentry", "pk": 54, "fields": {"action_time": "2018-05-31T09:59:42.741Z", "user": 1, "content_type": 9, "object_id": "53", "object_repr": "53", "action_flag": 3, "change_message": ""}}, {"model": "admin.logentry", "pk": 55, "fields": {"action_time": "2018-05-31T09:59:42.743Z", "user": 1, "content_type": 9, "object_id": "52", "object_repr": "52", "action_flag": 3, "change_message": ""}}, {"model": "admin.logentry", "pk": 56, "fields": {"action_time": "2018-05-31T09:59:42.746Z", "user": 1, "content_type": 9, "object_id": "51", "object_repr": "51", "action_flag": 3, "change_message": ""}}, {"model": "admin.logentry", "pk": 57, "fields": {"action_time": "2018-05-31T10:04:33.711Z", "user": 1, "content_type": 9, "object_id": "59", "object_repr": "59", "action_flag": 3, "change_message": ""}}, {"model": "admin.logentry", "pk": 58, "fields": {"action_time": "2018-05-31T10:04:33.716Z", "user": 1, "content_type": 9, "object_id": "58", "object_repr": "58", "action_flag": 3, "change_message": ""}}, {"model": "admin.logentry", "pk": 59, "fields": {"action_time": "2018-05-31T10:04:33.718Z", "user": 1, "content_type": 9, "object_id": "57", "object_repr": "57", "action_flag": 3, "change_message": ""}}, {"model": "admin.logentry", "pk": 60, "fields": {"action_time": "2018-05-31T10:07:45.323Z", "user": 1, "content_type": 9, "object_id": "61", "object_repr": "61", "action_flag": 3, "change_message": ""}}, {"model": "admin.logentry", "pk": 61, "fields": {"action_time": "2018-05-31T10:07:45.327Z", "user": 1, "content_type": 9, "object_id": "60", "object_repr": "60", "action_flag": 3, "change_message": ""}}, {"model": "admin.logentry", "pk": 62, "fields": {"action_time": "2018-05-31T10:07:45.329Z", "user": 1, "content_type": 9, "object_id": "41", "object_repr": "41", "action_flag": 3, "change_message": ""}}, {"model": "admin.logentry", "pk": 63, "fields": {"action_time": "2018-05-31T10:07:59.271Z", "user": 1, "content_type": 10, "object_id": "2", "object_repr": "129913 @ bitcointalk.org", "action_flag": 2, "change_message": "[{\"changed\": {\"fields\": [\"last_scrape\"]}}]"}}, {"model": "admin.logentry", "pk": 64, "fields": {"action_time": "2018-05-31T12:45:18.789Z", "user": 1, "content_type": 9, "object_id": "62", "object_repr": "62", "action_flag": 3, "change_message": ""}}, {"model": "admin.logentry", "pk": 65, "fields": {"action_time": "2018-05-31T12:46:18.645Z", "user": 1, "content_type": 10, "object_id": "2", "object_repr": "129913 @ bitcointalk.org", "action_flag": 2, "change_message": "[{\"changed\": {\"fields\": [\"last_scrape\"]}}]"}}, {"model": "admin.logentry", "pk": 66, "fields": {"action_time": "2018-05-31T12:47:48.124Z", "user": 1, "content_type": 9, "object_id": "64", "object_repr": "64", "action_flag": 3, "change_message": ""}}, {"model": "admin.logentry", "pk": 67, "fields": {"action_time": "2018-05-31T12:47:48.129Z", "user": 1, "content_type": 9, "object_id": "63", "object_repr": "63", "action_flag": 3, "change_message": ""}}, {"model": "admin.logentry", "pk": 68, "fields": {"action_time": "2018-05-31T12:50:13.462Z", "user": 1, "content_type": 10, "object_id": "2", "object_repr": "129913 @ bitcointalk.org", "action_flag": 2, "change_message": "[{\"changed\": {\"fields\": [\"last_scrape\"]}}]"}}, {"model": "admin.logentry", "pk": 69, "fields": {"action_time": "2018-05-31T12:53:10.192Z", "user": 1, "content_type": 9, "object_id": "67", "object_repr": "67", "action_flag": 3, "change_message": ""}}, {"model": "admin.logentry", "pk": 70, "fields": {"action_time": "2018-05-31T12:53:10.198Z", "user": 1, "content_type": 9, "object_id": "66", "object_repr": "66", "action_flag": 3, "change_message": ""}}, {"model": "admin.logentry", "pk": 71, "fields": {"action_time": "2018-05-31T12:53:10.201Z", "user": 1, "content_type": 9, "object_id": "65", "object_repr": "65", "action_flag": 3, "change_message": ""}}, {"model": "admin.logentry", "pk": 72, "fields": {"action_time": "2018-05-31T12:53:20.003Z", "user": 1, "content_type": 10, "object_id": "2", "object_repr": "129913 @ bitcointalk.org", "action_flag": 2, "change_message": "[{\"changed\": {\"fields\": [\"last_scrape\"]}}]"}}, {"model": "admin.logentry", "pk": 73, "fields": {"action_time": "2018-05-31T12:55:44.622Z", "user": 1, "content_type": 9, "object_id": "70", "object_repr": "70", "action_flag": 3, "change_message": ""}}, {"model": "admin.logentry", "pk": 74, "fields": {"action_time": "2018-05-31T12:55:44.626Z", "user": 1, "content_type": 9, "object_id": "69", "object_repr": "69", "action_flag": 3, "change_message": ""}}, {"model": "admin.logentry", "pk": 75, "fields": {"action_time": "2018-05-31T12:55:44.628Z", "user": 1, "content_type": 9, "object_id": "68", "object_repr": "68", "action_flag": 3, "change_message": ""}}, {"model": "admin.logentry", "pk": 76, "fields": {"action_time": "2018-05-31T12:55:53.404Z", "user": 1, "content_type": 10, "object_id": "2", "object_repr": "129913 @ bitcointalk.org", "action_flag": 2, "change_message": "[{\"changed\": {\"fields\": [\"last_scrape\"]}}]"}}, {"model": "admin.logentry", "pk": 77, "fields": {"action_time": "2018-05-31T13:12:46.010Z", "user": 1, "content_type": 9, "object_id": "71", "object_repr": "71", "action_flag": 2, "change_message": "[{\"changed\": {\"fields\": [\"valid_sig_minutes\"]}}]"}}, {"model": "admin.logentry", "pk": 78, "fields": {"action_time": "2018-05-31T13:12:54.816Z", "user": 1, "content_type": 10, "object_id": "2", "object_repr": "129913 @ bitcointalk.org", "action_flag": 2, "change_message": "[{\"changed\": {\"fields\": [\"last_scrape\"]}}]"}}, {"model": "admin.logentry", "pk": 79, "fields": {"action_time": "2018-05-31T13:13:07.382Z", "user": 1, "content_type": 9, "object_id": "71", "object_repr": "71", "action_flag": 2, "change_message": "[{\"changed\": {\"fields\": [\"valid_sig_minutes\"]}}]"}}, {"model": "admin.logentry", "pk": 80, "fields": {"action_time": "2018-05-31T13:15:17.818Z", "user": 1, "content_type": 10, "object_id": "2", "object_repr": "129913 @ bitcointalk.org", "action_flag": 2, "change_message": "[{\"changed\": {\"fields\": [\"last_scrape\"]}}]"}}, {"model": "admin.logentry", "pk": 81, "fields": {"action_time": "2018-05-31T13:20:28.479Z", "user": 1, "content_type": 9, "object_id": "71", "object_repr": "71", "action_flag": 2, "change_message": "[{\"changed\": {\"fields\": [\"matured\", \"valid_sig_minutes\", \"invalid_sig_minutes\"]}}]"}}, {"model": "admin.logentry", "pk": 82, "fields": {"action_time": "2018-05-31T13:22:07.477Z", "user": 1, "content_type": 12, "object_id": "2", "object_repr": "Newbie", "action_flag": 2, "change_message": "[{\"changed\": {\"fields\": [\"bonus_percentage\"]}}]"}}, {"model": "admin.logentry", "pk": 83, "fields": {"action_time": "2018-05-31T13:22:34.444Z", "user": 1, "content_type": 9, "object_id": "71", "object_repr": "71", "action_flag": 2, "change_message": "[{\"changed\": {\"fields\": [\"credited\", \"base_points\", \"total_points\"]}}]"}}, {"model": "admin.logentry", "pk": 84, "fields": {"action_time": "2018-06-01T09:20:15.006Z", "user": 1, "content_type": 10, "object_id": "2", "object_repr": "129913 @ bitcointalk.org", "action_flag": 2, "change_message": "[{\"changed\": {\"fields\": [\"date_verified\", \"date_added\", \"date_updated\", \"last_scrape\"]}}]"}}, {"model": "admin.logentry", "pk": 85, "fields": {"action_time": "2018-06-01T09:20:25.112Z", "user": 1, "content_type": 9, "object_id": "73", "object_repr": "73", "action_flag": 3, "change_message": ""}}, {"model": "admin.logentry", "pk": 86, "fields": {"action_time": "2018-06-01T09:20:25.118Z", "user": 1, "content_type": 9, "object_id": "72", "object_repr": "72", "action_flag": 3, "change_message": ""}}, {"model": "admin.logentry", "pk": 87, "fields": {"action_time": "2018-06-01T09:20:25.121Z", "user": 1, "content_type": 9, "object_id": "71", "object_repr": "71", "action_flag": 3, "change_message": ""}}, {"model": "admin.logentry", "pk": 88, "fields": {"action_time": "2018-06-01T09:22:47.029Z", "user": 1, "content_type": 9, "object_id": "74", "object_repr": "74", "action_flag": 3, "change_message": ""}}, {"model": "admin.logentry", "pk": 89, "fields": {"action_time": "2018-06-01T09:23:18.167Z", "user": 1, "content_type": 10, "object_id": "2", "object_repr": "129913 @ bitcointalk.org", "action_flag": 2, "change_message": "[{\"changed\": {\"fields\": [\"last_scrape\"]}}]"}}, {"model": "admin.logentry", "pk": 90, "fields": {"action_time": "2018-06-01T09:29:39.814Z", "user": 1, "content_type": 9, "object_id": "75", "object_repr": "75", "action_flag": 2, "change_message": "[{\"changed\": {\"fields\": [\"matured\"]}}]"}}, {"model": "admin.logentry", "pk": 91, "fields": {"action_time": "2018-06-01T09:30:06.325Z", "user": 1, "content_type": 10, "object_id": "2", "object_repr": "129913 @ bitcointalk.org", "action_flag": 2, "change_message": "[{\"changed\": {\"fields\": [\"last_scrape\"]}}]"}}, {"model": "admin.logentry", "pk": 92, "fields": {"action_time": "2018-06-01T09:30:24.950Z", "user": 1, "content_type": 9, "object_id": "75", "object_repr": "75", "action_flag": 2, "change_message": "[{\"changed\": {\"fields\": [\"valid_sig_minutes\"]}}]"}}, {"model": "admin.logentry", "pk": 93, "fields": {"action_time": "2018-06-01T09:30:42.771Z", "user": 1, "content_type": 9, "object_id": "75", "object_repr": "75", "action_flag": 2, "change_message": "[{\"changed\": {\"fields\": [\"matured\"]}}]"}}, {"model": "admin.logentry", "pk": 94, "fields": {"action_time": "2018-06-01T09:32:20.203Z", "user": 1, "content_type": 12, "object_id": "2", "object_repr": "Newbie", "action_flag": 2, "change_message": "[{\"changed\": {\"fields\": [\"bonus_percentage\"]}}]"}}, {"model": "admin.logentry", "pk": 95, "fields": {"action_time": "2018-06-01T09:32:40.616Z", "user": 1, "content_type": 9, "object_id": "75", "object_repr": "75", "action_flag": 2, "change_message": "[{\"changed\": {\"fields\": [\"credited\", \"base_points\", \"total_points\"]}}]"}}, {"model": "admin.logentry", "pk": 96, "fields": {"action_time": "2018-06-11T14:43:10.167Z", "user": 1, "content_type": 16, "object_id": "1", "object_repr": "Sr. Member Design 1", "action_flag": 2, "change_message": "[{\"changed\": {\"fields\": [\"name\", \"user_ranks\", \"code\", \"expected_links\", \"image\"]}}]"}}, {"model": "admin.logentry", "pk": 97, "fields": {"action_time": "2018-06-11T14:43:32.444Z", "user": 1, "content_type": 16, "object_id": "1", "object_repr": "Sr. Member Design 1", "action_flag": 2, "change_message": "[]"}}, {"model": "admin.logentry", "pk": 98, "fields": {"action_time": "2018-06-11T14:43:38.009Z", "user": 1, "content_type": 16, "object_id": "1", "object_repr": "Sr. Member Design 1", "action_flag": 2, "change_message": "[]"}}, {"model": "admin.logentry", "pk": 99, "fields": {"action_time": "2018-06-11T14:44:38.578Z", "user": 1, "content_type": 16, "object_id": "2", "object_repr": "Sr. Member Design 1", "action_flag": 2, "change_message": "[{\"changed\": {\"fields\": [\"name\", \"user_ranks\", \"code\", \"expected_links\", \"image\"]}}]"}}, {"model": "admin.logentry", "pk": 100, "fields": {"action_time": "2018-06-11T14:44:45.898Z", "user": 1, "content_type": 16, "object_id": "2", "object_repr": "Sr. Member Design 2", "action_flag": 2, "change_message": "[{\"changed\": {\"fields\": [\"name\"]}}]"}}, {"model": "admin.logentry", "pk": 101, "fields": {"action_time": "2018-06-11T14:46:49.362Z", "user": 1, "content_type": 16, "object_id": "3", "object_repr": "Sr. Member Design 3", "action_flag": 2, "change_message": "[{\"changed\": {\"fields\": [\"name\", \"user_ranks\", \"code\", \"expected_links\", \"image\"]}}]"}}, {"model": "admin.logentry", "pk": 102, "fields": {"action_time": "2018-06-11T14:48:00.558Z", "user": 1, "content_type": 16, "object_id": "4", "object_repr": "Sr. Member Design 4", "action_flag": 2, "change_message": "[{\"changed\": {\"fields\": [\"name\", \"forum_site\", \"user_ranks\", \"code\", \"expected_links\", \"image\"]}}]"}}, {"model": "admin.logentry", "pk": 103, "fields": {"action_time": "2018-06-11T14:51:04.688Z", "user": 1, "content_type": 16, "object_id": "5", "object_repr": "Hero/Legendary Design 1", "action_flag": 2, "change_message": "[{\"changed\": {\"fields\": [\"name\", \"user_ranks\", \"code\", \"expected_links\", \"image\"]}}]"}}, {"model": "admin.logentry", "pk": 104, "fields": {"action_time": "2018-06-11T14:52:55.536Z", "user": 1, "content_type": 16, "object_id": "6", "object_repr": "Hero/Legendary Design 2", "action_flag": 2, "change_message": "[{\"changed\": {\"fields\": [\"name\", \"user_ranks\", \"code\", \"expected_links\", \"image\"]}}]"}}, {"model": "admin.logentry", "pk": 105, "fields": {"action_time": "2018-06-11T14:53:04.336Z", "user": 1, "content_type": 16, "object_id": "5", "object_repr": "Hero/Legendary Member Design 1", "action_flag": 2, "change_message": "[{\"changed\": {\"fields\": [\"name\"]}}]"}}, {"model": "admin.logentry", "pk": 106, "fields": {"action_time": "2018-06-11T14:53:11.566Z", "user": 1, "content_type": 16, "object_id": "6", "object_repr": "Hero/Legendary Member Design 2", "action_flag": 2, "change_message": "[{\"changed\": {\"fields\": [\"name\"]}}]"}}, {"model": "admin.logentry", "pk": 107, "fields": {"action_time": "2018-06-11T14:57:04.907Z", "user": 1, "content_type": 16, "object_id": "7", "object_repr": "Hero/Legendary Member Design 3", "action_flag": 2, "change_message": "[{\"changed\": {\"fields\": [\"name\", \"user_ranks\", \"code\", \"expected_links\", \"image\"]}}]"}}, {"model": "admin.logentry", "pk": 108, "fields": {"action_time": "2018-06-11T15:00:11.804Z", "user": 1, "content_type": 16, "object_id": "8", "object_repr": "Hero/Legendary Member Design 4", "action_flag": 2, "change_message": "[{\"changed\": {\"fields\": [\"name\", \"user_ranks\", \"code\", \"expected_links\", \"image\"]}}]"}}, {"model": "admin.logentry", "pk": 109, "fields": {"action_time": "2018-06-11T15:02:07.960Z", "user": 1, "content_type": 16, "object_id": "9", "object_repr": "Full Member Design 1", "action_flag": 2, "change_message": "[{\"changed\": {\"fields\": [\"name\", \"user_ranks\", \"code\", \"expected_links\", \"image\"]}}]"}}, {"model": "admin.logentry", "pk": 110, "fields": {"action_time": "2018-06-11T15:02:57.921Z", "user": 1, "content_type": 16, "object_id": "10", "object_repr": "Full Member Design 2", "action_flag": 2, "change_message": "[{\"changed\": {\"fields\": [\"name\", \"user_ranks\", \"code\", \"expected_links\", \"image\"]}}]"}}, {"model": "admin.logentry", "pk": 111, "fields": {"action_time": "2018-06-11T15:04:03.226Z", "user": 1, "content_type": 16, "object_id": "11", "object_repr": "Full Member Design 3", "action_flag": 2, "change_message": "[{\"changed\": {\"fields\": [\"name\", \"user_ranks\", \"code\", \"expected_links\", \"image\"]}}]"}}, {"model": "admin.logentry", "pk": 112, "fields": {"action_time": "2018-06-11T15:04:12.645Z", "user": 1, "content_type": 16, "object_id": "14", "object_repr": "Bitcoin Forum Test Signature 7", "action_flag": 3, "change_message": ""}}, {"model": "admin.logentry", "pk": 113, "fields": {"action_time": "2018-06-11T15:04:12.649Z", "user": 1, "content_type": 16, "object_id": "13", "object_repr": "Bitcoin Forum Test Signature 6", "action_flag": 3, "change_message": ""}}, {"model": "admin.logentry", "pk": 114, "fields": {"action_time": "2018-06-11T15:04:12.651Z", "user": 1, "content_type": 16, "object_id": "12", "object_repr": "Bitcoin Forum Test Signature 5", "action_flag": 3, "change_message": ""}}, {"model": "admin.logentry", "pk": 115, "fields": {"action_time": "2018-06-13T12:03:36.147Z", "user": 1, "content_type": 17, "object_id": "1", "object_repr": "joemar.ct", "action_flag": 2, "change_message": "[{\"changed\": {\"fields\": [\"email_confirmed\"]}}]"}}, {"model": "admin.logentry", "pk": 116, "fields": {"action_time": "2018-06-13T12:05:11.558Z", "user": 1, "content_type": 17, "object_id": "1", "object_repr": "joemar.ct", "action_flag": 2, "change_message": "[{\"changed\": {\"fields\": [\"email_confirmed\"]}}]"}}, {"model": "admin.logentry", "pk": 117, "fields": {"action_time": "2018-06-13T12:05:46.767Z", "user": 1, "content_type": 17, "object_id": "1", "object_repr": "joemar.ct", "action_flag": 2, "change_message": "[{\"changed\": {\"fields\": [\"email_confirmed\"]}}]"}}, {"model": "admin.logentry", "pk": 118, "fields": {"action_time": "2018-06-13T12:26:22.974Z", "user": 1, "content_type": 17, "object_id": "1", "object_repr": "joemar.ct", "action_flag": 2, "change_message": "[{\"changed\": {\"fields\": [\"email_confirmed\"]}}]"}}, {"model": "admin.logentry", "pk": 119, "fields": {"action_time": "2018-06-13T12:29:30.314Z", "user": 1, "content_type": 17, "object_id": "1", "object_repr": "joemar.ct", "action_flag": 2, "change_message": "[{\"changed\": {\"fields\": [\"email_confirmed\"]}}]"}}, {"model": "admin.logentry", "pk": 120, "fields": {"action_time": "2018-06-13T12:44:05.795Z", "user": 1, "content_type": 17, "object_id": "1", "object_repr": "joemar.ct", "action_flag": 2, "change_message": "[{\"changed\": {\"fields\": [\"email_confirmed\"]}}]"}}, {"model": "admin.logentry", "pk": 121, "fields": {"action_time": "2018-06-13T12:57:18.546Z", "user": 1, "content_type": 17, "object_id": "1", "object_repr": "joemar.ct", "action_flag": 2, "change_message": "[{\"changed\": {\"fields\": [\"email_confirmed\"]}}]"}}, {"model": "admin.logentry", "pk": 122, "fields": {"action_time": "2018-06-14T09:58:09.439Z", "user": 1, "content_type": 11, "object_id": "2", "object_repr": "forum.bitcoin.com", "action_flag": 3, "change_message": ""}}, {"model": "admin.logentry", "pk": 123, "fields": {"action_time": "2018-06-14T10:07:23.288Z", "user": 1, "content_type": 11, "object_id": "2", "object_repr": "forum.bitcoin.com", "action_flag": 3, "change_message": ""}}, {"model": "admin.logentry", "pk": 124, "fields": {"action_time": "2018-06-14T10:15:57.211Z", "user": 1, "content_type": 9, "object_id": "75", "object_repr": "75", "action_flag": 2, "change_message": "[{\"changed\": {\"fields\": [\"forum_rank\"]}}]"}}, {"model": "admin.logentry", "pk": 125, "fields": {"action_time": "2018-06-14T12:00:58.175Z", "user": 1, "content_type": 9, "object_id": "76", "object_repr": "76", "action_flag": 3, "change_message": ""}}, {"model": "admin.logentry", "pk": 126, "fields": {"action_time": "2018-06-14T12:00:58.188Z", "user": 1, "content_type": 9, "object_id": "75", "object_repr": "75", "action_flag": 3, "change_message": ""}}, {"model": "admin.logentry", "pk": 127, "fields": {"action_time": "2018-06-14T12:01:13.349Z", "user": 1, "content_type": 16, "object_id": "9", "object_repr": "Full Member Design 1", "action_flag": 3, "change_message": ""}}, {"model": "admin.logentry", "pk": 128, "fields": {"action_time": "2018-06-14T12:01:13.353Z", "user": 1, "content_type": 16, "object_id": "8", "object_repr": "Hero/Legendary Member Design 4", "action_flag": 3, "change_message": ""}}, {"model": "admin.logentry", "pk": 129, "fields": {"action_time": "2018-06-14T12:01:13.355Z", "user": 1, "content_type": 16, "object_id": "7", "object_repr": "Hero/Legendary Member Design 3", "action_flag": 3, "change_message": ""}}, {"model": "admin.logentry", "pk": 130, "fields": {"action_time": "2018-06-14T12:01:13.357Z", "user": 1, "content_type": 16, "object_id": "6", "object_repr": "Hero/Legendary Member Design 2", "action_flag": 3, "change_message": ""}}, {"model": "admin.logentry", "pk": 131, "fields": {"action_time": "2018-06-14T12:01:13.359Z", "user": 1, "content_type": 16, "object_id": "5", "object_repr": "Hero/Legendary Member Design 1", "action_flag": 3, "change_message": ""}}, {"model": "admin.logentry", "pk": 132, "fields": {"action_time": "2018-06-14T12:01:13.362Z", "user": 1, "content_type": 16, "object_id": "4", "object_repr": "Sr. Member Design 4", "action_flag": 3, "change_message": ""}}, {"model": "admin.logentry", "pk": 133, "fields": {"action_time": "2018-06-14T12:01:13.364Z", "user": 1, "content_type": 16, "object_id": "3", "object_repr": "Sr. Member Design 3", "action_flag": 3, "change_message": ""}}, {"model": "admin.logentry", "pk": 134, "fields": {"action_time": "2018-06-14T12:01:13.366Z", "user": 1, "content_type": 16, "object_id": "1", "object_repr": "Sr. Member Design 1", "action_flag": 3, "change_message": ""}}, {"model": "admin.logentry", "pk": 135, "fields": {"action_time": "2018-06-14T12:05:48.611Z", "user": 1, "content_type": 16, "object_id": "1", "object_repr": "Sr. Member Design 1", "action_flag": 1, "change_message": "[{\"added\": {}}]"}}, {"model": "admin.logentry", "pk": 136, "fields": {"action_time": "2018-06-14T12:06:06.841Z", "user": 1, "content_type": 16, "object_id": "1", "object_repr": "Sr. Member Design 1", "action_flag": 2, "change_message": "[]"}}, {"model": "admin.logentry", "pk": 137, "fields": {"action_time": "2018-06-14T12:07:18.100Z", "user": 1, "content_type": 16, "object_id": "2", "object_repr": "Sr. Member Design 2", "action_flag": 1, "change_message": "[{\"added\": {}}]"}}, {"model": "admin.logentry", "pk": 138, "fields": {"action_time": "2018-06-14T12:08:45.733Z", "user": 1, "content_type": 16, "object_id": "3", "object_repr": "Sr. Member Design 3", "action_flag": 1, "change_message": "[{\"added\": {}}]"}}, {"model": "admin.logentry", "pk": 139, "fields": {"action_time": "2018-06-14T12:10:28.626Z", "user": 1, "content_type": 16, "object_id": "4", "object_repr": "Sr. Member Design 4", "action_flag": 1, "change_message": "[{\"added\": {}}]"}}, {"model": "admin.logentry", "pk": 140, "fields": {"action_time": "2018-06-14T12:12:19.862Z", "user": 1, "content_type": 16, "object_id": "5", "object_repr": "Hero/Legendary Member Design 1", "action_flag": 1, "change_message": "[{\"added\": {}}]"}}, {"model": "admin.logentry", "pk": 141, "fields": {"action_time": "2018-06-14T12:13:58.340Z", "user": 1, "content_type": 16, "object_id": "6", "object_repr": "Hero/Legendary Member Design 2", "action_flag": 1, "change_message": "[{\"added\": {}}]"}}, {"model": "admin.logentry", "pk": 142, "fields": {"action_time": "2018-06-14T12:15:40.394Z", "user": 1, "content_type": 16, "object_id": "7", "object_repr": "Hero/Legendary Member Design 3", "action_flag": 1, "change_message": "[{\"added\": {}}]"}}, {"model": "admin.logentry", "pk": 143, "fields": {"action_time": "2018-06-14T12:16:40.818Z", "user": 1, "content_type": 16, "object_id": "8", "object_repr": "Hero/Legendary Member Design 4", "action_flag": 1, "change_message": "[{\"added\": {}}]"}}, {"model": "admin.logentry", "pk": 144, "fields": {"action_time": "2018-06-14T12:18:23.496Z", "user": 1, "content_type": 16, "object_id": "9", "object_repr": "Full Member Design 1", "action_flag": 1, "change_message": "[{\"added\": {}}]"}}, {"model": "admin.logentry", "pk": 145, "fields": {"action_time": "2018-06-14T12:19:52.957Z", "user": 1, "content_type": 16, "object_id": "10", "object_repr": "Full Member Design 2", "action_flag": 1, "change_message": "[{\"added\": {}}]"}}, {"model": "admin.logentry", "pk": 146, "fields": {"action_time": "2018-06-14T12:20:53.418Z", "user": 1, "content_type": 16, "object_id": "11", "object_repr": "Full Member Design 3", "action_flag": 1, "change_message": "[{\"added\": {}}]"}}]