[{"model": "contenttypes.contenttype", "pk": 1, "fields": {"app_label": "admin", "model": "logentry"}}, {"model": "contenttypes.contenttype", "pk": 2, "fields": {"app_label": "constance", "model": "config"}}, {"model": "contenttypes.contenttype", "pk": 3, "fields": {"app_label": "auth", "model": "permission"}}, {"model": "contenttypes.contenttype", "pk": 4, "fields": {"app_label": "auth", "model": "group"}}, {"model": "contenttypes.contenttype", "pk": 5, "fields": {"app_label": "auth", "model": "user"}}, {"model": "contenttypes.contenttype", "pk": 6, "fields": {"app_label": "contenttypes", "model": "contenttype"}}, {"model": "contenttypes.contenttype", "pk": 7, "fields": {"app_label": "sessions", "model": "session"}}, {"model": "contenttypes.contenttype", "pk": 8, "fields": {"app_label": "authtoken", "model": "token"}}, {"model": "contenttypes.contenttype", "pk": 9, "fields": {"app_label": "venue", "model": "forumprofile"}}, {"model": "contenttypes.contenttype", "pk": 10, "fields": {"app_label": "venue", "model": "forumsite"}}, {"model": "contenttypes.contenttype", "pk": 11, "fields": {"app_label": "venue", "model": "forumuserrank"}}, {"model": "contenttypes.contenttype", "pk": 12, "fields": {"app_label": "venue", "model": "language"}}, {"model": "contenttypes.contenttype", "pk": 13, "fields": {"app_label": "venue", "model": "notification"}}, {"model": "contenttypes.contenttype", "pk": 14, "fields": {"app_label": "venue", "model": "postuptimestats"}}, {"model": "contenttypes.contenttype", "pk": 15, "fields": {"app_label": "venue", "model": "signature"}}, {"model": "contenttypes.contenttype", "pk": 16, "fields": {"app_label": "venue", "model": "userpoststats"}}, {"model": "contenttypes.contenttype", "pk": 17, "fields": {"app_label": "venue", "model": "userprofile"}}, {"model": "contenttypes.contenttype", "pk": 18, "fields": {"app_label": "venue", "model": "ranking"}}, {"model": "sessions.session", "pk": "h9jue04lbzdzdnu7he0a24cdd18r4z4m", "fields": {"session_data": "OGE0ZDA0NWM0NTM5ZTIzZDhmOWRlODUyNTEzMWFiZjdmNDkwYTNmODp7Il9hdXRoX3VzZXJfaWQiOiIxIiwiX2F1dGhfdXNlcl9iYWNrZW5kIjoiZGphbmdvLmNvbnRyaWIuYXV0aC5iYWNrZW5kcy5Nb2RlbEJhY2tlbmQiLCJfYXV0aF91c2VyX2hhc2giOiIzNDM1ODQzOTEyODA2N2U2MzkwNWU0ZWRmOTFmNTBiMzg3NTM0NzFiIiwid3M0cmVkaXM6bWVtYmVyb2YiOltdfQ==", "expire_date": "2018-05-22T02:58:57.220Z"}}, {"model": "venue.forumsite", "pk": 1, "fields": {"name": "bitcointalk.org", "address": "https://bitcointalk.org", "scraper_name": "bitcointalk.py"}}, {"model": "venue.forumsite", "pk": 2, "fields": {"name": "forum.bitcoin.com", "address": "https://forum.bitcoin.com", "scraper_name": "bitcoin_forum.py"}}, {"model": "venue.forumuserrank", "pk": 1, "fields": {"forum_site": 1, "name": "Brand new", "allowed": true}}, {"model": "venue.forumuserrank", "pk": 2, "fields": {"forum_site": 1, "name": "Newbie", "allowed": true}}, {"model": "venue.forumuserrank", "pk": 3, "fields": {"forum_site": 1, "name": "Jr. Member", "allowed": true}}, {"model": "venue.forumuserrank", "pk": 4, "fields": {"forum_site": 1, "name": "Member", "allowed": true}}, {"model": "venue.forumuserrank", "pk": 5, "fields": {"forum_site": 1, "name": "Full Member", "allowed": true}}, {"model": "venue.forumuserrank", "pk": 6, "fields": {"forum_site": 1, "name": "Sr. Member", "allowed": true}}, {"model": "venue.forumuserrank", "pk": 7, "fields": {"forum_site": 1, "name": "Hero Member", "allowed": true}}, {"model": "venue.forumuserrank", "pk": 8, "fields": {"forum_site": 1, "name": "Legendary", "allowed": true}}, {"model": "venue.forumuserrank", "pk": 9, "fields": {"forum_site": 2, "name": "Global Moderator", "allowed": true}}, {"model": "venue.forumuserrank", "pk": 10, "fields": {"forum_site": 2, "name": "Nickel Bitcoiner", "allowed": true}}, {"model": "venue.forumuserrank", "pk": 11, "fields": {"forum_site": 2, "name": "No rank", "allowed": true}}, {"model": "venue.forumuserrank", "pk": 12, "fields": {"forum_site": 2, "name": "Founder", "allowed": true}}, {"model": "venue.forumuserrank", "pk": 13, "fields": {"forum_site": 2, "name": "Site Admin", "allowed": true}}, {"model": "venue.forumuserrank", "pk": 14, "fields": {"forum_site": 2, "name": "Junior Mod", "allowed": true}}, {"model": "venue.forumuserrank", "pk": 15, "fields": {"forum_site": 2, "name": "Bronze Bitcoiner", "allowed": true}}, {"model": "venue.forumuserrank", "pk": 16, "fields": {"forum_site": 2, "name": "Silver Bitcoiner", "allowed": true}}, {"model": "venue.forumuserrank", "pk": 17, "fields": {"forum_site": 2, "name": "Gold Bitcoiner", "allowed": true}}, {"model": "venue.forumuserrank", "pk": 18, "fields": {"forum_site": 2, "name": "Platinum Bitcoiner", "allowed": true}}, {"model": "venue.signature", "pk": 1, "fields": {"name": "BitcoinTalk Test Signature 1", "forum_site": 1, "code": "link", "expected_links": "link", "test_signature": "The pen is mightier than the sword", "image": "static/img/signature_img.png", "active": true, "date_added": "2017-11-24T01:38:55Z", "user_ranks": [1, 2, 3, 4, 5, 6, 7, 8]}}, {"model": "venue.signature", "pk": 2, "fields": {"name": "Bitcoin Forum Test Signature 1", "forum_site": 2, "code": "link", "expected_links": "link", "test_signature": "No man is an island", "image": "static/img/signature_img.png", "active": true, "date_added": "2017-11-27T03:53:51Z", "user_ranks": [9, 10, 11, 12, 13, 14, 15, 16, 17, 18]}}, {"model": "venue.signature", "pk": 3, "fields": {"name": "BitcoinTalk Test Signature 2", "forum_site": 1, "code": "link2", "expected_links": "link2", "test_signature": "When in Rome, do as the Romans", "image": "static/img/signature_img.png", "active": true, "date_added": "2017-12-04T01:40:48Z", "user_ranks": [1, 2, 3, 4, 5, 6, 7, 8]}}, {"model": "venue.signature", "pk": 4, "fields": {"name": "Bitcoin Forum Test Signature 2", "forum_site": 2, "code": "link2", "expected_links": "link2", "test_signature": "Two wrongs don't make a right", "image": "static/img/signature_img.png", "active": true, "date_added": "2017-12-04T01:41:33Z", "user_ranks": [10, 11, 12, 13, 14, 15, 16, 17, 18]}}, {"model": "venue.signature", "pk": 5, "fields": {"name": "BitcoinTalk Test Signature 3", "forum_site": 1, "code": "link", "expected_links": "link", "test_signature": "Knowledge comes, but wisdom lingers", "image": "", "active": true, "date_added": "2018-04-06T12:38:05Z", "user_ranks": [1, 2, 3, 4, 5, 6, 7, 8, 9, 10, 11, 12, 13, 14, 15, 16, 17, 18]}}, {"model": "venue.signature", "pk": 6, "fields": {"name": "BitcoinTalk Test Signature 4", "forum_site": 1, "code": "link", "expected_links": "link", "test_signature": "In teaching others we teach ourselves", "image": "static/img/signature_img.png", "active": true, "date_added": "2018-04-06T12:40:23Z", "user_ranks": [1, 2, 3, 4, 5, 6, 7, 8, 9, 10, 11, 12, 13, 14, 15, 16, 17, 18]}}, {"model": "venue.signature", "pk": 7, "fields": {"name": "BitcoinTalk Test Signature 5", "forum_site": 1, "code": "link", "expected_links": "link", "test_signature": "Follow love and it will flee, flee love and it will follow", "image": "static/img/signature_img.png", "active": true, "date_added": "2018-04-06T12:43:17Z", "user_ranks": [1, 2, 3, 4, 5, 6, 7, 8, 9, 10, 11, 12, 13, 14, 15, 16, 17, 18]}}, {"model": "venue.signature", "pk": 8, "fields": {"name": "BitcoinTalk Test Signature 6", "forum_site": 1, "code": "link", "expected_links": "link", "test_signature": "A friend walks in when everyone else walks out", "image": "static/img/signature_img.png", "active": true, "date_added": "2018-04-06T12:44:51Z", "user_ranks": [1, 2, 3, 4, 5, 6, 7, 8, 9, 10, 11, 12, 13, 14, 15, 16, 17, 18]}}, {"model": "venue.signature", "pk": 9, "fields": {"name": "BitcoinTalk Test Signature 7", "forum_site": 1, "code": "link", "expected_links": "link", "test_signature": "Men never remember, but women never forget", "image": "static/img/signature_img.png", "active": true, "date_added": "2018-04-06T12:45:48Z", "user_ranks": [1, 2, 3, 4, 5, 6, 7, 8, 9, 10, 11, 12, 13, 14, 15, 16, 17, 18]}}, {"model": "venue.signature", "pk": 10, "fields": {"name": "Bitcoin Forum Test Signature 3", "forum_site": 2, "code": "link", "expected_links": "link", "test_signature": "He who dares to teach must never cease to learn", "image": "static/img/signature_img.png", "active": true, "date_added": "2018-04-06T12:46:19Z", "user_ranks": [1, 2, 3, 4, 5, 6, 7, 8, 9, 10, 11, 12, 13, 14, 15, 16, 17, 18]}}, {"model": "venue.signature", "pk": 11, "fields": {"name": "Bitcoin Forum Test Signature 4", "forum_site": 2, "code": "link", "expected_links": "link", "test_signature": "Everything has beauty, but not everyone sees it", "image": "static/img/signature_img.png", "active": true, "date_added": "2018-04-06T12:47:38Z", "user_ranks": [1, 2, 3, 4, 5, 6, 7, 8, 9, 10, 11, 12, 13, 14, 15, 16, 17, 18]}}, {"model": "venue.signature", "pk": 12, "fields": {"name": "Bitcoin Forum Test Signature 5", "forum_site": 2, "code": "link", "expected_links": "link", "test_signature": "He who opens a school door, closes a prison", "image": "static/img/signature_img.png", "active": true, "date_added": "2018-04-06T12:48:09Z", "user_ranks": [1, 2, 3, 4, 5, 6, 7, 8, 9, 10, 11, 12, 13, 14, 15, 16, 17, 18]}}, {"model": "venue.signature", "pk": 13, "fields": {"name": "Bitcoin Forum Test Signature 6", "forum_site": 2, "code": "link", "expected_links": "link", "test_signature": "Every accomplishment starts with the decision to try", "image": "static/img/signature_img.png", "active": true, "date_added": "2018-04-06T12:48:51Z", "user_ranks": [1, 2, 3, 4, 5, 6, 7, 8, 9, 10, 11, 12, 13, 14, 15, 16, 17, 18]}}, {"model": "venue.signature", "pk": 14, "fields": {"name": "Bitcoin Forum Test Signature 7", "forum_site": 2, "code": "link", "expected_links": "link", "test_signature": "The hottest love has the coldest end", "image": "static/img/signature_img.png", "active": true, "date_added": "2018-04-06T12:49:32Z", "user_ranks": [1, 2, 3, 4, 5, 6, 7, 8, 9, 10, 11, 12, 13, 14, 15, 16, 17, 18]}}, {"model": "venue.language", "pk": 1, "fields": {"name": "English", "code": "en", "active": true}}, {"model": "venue.language", "pk": 3, "fields": {"name": "Japanese", "code": "ja", "active": true}}, {"model": "venue.language", "pk": 4, "fields": {"name": "Filipino", "code": "tl", "active": true}}, {"model": "venue.ranking", "pk": 1, "fields": {"user_profile": 1, "rank": 1, "timestamp": "2018-05-11T07:44:39.764Z"}}, {"model": "venue.ranking", "pk": 2, "fields": {"user_profile": 1, "rank": 1, "timestamp": "2018-05-11T07:44:40.352Z"}}, {"model": "venue.ranking", "pk": 3, "fields": {"user_profile": 1, "rank": 1, "timestamp": "2018-05-11T07:46:34.989Z"}}, {"model": "venue.ranking", "pk": 4, "fields": {"user_profile": 1, "rank": 1, "timestamp": "2018-05-11T07:49:00.428Z"}}, {"model": "venue.ranking", "pk": 5, "fields": {"user_profile": 1, "rank": 1, "timestamp": "2018-05-11T07:50:59.527Z"}}, {"model": "venue.ranking", "pk": 6, "fields": {"user_profile": 1, "rank": 1, "timestamp": "2018-05-11T07:52:58.939Z"}}, {"model": "venue.ranking", "pk": 7, "fields": {"user_profile": 1, "rank": 1, "timestamp": "2018-05-11T07:53:39.222Z"}}, {"model": "venue.ranking", "pk": 8, "fields": {"user_profile": 1, "rank": 1, "timestamp": "2018-05-11T07:55:39.900Z"}}, {"model": "venue.ranking", "pk": 9, "fields": {"user_profile": 1, "rank": 1, "timestamp": "2018-05-11T07:56:15.882Z"}}, {"model": "venue.ranking", "pk": 10, "fields": {"user_profile": 1, "rank": 1, "timestamp": "2018-05-11T07:58:15.419Z"}}, {"model": "venue.ranking", "pk": 11, "fields": {"user_profile": 1, "rank": 1, "timestamp": "2018-05-11T08:00:15.356Z"}}, {"model": "venue.ranking", "pk": 12, "fields": {"user_profile": 1, "rank": 1, "timestamp": "2018-05-11T08:02:16.504Z"}}, {"model": "venue.ranking", "pk": 13, "fields": {"user_profile": 1, "rank": 1, "timestamp": "2018-05-11T11:50:17.143Z"}}, {"model": "venue.ranking", "pk": 14, "fields": {"user_profile": 1, "rank": 1, "timestamp": "2018-05-11T11:50:17.147Z"}}, {"model": "venue.ranking", "pk": 15, "fields": {"user_profile": 1, "rank": 1, "timestamp": "2018-05-11T11:52:15.156Z"}}, {"model": "venue.ranking", "pk": 16, "fields": {"user_profile": 1, "rank": 1, "timestamp": "2018-05-11T11:54:15.265Z"}}, {"model": "venue.ranking", "pk": 17, "fields": {"user_profile": 1, "rank": 1, "timestamp": "2018-05-11T11:55:57.961Z"}}, {"model": "venue.ranking", "pk": 18, "fields": {"user_profile": 1, "rank": 1, "timestamp": "2018-05-11T11:57:58.724Z"}}, {"model": "venue.ranking", "pk": 19, "fields": {"user_profile": 1, "rank": 1, "timestamp": "2018-05-11T11:59:58.779Z"}}, {"model": "venue.ranking", "pk": 20, "fields": {"user_profile": 1, "rank": 1, "timestamp": "2018-05-11T12:01:58.021Z"}}, {"model": "venue.ranking", "pk": 21, "fields": {"user_profile": 1, "rank": 1, "timestamp": "2018-05-11T12:03:58.892Z"}}, {"model": "venue.ranking", "pk": 22, "fields": {"user_profile": 1, "rank": 1, "timestamp": "2018-05-11T12:05:58.890Z"}}, {"model": "venue.ranking", "pk": 23, "fields": {"user_profile": 1, "rank": 1, "timestamp": "2018-05-11T12:07:58.943Z"}}, {"model": "venue.ranking", "pk": 24, "fields": {"user_profile": 1, "rank": 1, "timestamp": "2018-05-11T12:09:58.234Z"}}, {"model": "venue.ranking", "pk": 25, "fields": {"user_profile": 1, "rank": 1, "timestamp": "2018-05-11T12:11:59.161Z"}}, {"model": "venue.ranking", "pk": 26, "fields": {"user_profile": 1, "rank": 1, "timestamp": "2018-05-11T12:13:58.444Z"}}, {"model": "venue.ranking", "pk": 27, "fields": {"user_profile": 1, "rank": 1, "timestamp": "2018-05-11T12:15:59.359Z"}}, {"model": "venue.ranking", "pk": 28, "fields": {"user_profile": 1, "rank": 1, "timestamp": "2018-05-11T12:17:59.409Z"}}, {"model": "venue.ranking", "pk": 29, "fields": {"user_profile": 1, "rank": 1, "timestamp": "2018-05-11T12:19:59.451Z"}}, {"model": "venue.ranking", "pk": 30, "fields": {"user_profile": 1, "rank": 1, "timestamp": "2018-05-11T12:21:58.728Z"}}, {"model": "venue.ranking", "pk": 31, "fields": {"user_profile": 1, "rank": 1, "timestamp": "2018-05-11T12:23:59.351Z"}}, {"model": "venue.ranking", "pk": 32, "fields": {"user_profile": 1, "rank": 1, "timestamp": "2018-05-11T12:25:59.567Z"}}, {"model": "venue.ranking", "pk": 33, "fields": {"user_profile": 1, "rank": 1, "timestamp": "2018-05-11T12:27:59.739Z"}}, {"model": "venue.ranking", "pk": 34, "fields": {"user_profile": 1, "rank": 1, "timestamp": "2018-05-11T12:29:59.046Z"}}, {"model": "venue.ranking", "pk": 35, "fields": {"user_profile": 1, "rank": 1, "timestamp": "2018-05-11T12:31:59.755Z"}}, {"model": "venue.ranking", "pk": 36, "fields": {"user_profile": 1, "rank": 1, "timestamp": "2018-05-11T12:33:59.158Z"}}, {"model": "venue.ranking", "pk": 37, "fields": {"user_profile": 1, "rank": 1, "timestamp": "2018-05-11T12:35:59.875Z"}}, {"model": "venue.ranking", "pk": 38, "fields": {"user_profile": 1, "rank": 1, "timestamp": "2018-05-11T12:37:59.976Z"}}, {"model": "venue.ranking", "pk": 39, "fields": {"user_profile": 1, "rank": 1, "timestamp": "2018-05-11T12:39:59.221Z"}}, {"model": "venue.ranking", "pk": 40, "fields": {"user_profile": 1, "rank": 1, "timestamp": "2018-05-11T12:42:00.085Z"}}, {"model": "venue.ranking", "pk": 41, "fields": {"user_profile": 1, "rank": 1, "timestamp": "2018-05-11T12:44:00.079Z"}}, {"model": "venue.ranking", "pk": 42, "fields": {"user_profile": 1, "rank": 1, "timestamp": "2018-05-11T12:45:59.444Z"}}, {"model": "venue.ranking", "pk": 43, "fields": {"user_profile": 1, "rank": 1, "timestamp": "2018-05-11T12:47:59.512Z"}}, {"model": "venue.ranking", "pk": 44, "fields": {"user_profile": 1, "rank": 1, "timestamp": "2018-05-11T12:50:00.395Z"}}, {"model": "venue.ranking", "pk": 45, "fields": {"user_profile": 1, "rank": 1, "timestamp": "2018-05-11T12:52:00.583Z"}}, {"model": "venue.ranking", "pk": 46, "fields": {"user_profile": 1, "rank": 1, "timestamp": "2018-05-11T12:53:59.761Z"}}, {"model": "venue.ranking", "pk": 47, "fields": {"user_profile": 1, "rank": 1, "timestamp": "2018-05-11T12:56:00.508Z"}}, {"model": "venue.ranking", "pk": 48, "fields": {"user_profile": 1, "rank": 1, "timestamp": "2018-05-11T12:58:00.628Z"}}, {"model": "venue.ranking", "pk": 49, "fields": {"user_profile": 1, "rank": 1, "timestamp": "2018-05-11T13:00:00.696Z"}}, {"model": "venue.ranking", "pk": 50, "fields": {"user_profile": 1, "rank": 1, "timestamp": "2018-05-11T13:02:00.718Z"}}, {"model": "venue.ranking", "pk": 51, "fields": {"user_profile": 1, "rank": 1, "timestamp": "2018-05-11T13:04:00.775Z"}}, {"model": "venue.ranking", "pk": 52, "fields": {"user_profile": 1, "rank": 1, "timestamp": "2018-05-11T13:06:00.876Z"}}, {"model": "venue.ranking", "pk": 53, "fields": {"user_profile": 1, "rank": 1, "timestamp": "2018-05-11T13:08:00.977Z"}}, {"model": "venue.ranking", "pk": 54, "fields": {"user_profile": 1, "rank": 1, "timestamp": "2018-05-11T13:10:00.376Z"}}, {"model": "venue.ranking", "pk": 55, "fields": {"user_profile": 1, "rank": 1, "timestamp": "2018-05-11T13:12:00.463Z"}}, {"model": "venue.ranking", "pk": 56, "fields": {"user_profile": 1, "rank": 1, "timestamp": "2018-05-11T13:14:03.719Z"}}, {"model": "venue.ranking", "pk": 57, "fields": {"user_profile": 1, "rank": 1, "timestamp": "2018-05-11T13:16:00.787Z"}}, {"model": "venue.ranking", "pk": 58, "fields": {"user_profile": 2, "rank": 2, "timestamp": "2018-05-11T13:16:00.791Z"}}, {"model": "venue.ranking", "pk": 59, "fields": {"user_profile": 2, "rank": 1, "timestamp": "2018-05-11T13:17:59.152Z"}}, {"model": "venue.ranking", "pk": 60, "fields": {"user_profile": 1, "rank": 2, "timestamp": "2018-05-11T13:17:59.154Z"}}, {"model": "venue.ranking", "pk": 61, "fields": {"user_profile": 2, "rank": 1, "timestamp": "2018-05-11T13:18:00.803Z"}}, {"model": "venue.ranking", "pk": 62, "fields": {"user_profile": 1, "rank": 2, "timestamp": "2018-05-11T13:18:00.805Z"}}, {"model": "venue.ranking", "pk": 63, "fields": {"user_profile": 2, "rank": 1, "timestamp": "2018-05-11T13:18:00.807Z"}}, {"model": "venue.ranking", "pk": 64, "fields": {"user_profile": 1, "rank": 2, "timestamp": "2018-05-11T13:18:00.810Z"}}, {"model": "venue.ranking", "pk": 65, "fields": {"user_profile": 2, "rank": 1, "timestamp": "2018-05-11T13:20:02.327Z"}}, {"model": "venue.ranking", "pk": 66, "fields": {"user_profile": 1, "rank": 2, "timestamp": "2018-05-11T13:20:02.330Z"}}, {"model": "venue.ranking", "pk": 67, "fields": {"user_profile": 2, "rank": 1, "timestamp": "2018-05-11T13:22:01.765Z"}}, {"model": "venue.ranking", "pk": 68, "fields": {"user_profile": 1, "rank": 2, "timestamp": "2018-05-11T13:22:01.769Z"}}, {"model": "venue.ranking", "pk": 69, "fields": {"user_profile": 2, "rank": 1, "timestamp": "2018-05-11T13:22:01.808Z"}}, {"model": "venue.ranking", "pk": 70, "fields": {"user_profile": 1, "rank": 2, "timestamp": "2018-05-11T13:22:01.812Z"}}, {"model": "venue.ranking", "pk": 71, "fields": {"user_profile": 1, "rank": 1, "timestamp": "2018-05-11T13:31:26.644Z"}}, {"model": "venue.ranking", "pk": 72, "fields": {"user_profile": 2, "rank": 2, "timestamp": "2018-05-11T13:31:26.648Z"}}, {"model": "venue.ranking", "pk": 73, "fields": {"user_profile": 1, "rank": 1, "timestamp": "2018-05-11T13:31:26.677Z"}}, {"model": "venue.ranking", "pk": 74, "fields": {"user_profile": 2, "rank": 2, "timestamp": "2018-05-11T13:31:26.679Z"}}, {"model": "venue.ranking", "pk": 75, "fields": {"user_profile": 1, "rank": 1, "timestamp": "2018-05-11T13:33:24.562Z"}}, {"model": "venue.ranking", "pk": 76, "fields": {"user_profile": 2, "rank": 2, "timestamp": "2018-05-11T13:33:24.581Z"}}, {"model": "venue.ranking", "pk": 77, "fields": {"user_profile": 1, "rank": 1, "timestamp": "2018-05-11T13:33:24.636Z"}}, {"model": "venue.ranking", "pk": 78, "fields": {"user_profile": 2, "rank": 2, "timestamp": "2018-05-11T13:33:24.639Z"}}, {"model": "venue.ranking", "pk": 79, "fields": {"user_profile": 1, "rank": 1, "timestamp": "2018-05-11T13:35:24.649Z"}}, {"model": "venue.ranking", "pk": 80, "fields": {"user_profile": 2, "rank": 2, "timestamp": "2018-05-11T13:35:24.652Z"}}, {"model": "venue.ranking", "pk": 81, "fields": {"user_profile": 1, "rank": 1, "timestamp": "2018-05-11T13:35:24.690Z"}}, {"model": "venue.ranking", "pk": 82, "fields": {"user_profile": 2, "rank": 2, "timestamp": "2018-05-11T13:35:24.692Z"}}, {"model": "venue.ranking", "pk": 83, "fields": {"user_profile": 1, "rank": 1, "timestamp": "2018-05-11T13:37:24.846Z"}}, {"model": "venue.ranking", "pk": 84, "fields": {"user_profile": 2, "rank": 2, "timestamp": "2018-05-11T13:37:24.849Z"}}, {"model": "venue.ranking", "pk": 85, "fields": {"user_profile": 1, "rank": 1, "timestamp": "2018-05-11T13:37:24.865Z"}}, {"model": "venue.ranking", "pk": 86, "fields": {"user_profile": 2, "rank": 2, "timestamp": "2018-05-11T13:37:24.868Z"}}, {"model": "venue.ranking", "pk": 87, "fields": {"user_profile": 1, "rank": 1, "timestamp": "2018-05-11T13:39:33.457Z"}}, {"model": "venue.ranking", "pk": 88, "fields": {"user_profile": 2, "rank": 2, "timestamp": "2018-05-11T13:39:33.459Z"}}, {"model": "venue.ranking", "pk": 89, "fields": {"user_profile": 1, "rank": 1, "timestamp": "2018-05-11T13:39:33.534Z"}}, {"model": "venue.ranking", "pk": 90, "fields": {"user_profile": 2, "rank": 2, "timestamp": "2018-05-11T13:39:33.537Z"}}, {"model": "venue.forumprofile", "pk": 2, "fields": {"user_profile": 1, "forum": 1, "forum_rank": 2, "forum_username": "joemarct", "forum_user_id": "129913", "profile_url": "https", "signature": 3, "verification_code": "V2lUzk8j", "active": true, "verified": true, "date_verified": "2018-05-08T04:02:27Z", "date_added": "2018-05-08T04:02:07Z", "date_updated": "2017-01-01T03:27:47.277Z"}}, {"model": "venue.forumprofile", "pk": 3, "fields": {"user_profile": 2, "forum": 1, "forum_rank": 2, "forum_username": "scibiz", "forum_user_id": "1944971", "profile_url": "", "signature": 6, "verification_code": "bKWfkaYQ", "active": true, "verified": true, "date_verified": "2018-05-11T13:17:58.381Z", "date_added": "2018-05-11T13:17:43.288Z", "date_updated": "2018-05-11T13:17:58.381Z"}}, {"model": "venue.postuptimestats", "pk": 328, "fields": {"user_post_stats": 514, "valid_sig_seconds": 0, "invalid_sig_seconds": 0, "timestamp": "2018-05-09T08:30:04.804Z"}}, {"model": "venue.postuptimestats", "pk": 329, "fields": {"user_post_stats": 515, "valid_sig_seconds": 117, "invalid_sig_seconds": 0, "timestamp": "2018-05-09T08:32:02.187Z"}}, {"model": "venue.postuptimestats", "pk": 330, "fields": {"user_post_stats": 516, "valid_sig_seconds": 237, "invalid_sig_seconds": 0, "timestamp": "2018-05-09T08:34:03.013Z"}}, {"model": "venue.postuptimestats", "pk": 331, "fields": {"user_post_stats": 517, "valid_sig_seconds": 357, "invalid_sig_seconds": 0, "timestamp": "2018-05-09T08:36:03.111Z"}}, {"model": "venue.postuptimestats", "pk": 332, "fields": {"user_post_stats": 518, "valid_sig_seconds": 476, "invalid_sig_seconds": 0, "timestamp": "2018-05-09T08:38:03.080Z"}}, {"model": "venue.postuptimestats", "pk": 333, "fields": {"user_post_stats": 519, "valid_sig_seconds": 596, "invalid_sig_seconds": 0, "timestamp": "2018-05-09T08:40:03.205Z"}}, {"model": "venue.postuptimestats", "pk": 334, "fields": {"user_post_stats": 520, "valid_sig_seconds": 715, "invalid_sig_seconds": 0, "timestamp": "2018-05-09T08:42:02.582Z"}}, {"model": "venue.postuptimestats", "pk": 335, "fields": {"user_post_stats": 521, "valid_sig_seconds": 834, "invalid_sig_seconds": 0, "timestamp": "2018-05-09T08:44:02.582Z"}}, {"model": "venue.postuptimestats", "pk": 336, "fields": {"user_post_stats": 522, "valid_sig_seconds": 955, "invalid_sig_seconds": 0, "timestamp": "2018-05-09T08:46:03.707Z"}}, {"model": "venue.postuptimestats", "pk": 337, "fields": {"user_post_stats": 523, "valid_sig_seconds": 1074, "invalid_sig_seconds": 0, "timestamp": "2018-05-09T08:48:03.456Z"}}, {"model": "venue.postuptimestats", "pk": 338, "fields": {"user_post_stats": 524, "valid_sig_seconds": 1194, "invalid_sig_seconds": 0, "timestamp": "2018-05-09T08:50:03.480Z"}}, {"model": "venue.postuptimestats", "pk": 339, "fields": {"user_post_stats": 525, "valid_sig_seconds": 1313, "invalid_sig_seconds": 0, "timestamp": "2018-05-09T08:52:03.093Z"}}, {"model": "venue.postuptimestats", "pk": 340, "fields": {"user_post_stats": 526, "valid_sig_seconds": 1433, "invalid_sig_seconds": 0, "timestamp": "2018-05-09T08:54:03.616Z"}}, {"model": "venue.postuptimestats", "pk": 341, "fields": {"user_post_stats": 527, "valid_sig_seconds": 1552, "invalid_sig_seconds": 0, "timestamp": "2018-05-09T08:56:02.884Z"}}, {"model": "venue.postuptimestats", "pk": 342, "fields": {"user_post_stats": 528, "valid_sig_seconds": 1672, "invalid_sig_seconds": 0, "timestamp": "2018-05-09T08:58:03.003Z"}}, {"model": "venue.postuptimestats", "pk": 343, "fields": {"user_post_stats": 529, "valid_sig_seconds": 1792, "invalid_sig_seconds": 0, "timestamp": "2018-05-09T09:00:03.731Z"}}, {"model": "venue.postuptimestats", "pk": 376, "fields": {"user_post_stats": 562, "valid_sig_seconds": 12663, "invalid_sig_seconds": 0, "timestamp": "2018-05-09T12:01:14.951Z"}}, {"model": "venue.postuptimestats", "pk": 377, "fields": {"user_post_stats": 563, "valid_sig_seconds": 12663, "invalid_sig_seconds": 0, "timestamp": "2018-05-09T12:01:14.951Z"}}, {"model": "venue.postuptimestats", "pk": 378, "fields": {"user_post_stats": 564, "valid_sig_seconds": 12776, "invalid_sig_seconds": 0, "timestamp": "2018-05-09T12:03:07.996Z"}}, {"model": "venue.postuptimestats", "pk": 379, "fields": {"user_post_stats": 565, "valid_sig_seconds": 12895, "invalid_sig_seconds": 0, "timestamp": "2018-05-09T12:05:07.992Z"}}, {"model": "venue.postuptimestats", "pk": 380, "fields": {"user_post_stats": 566, "valid_sig_seconds": 13015, "invalid_sig_seconds": 0, "timestamp": "2018-05-09T12:07:08.048Z"}}, {"model": "venue.postuptimestats", "pk": 381, "fields": {"user_post_stats": 567, "valid_sig_seconds": 13135, "invalid_sig_seconds": 0, "timestamp": "2018-05-09T12:09:08.146Z"}}, {"model": "venue.postuptimestats", "pk": 382, "fields": {"user_post_stats": 568, "valid_sig_seconds": 13255, "invalid_sig_seconds": 0, "timestamp": "2018-05-09T12:11:08.506Z"}}, {"model": "venue.postuptimestats", "pk": 383, "fields": {"user_post_stats": 569, "valid_sig_seconds": 13374, "invalid_sig_seconds": 0, "timestamp": "2018-05-09T12:13:08.268Z"}}, {"model": "venue.postuptimestats", "pk": 384, "fields": {"user_post_stats": 570, "valid_sig_seconds": 13493, "invalid_sig_seconds": 0, "timestamp": "2018-05-09T12:15:07.685Z"}}, {"model": "venue.postuptimestats", "pk": 385, "fields": {"user_post_stats": 571, "valid_sig_seconds": 13613, "invalid_sig_seconds": 0, "timestamp": "2018-05-09T12:17:07.789Z"}}, {"model": "venue.postuptimestats", "pk": 386, "fields": {"user_post_stats": 572, "valid_sig_seconds": 13732, "invalid_sig_seconds": 0, "timestamp": "2018-05-09T12:19:07.788Z"}}, {"model": "venue.postuptimestats", "pk": 387, "fields": {"user_post_stats": 573, "valid_sig_seconds": 13852, "invalid_sig_seconds": 0, "timestamp": "2018-05-09T12:21:07.810Z"}}, {"model": "venue.postuptimestats", "pk": 388, "fields": {"user_post_stats": 574, "valid_sig_seconds": 13972, "invalid_sig_seconds": 0, "timestamp": "2018-05-09T12:23:07.897Z"}}, {"model": "venue.postuptimestats", "pk": 389, "fields": {"user_post_stats": 575, "valid_sig_seconds": 14092, "invalid_sig_seconds": 0, "timestamp": "2018-05-09T12:25:08.093Z"}}, {"model": "venue.postuptimestats", "pk": 390, "fields": {"user_post_stats": 576, "valid_sig_seconds": 14212, "invalid_sig_seconds": 0, "timestamp": "2018-05-09T12:27:08.819Z"}}, {"model": "venue.postuptimestats", "pk": 391, "fields": {"user_post_stats": 577, "valid_sig_seconds": 14331, "invalid_sig_seconds": 0, "timestamp": "2018-05-09T12:29:08.754Z"}}, {"model": "venue.postuptimestats", "pk": 392, "fields": {"user_post_stats": 578, "valid_sig_seconds": 14451, "invalid_sig_seconds": 0, "timestamp": "2018-05-09T12:31:08.886Z"}}, {"model": "venue.postuptimestats", "pk": 393, "fields": {"user_post_stats": 579, "valid_sig_seconds": 14570, "invalid_sig_seconds": 0, "timestamp": "2018-05-09T12:33:08.194Z"}}, {"model": "venue.postuptimestats", "pk": 394, "fields": {"user_post_stats": 580, "valid_sig_seconds": 14690, "invalid_sig_seconds": 0, "timestamp": "2018-05-09T12:35:08.395Z"}}, {"model": "venue.postuptimestats", "pk": 395, "fields": {"user_post_stats": 581, "valid_sig_seconds": 14690, "invalid_sig_seconds": 120, "timestamp": "2018-05-09T12:37:08.416Z"}}, {"model": "venue.postuptimestats", "pk": 396, "fields": {"user_post_stats": 582, "valid_sig_seconds": 14690, "invalid_sig_seconds": 240, "timestamp": "2018-05-09T12:39:09.302Z"}}, {"model": "venue.postuptimestats", "pk": 397, "fields": {"user_post_stats": 583, "valid_sig_seconds": 14690, "invalid_sig_seconds": 360, "timestamp": "2018-05-09T12:41:09.584Z"}}, {"model": "venue.postuptimestats", "pk": 398, "fields": {"user_post_stats": 584, "valid_sig_seconds": 14690, "invalid_sig_seconds": 960, "timestamp": "2018-05-09T12:51:09.674Z"}}, {"model": "venue.postuptimestats", "pk": 399, "fields": {"user_post_stats": 585, "valid_sig_seconds": 14690, "invalid_sig_seconds": 1080, "timestamp": "2018-05-09T12:53:09.714Z"}}, {"model": "venue.postuptimestats", "pk": 400, "fields": {"user_post_stats": 586, "valid_sig_seconds": 14690, "invalid_sig_seconds": 1199, "timestamp": "2018-05-09T12:55:09.324Z"}}, {"model": "venue.postuptimestats", "pk": 401, "fields": {"user_post_stats": 587, "valid_sig_seconds": 14690, "invalid_sig_seconds": 1319, "timestamp": "2018-05-09T12:57:10.045Z"}}, {"model": "venue.postuptimestats", "pk": 402, "fields": {"user_post_stats": 588, "valid_sig_seconds": 14690, "invalid_sig_seconds": 1439, "timestamp": "2018-05-09T12:59:10.113Z"}}, {"model": "venue.postuptimestats", "pk": 403, "fields": {"user_post_stats": 589, "valid_sig_seconds": 14690, "invalid_sig_seconds": 1559, "timestamp": "2018-05-09T13:01:10.162Z"}}, {"model": "venue.postuptimestats", "pk": 404, "fields": {"user_post_stats": 590, "valid_sig_seconds": 14690, "invalid_sig_seconds": 1679, "timestamp": "2018-05-09T13:03:10.172Z"}}, {"model": "venue.postuptimestats", "pk": 405, "fields": {"user_post_stats": 591, "valid_sig_seconds": 14809, "invalid_sig_seconds": 1679, "timestamp": "2018-05-09T13:05:09.397Z"}}, {"model": "venue.postuptimestats", "pk": 406, "fields": {"user_post_stats": 592, "valid_sig_seconds": 14929, "invalid_sig_seconds": 1679, "timestamp": "2018-05-09T13:07:10.310Z"}}, {"model": "venue.postuptimestats", "pk": 407, "fields": {"user_post_stats": 593, "valid_sig_seconds": 15049, "invalid_sig_seconds": 1679, "timestamp": "2018-05-09T13:09:10.403Z"}}, {"model": "venue.postuptimestats", "pk": 408, "fields": {"user_post_stats": 594, "valid_sig_seconds": 15169, "invalid_sig_seconds": 1679, "timestamp": "2018-05-09T13:11:10.435Z"}}, {"model": "venue.postuptimestats", "pk": 409, "fields": {"user_post_stats": 595, "valid_sig_seconds": 15289, "invalid_sig_seconds": 1679, "timestamp": "2018-05-09T13:13:10.519Z"}}, {"model": "venue.postuptimestats", "pk": 410, "fields": {"user_post_stats": 596, "valid_sig_seconds": 15409, "invalid_sig_seconds": 1679, "timestamp": "2018-05-09T13:15:10.672Z"}}, {"model": "venue.postuptimestats", "pk": 411, "fields": {"user_post_stats": 597, "valid_sig_seconds": 15529, "invalid_sig_seconds": 1679, "timestamp": "2018-05-09T13:17:10.750Z"}}, {"model": "venue.postuptimestats", "pk": 412, "fields": {"user_post_stats": 598, "valid_sig_seconds": 15648, "invalid_sig_seconds": 1679, "timestamp": "2018-05-09T13:19:10.056Z"}}, {"model": "venue.postuptimestats", "pk": 413, "fields": {"user_post_stats": 599, "valid_sig_seconds": 15768, "invalid_sig_seconds": 1679, "timestamp": "2018-05-09T13:21:10.261Z"}}, {"model": "venue.postuptimestats", "pk": 414, "fields": {"user_post_stats": 600, "valid_sig_seconds": 15888, "invalid_sig_seconds": 1679, "timestamp": "2018-05-09T13:23:10.933Z"}}, {"model": "venue.postuptimestats", "pk": 415, "fields": {"user_post_stats": 601, "valid_sig_seconds": 16008, "invalid_sig_seconds": 1679, "timestamp": "2018-05-09T13:25:11.129Z"}}, {"model": "venue.postuptimestats", "pk": 416, "fields": {"user_post_stats": 602, "valid_sig_seconds": 16128, "invalid_sig_seconds": 1679, "timestamp": "2018-05-09T13:27:11.285Z"}}, {"model": "venue.postuptimestats", "pk": 417, "fields": {"user_post_stats": 603, "valid_sig_seconds": 16247, "invalid_sig_seconds": 1679, "timestamp": "2018-05-09T13:29:10.476Z"}}, {"model": "venue.postuptimestats", "pk": 418, "fields": {"user_post_stats": 604, "valid_sig_seconds": 16366, "invalid_sig_seconds": 1679, "timestamp": "2018-05-09T13:31:10.391Z"}}, {"model": "venue.postuptimestats", "pk": 419, "fields": {"user_post_stats": 605, "valid_sig_seconds": 16428, "invalid_sig_seconds": 1679, "timestamp": "2018-05-09T13:32:12.868Z"}}, {"model": "venue.postuptimestats", "pk": 420, "fields": {"user_post_stats": 606, "valid_sig_seconds": 16546, "invalid_sig_seconds": 1679, "timestamp": "2018-05-09T13:34:11.442Z"}}, {"model": "venue.postuptimestats", "pk": 421, "fields": {"user_post_stats": 607, "valid_sig_seconds": 16666, "invalid_sig_seconds": 1679, "timestamp": "2018-05-09T13:36:11.556Z"}}, {"model": "venue.postuptimestats", "pk": 422, "fields": {"user_post_stats": 608, "valid_sig_seconds": 16785, "invalid_sig_seconds": 1679, "timestamp": "2018-05-09T13:38:11.496Z"}}, {"model": "venue.postuptimestats", "pk": 423, "fields": {"user_post_stats": 609, "valid_sig_seconds": 16991, "invalid_sig_seconds": 1679, "timestamp": "2018-05-09T13:41:38.133Z"}}, {"model": "venue.postuptimestats", "pk": 424, "fields": {"user_post_stats": 610, "valid_sig_seconds": 17110, "invalid_sig_seconds": 1679, "timestamp": "2018-05-09T13:43:37.263Z"}}, {"model": "venue.postuptimestats", "pk": 425, "fields": {"user_post_stats": 611, "valid_sig_seconds": 17230, "invalid_sig_seconds": 1679, "timestamp": "2018-05-09T13:45:38.216Z"}}, {"model": "venue.postuptimestats", "pk": 426, "fields": {"user_post_stats": 612, "valid_sig_seconds": 17350, "invalid_sig_seconds": 1679, "timestamp": "2018-05-09T13:47:38.570Z"}}, {"model": "venue.postuptimestats", "pk": 427, "fields": {"user_post_stats": 613, "valid_sig_seconds": 17470, "invalid_sig_seconds": 1679, "timestamp": "2018-05-09T13:49:39.088Z"}}, {"model": "venue.postuptimestats", "pk": 428, "fields": {"user_post_stats": 614, "valid_sig_seconds": 17590, "invalid_sig_seconds": 1679, "timestamp": "2018-05-09T13:51:39.769Z"}}, {"model": "venue.postuptimestats", "pk": 429, "fields": {"user_post_stats": 615, "valid_sig_seconds": 168369, "invalid_sig_seconds": 1679, "timestamp": "2018-05-11T07:44:39.742Z"}}, {"model": "venue.postuptimestats", "pk": 430, "fields": {"user_post_stats": 616, "valid_sig_seconds": 168369, "invalid_sig_seconds": 1679, "timestamp": "2018-05-11T07:44:40.332Z"}}, {"model": "venue.postuptimestats", "pk": 431, "fields": {"user_post_stats": 617, "valid_sig_seconds": 168483, "invalid_sig_seconds": 1679, "timestamp": "2018-05-11T07:46:34.968Z"}}, {"model": "venue.postuptimestats", "pk": 432, "fields": {"user_post_stats": 618, "valid_sig_seconds": 168628, "invalid_sig_seconds": 1679, "timestamp": "2018-05-11T07:49:00.397Z"}}, {"model": "venue.postuptimestats", "pk": 433, "fields": {"user_post_stats": 619, "valid_sig_seconds": 168747, "invalid_sig_seconds": 1679, "timestamp": "2018-05-11T07:50:59.485Z"}}, {"model": "venue.postuptimestats", "pk": 434, "fields": {"user_post_stats": 620, "valid_sig_seconds": 168866, "invalid_sig_seconds": 1679, "timestamp": "2018-05-11T07:52:58.896Z"}}, {"model": "venue.postuptimestats", "pk": 435, "fields": {"user_post_stats": 621, "valid_sig_seconds": 168906, "invalid_sig_seconds": 1679, "timestamp": "2018-05-11T07:53:39.158Z"}}, {"model": "venue.postuptimestats", "pk": 436, "fields": {"user_post_stats": 622, "valid_sig_seconds": 169026, "invalid_sig_seconds": 1679, "timestamp": "2018-05-11T07:55:39.874Z"}}, {"model": "venue.postuptimestats", "pk": 437, "fields": {"user_post_stats": 623, "valid_sig_seconds": 169061, "invalid_sig_seconds": 1679, "timestamp": "2018-05-11T07:56:15.811Z"}}, {"model": "venue.postuptimestats", "pk": 438, "fields": {"user_post_stats": 624, "valid_sig_seconds": 169180, "invalid_sig_seconds": 1679, "timestamp": "2018-05-11T07:58:15.364Z"}}, {"model": "venue.postuptimestats", "pk": 439, "fields": {"user_post_stats": 625, "valid_sig_seconds": 169299, "invalid_sig_seconds": 1679, "timestamp": "2018-05-11T08:00:15.334Z"}}, {"model": "venue.postuptimestats", "pk": 440, "fields": {"user_post_stats": 626, "valid_sig_seconds": 169420, "invalid_sig_seconds": 1679, "timestamp": "2018-05-11T08:02:16.484Z"}}, {"model": "venue.postuptimestats", "pk": 441, "fields": {"user_post_stats": 628, "valid_sig_seconds": 183100, "invalid_sig_seconds": 1679, "timestamp": "2018-05-11T11:50:17.119Z"}}, {"model": "venue.postuptimestats", "pk": 442, "fields": {"user_post_stats": 627, "valid_sig_seconds": 183100, "invalid_sig_seconds": 1679, "timestamp": "2018-05-11T11:50:17.119Z"}}, {"model": "venue.postuptimestats", "pk": 443, "fields": {"user_post_stats": 629, "valid_sig_seconds": 183218, "invalid_sig_seconds": 1679, "timestamp": "2018-05-11T11:52:15.137Z"}}, {"model": "venue.postuptimestats", "pk": 444, "fields": {"user_post_stats": 630, "valid_sig_seconds": 183338, "invalid_sig_seconds": 1679, "timestamp": "2018-05-11T11:54:15.247Z"}}, {"model": "venue.postuptimestats", "pk": 445, "fields": {"user_post_stats": 631, "valid_sig_seconds": 183440, "invalid_sig_seconds": 1679, "timestamp": "2018-05-11T11:55:57.903Z"}}, {"model": "venue.postuptimestats", "pk": 446, "fields": {"user_post_stats": 632, "valid_sig_seconds": 183560, "invalid_sig_seconds": 1679, "timestamp": "2018-05-11T11:57:58.699Z"}}, {"model": "venue.postuptimestats", "pk": 447, "fields": {"user_post_stats": 633, "valid_sig_seconds": 183680, "invalid_sig_seconds": 1679, "timestamp": "2018-05-11T11:59:58.724Z"}}, {"model": "venue.postuptimestats", "pk": 448, "fields": {"user_post_stats": 634, "valid_sig_seconds": 183799, "invalid_sig_seconds": 1679, "timestamp": "2018-05-11T12:01:57.997Z"}}, {"model": "venue.postuptimestats", "pk": 449, "fields": {"user_post_stats": 635, "valid_sig_seconds": 183919, "invalid_sig_seconds": 1679, "timestamp": "2018-05-11T12:03:58.865Z"}}, {"model": "venue.postuptimestats", "pk": 450, "fields": {"user_post_stats": 636, "valid_sig_seconds": 184038, "invalid_sig_seconds": 1679, "timestamp": "2018-05-11T12:05:58.865Z"}}, {"model": "venue.postuptimestats", "pk": 451, "fields": {"user_post_stats": 637, "valid_sig_seconds": 184158, "invalid_sig_seconds": 1679, "timestamp": "2018-05-11T12:07:58.919Z"}}, {"model": "venue.postuptimestats", "pk": 452, "fields": {"user_post_stats": 638, "valid_sig_seconds": 184277, "invalid_sig_seconds": 1679, "timestamp": "2018-05-11T12:09:58.207Z"}}, {"model": "venue.postuptimestats", "pk": 453, "fields": {"user_post_stats": 639, "valid_sig_seconds": 184397, "invalid_sig_seconds": 1679, "timestamp": "2018-05-11T12:11:59.131Z"}}, {"model": "venue.postuptimestats", "pk": 454, "fields": {"user_post_stats": 640, "valid_sig_seconds": 184516, "invalid_sig_seconds": 1679, "timestamp": "2018-05-11T12:13:58.421Z"}}, {"model": "venue.postuptimestats", "pk": 455, "fields": {"user_post_stats": 641, "valid_sig_seconds": 184636, "invalid_sig_seconds": 1679, "timestamp": "2018-05-11T12:15:59.337Z"}}, {"model": "venue.postuptimestats", "pk": 456, "fields": {"user_post_stats": 642, "valid_sig_seconds": 184756, "invalid_sig_seconds": 1679, "timestamp": "2018-05-11T12:17:59.385Z"}}, {"model": "venue.postuptimestats", "pk": 457, "fields": {"user_post_stats": 643, "valid_sig_seconds": 184876, "invalid_sig_seconds": 1679, "timestamp": "2018-05-11T12:19:59.428Z"}}, {"model": "venue.postuptimestats", "pk": 458, "fields": {"user_post_stats": 644, "valid_sig_seconds": 184995, "invalid_sig_seconds": 1679, "timestamp": "2018-05-11T12:21:58.703Z"}}, {"model": "venue.postuptimestats", "pk": 459, "fields": {"user_post_stats": 645, "valid_sig_seconds": 185115, "invalid_sig_seconds": 1679, "timestamp": "2018-05-11T12:23:59.323Z"}}, {"model": "venue.postuptimestats", "pk": 460, "fields": {"user_post_stats": 646, "valid_sig_seconds": 185235, "invalid_sig_seconds": 1679, "timestamp": "2018-05-11T12:25:59.543Z"}}, {"model": "venue.postuptimestats", "pk": 461, "fields": {"user_post_stats": 647, "valid_sig_seconds": 185355, "invalid_sig_seconds": 1679, "timestamp": "2018-05-11T12:27:59.700Z"}}, {"model": "venue.postuptimestats", "pk": 462, "fields": {"user_post_stats": 648, "valid_sig_seconds": 185474, "invalid_sig_seconds": 1679, "timestamp": "2018-05-11T12:29:59.016Z"}}, {"model": "venue.postuptimestats", "pk": 463, "fields": {"user_post_stats": 649, "valid_sig_seconds": 185594, "invalid_sig_seconds": 1679, "timestamp": "2018-05-11T12:31:59.731Z"}}, {"model": "venue.postuptimestats", "pk": 464, "fields": {"user_post_stats": 650, "valid_sig_seconds": 185713, "invalid_sig_seconds": 1679, "timestamp": "2018-05-11T12:33:59.128Z"}}, {"model": "venue.postuptimestats", "pk": 465, "fields": {"user_post_stats": 651, "valid_sig_seconds": 185833, "invalid_sig_seconds": 1679, "timestamp": "2018-05-11T12:35:59.851Z"}}, {"model": "venue.postuptimestats", "pk": 466, "fields": {"user_post_stats": 652, "valid_sig_seconds": 185953, "invalid_sig_seconds": 1679, "timestamp": "2018-05-11T12:37:59.944Z"}}, {"model": "venue.postuptimestats", "pk": 467, "fields": {"user_post_stats": 653, "valid_sig_seconds": 186072, "invalid_sig_seconds": 1679, "timestamp": "2018-05-11T12:39:59.197Z"}}, {"model": "venue.postuptimestats", "pk": 468, "fields": {"user_post_stats": 654, "valid_sig_seconds": 186192, "invalid_sig_seconds": 1679, "timestamp": "2018-05-11T12:42:00.059Z"}}, {"model": "venue.postuptimestats", "pk": 469, "fields": {"user_post_stats": 655, "valid_sig_seconds": 186311, "invalid_sig_seconds": 1679, "timestamp": "2018-05-11T12:44:00.041Z"}}, {"model": "venue.postuptimestats", "pk": 470, "fields": {"user_post_stats": 656, "valid_sig_seconds": 186430, "invalid_sig_seconds": 1679, "timestamp": "2018-05-11T12:45:59.417Z"}}, {"model": "venue.postuptimestats", "pk": 471, "fields": {"user_post_stats": 657, "valid_sig_seconds": 186550, "invalid_sig_seconds": 1679, "timestamp": "2018-05-11T12:47:59.487Z"}}, {"model": "venue.postuptimestats", "pk": 472, "fields": {"user_post_stats": 658, "valid_sig_seconds": 186670, "invalid_sig_seconds": 1679, "timestamp": "2018-05-11T12:50:00.354Z"}}, {"model": "venue.postuptimestats", "pk": 473, "fields": {"user_post_stats": 659, "valid_sig_seconds": 186790, "invalid_sig_seconds": 1679, "timestamp": "2018-05-11T12:52:00.547Z"}}, {"model": "venue.postuptimestats", "pk": 474, "fields": {"user_post_stats": 660, "valid_sig_seconds": 186909, "invalid_sig_seconds": 1679, "timestamp": "2018-05-11T12:53:59.730Z"}}, {"model": "venue.postuptimestats", "pk": 475, "fields": {"user_post_stats": 661, "valid_sig_seconds": 187029, "invalid_sig_seconds": 1679, "timestamp": "2018-05-11T12:56:00.481Z"}}, {"model": "venue.postuptimestats", "pk": 476, "fields": {"user_post_stats": 662, "valid_sig_seconds": 187149, "invalid_sig_seconds": 1679, "timestamp": "2018-05-11T12:58:00.601Z"}}, {"model": "venue.postuptimestats", "pk": 477, "fields": {"user_post_stats": 663, "valid_sig_seconds": 187269, "invalid_sig_seconds": 1679, "timestamp": "2018-05-11T13:00:00.670Z"}}, {"model": "venue.postuptimestats", "pk": 478, "fields": {"user_post_stats": 664, "valid_sig_seconds": 187389, "invalid_sig_seconds": 1679, "timestamp": "2018-05-11T13:02:00.693Z"}}, {"model": "venue.postuptimestats", "pk": 479, "fields": {"user_post_stats": 665, "valid_sig_seconds": 187509, "invalid_sig_seconds": 1679, "timestamp": "2018-05-11T13:04:00.752Z"}}, {"model": "venue.postuptimestats", "pk": 480, "fields": {"user_post_stats": 666, "valid_sig_seconds": 187629, "invalid_sig_seconds": 1679, "timestamp": "2018-05-11T13:06:00.848Z"}}, {"model": "venue.postuptimestats", "pk": 481, "fields": {"user_post_stats": 667, "valid_sig_seconds": 187749, "invalid_sig_seconds": 1679, "timestamp": "2018-05-11T13:08:00.952Z"}}, {"model": "venue.postuptimestats", "pk": 482, "fields": {"user_post_stats": 668, "valid_sig_seconds": 187868, "invalid_sig_seconds": 1679, "timestamp": "2018-05-11T13:10:00.346Z"}}, {"model": "venue.postuptimestats", "pk": 483, "fields": {"user_post_stats": 669, "valid_sig_seconds": 187988, "invalid_sig_seconds": 1679, "timestamp": "2018-05-11T13:12:00.437Z"}}, {"model": "venue.postuptimestats", "pk": 484, "fields": {"user_post_stats": 670, "valid_sig_seconds": 188111, "invalid_sig_seconds": 1679, "timestamp": "2018-05-11T13:14:03.696Z"}}, {"model": "venue.postuptimestats", "pk": 485, "fields": {"user_post_stats": 671, "valid_sig_seconds": 188227, "invalid_sig_seconds": 1679, "timestamp": "2018-05-11T13:16:00.692Z"}}, {"model": "venue.postuptimestats", "pk": 486, "fields": {"user_post_stats": 672, "valid_sig_seconds": 0, "invalid_sig_seconds": 0, "timestamp": "2018-05-11T13:17:59.109Z"}}, {"model": "venue.postuptimestats", "pk": 487, "fields": {"user_post_stats": 673, "valid_sig_seconds": 1, "invalid_sig_seconds": 0, "timestamp": "2018-05-11T13:18:00.748Z"}}, {"model": "venue.postuptimestats", "pk": 488, "fields": {"user_post_stats": 674, "valid_sig_seconds": 188347, "invalid_sig_seconds": 1679, "timestamp": "2018-05-11T13:18:00.758Z"}}, {"model": "venue.postuptimestats", "pk": 489, "fields": {"user_post_stats": 675, "valid_sig_seconds": 122, "invalid_sig_seconds": 0, "timestamp": "2018-05-11T13:20:02.192Z"}}, {"model": "venue.postuptimestats", "pk": 490, "fields": {"user_post_stats": 676, "valid_sig_seconds": 188468, "invalid_sig_seconds": 1679, "timestamp": "2018-05-11T13:20:02.235Z"}}, {"model": "venue.postuptimestats", "pk": 491, "fields": {"user_post_stats": 677, "valid_sig_seconds": 241, "invalid_sig_seconds": 0, "timestamp": "2018-05-11T13:22:01.639Z"}}, {"model": "venue.postuptimestats", "pk": 492, "fields": {"user_post_stats": 678, "valid_sig_seconds": 188587, "invalid_sig_seconds": 1679, "timestamp": "2018-05-11T13:22:01.685Z"}}, {"model": "venue.postuptimestats", "pk": 493, "fields": {"user_post_stats": 680, "valid_sig_seconds": 189151, "invalid_sig_seconds": 1679, "timestamp": "2018-05-11T13:31:26.581Z"}}, {"model": "venue.postuptimestats", "pk": 494, "fields": {"user_post_stats": 679, "valid_sig_seconds": 805, "invalid_sig_seconds": 0, "timestamp": "2018-05-11T13:31:26.583Z"}}, {"model": "venue.postuptimestats", "pk": 495, "fields": {"user_post_stats": 681, "valid_sig_seconds": 189268, "invalid_sig_seconds": 1679, "timestamp": "2018-05-11T13:33:24.494Z"}}, {"model": "venue.postuptimestats", "pk": 496, "fields": {"user_post_stats": 682, "valid_sig_seconds": 922, "invalid_sig_seconds": 0, "timestamp": "2018-05-11T13:33:24.569Z"}}, {"model": "venue.postuptimestats", "pk": 497, "fields": {"user_post_stats": 683, "valid_sig_seconds": 189388, "invalid_sig_seconds": 1679, "timestamp": "2018-05-11T13:35:24.599Z"}}, {"model": "venue.postuptimestats", "pk": 498, "fields": {"user_post_stats": 684, "valid_sig_seconds": 1042, "invalid_sig_seconds": 0, "timestamp": "2018-05-11T13:35:24.645Z"}}, {"model": "venue.postuptimestats", "pk": 499, "fields": {"user_post_stats": 685, "valid_sig_seconds": 1162, "invalid_sig_seconds": 0, "timestamp": "2018-05-11T13:37:24.785Z"}}, {"model": "venue.postuptimestats", "pk": 500, "fields": {"user_post_stats": 686, "valid_sig_seconds": 189508, "invalid_sig_seconds": 1679, "timestamp": "2018-05-11T13:37:24.812Z"}}, {"model": "venue.postuptimestats", "pk": 501, "fields": {"user_post_stats": 687, "valid_sig_seconds": 1290, "invalid_sig_seconds": 0, "timestamp": "2018-05-11T13:39:33.399Z"}}, {"model": "venue.postuptimestats", "pk": 502, "fields": {"user_post_stats": 688, "valid_sig_seconds": 189636, "invalid_sig_seconds": 1679, "timestamp": "2018-05-11T13:39:33.476Z"}}, {"model": "venue.userpoststats", "pk": 514, "fields": {"user_profile": 1, "forum_profile": 2, "num_posts": 17, "is_signature_valid": true, "timestamp": "2018-05-09T08:30:04.799Z"}}, {"model": "venue.userpoststats", "pk": 515, "fields": {"user_profile": 1, "forum_profile": 2, "num_posts": 17, "is_signature_valid": true, "timestamp": "2018-05-09T08:32:02.181Z"}}, {"model": "venue.userpoststats", "pk": 516, "fields": {"user_profile": 1, "forum_profile": 2, "num_posts": 17, "is_signature_valid": true, "timestamp": "2018-05-09T08:34:03.005Z"}}, {"model": "venue.userpoststats", "pk": 517, "fields": {"user_profile": 1, "forum_profile": 2, "num_posts": 17, "is_signature_valid": true, "timestamp": "2018-05-09T08:36:03.104Z"}}, {"model": "venue.userpoststats", "pk": 518, "fields": {"user_profile": 1, "forum_profile": 2, "num_posts": 17, "is_signature_valid": true, "timestamp": "2018-05-09T08:38:03.074Z"}}, {"model": "venue.userpoststats", "pk": 519, "fields": {"user_profile": 1, "forum_profile": 2, "num_posts": 17, "is_signature_valid": true, "timestamp": "2018-05-09T08:40:03.199Z"}}, {"model": "venue.userpoststats", "pk": 520, "fields": {"user_profile": 1, "forum_profile": 2, "num_posts": 17, "is_signature_valid": true, "timestamp": "2018-05-09T08:42:02.576Z"}}, {"model": "venue.userpoststats", "pk": 521, "fields": {"user_profile": 1, "forum_profile": 2, "num_posts": 17, "is_signature_valid": true, "timestamp": "2018-05-09T08:44:02.576Z"}}, {"model": "venue.userpoststats", "pk": 522, "fields": {"user_profile": 1, "forum_profile": 2, "num_posts": 17, "is_signature_valid": true, "timestamp": "2018-05-09T08:46:03.700Z"}}, {"model": "venue.userpoststats", "pk": 523, "fields": {"user_profile": 1, "forum_profile": 2, "num_posts": 17, "is_signature_valid": true, "timestamp": "2018-05-09T08:48:03.450Z"}}, {"model": "venue.userpoststats", "pk": 524, "fields": {"user_profile": 1, "forum_profile": 2, "num_posts": 17, "is_signature_valid": true, "timestamp": "2018-05-09T08:50:03.474Z"}}, {"model": "venue.userpoststats", "pk": 525, "fields": {"user_profile": 1, "forum_profile": 2, "num_posts": 17, "is_signature_valid": true, "timestamp": "2018-05-09T08:52:03.086Z"}}, {"model": "venue.userpoststats", "pk": 526, "fields": {"user_profile": 1, "forum_profile": 2, "num_posts": 17, "is_signature_valid": true, "timestamp": "2018-05-09T08:54:03.609Z"}}, {"model": "venue.userpoststats", "pk": 527, "fields": {"user_profile": 1, "forum_profile": 2, "num_posts": 17, "is_signature_valid": true, "timestamp": "2018-05-09T08:56:02.879Z"}}, {"model": "venue.userpoststats", "pk": 528, "fields": {"user_profile": 1, "forum_profile": 2, "num_posts": 17, "is_signature_valid": true, "timestamp": "2018-05-09T08:58:02.997Z"}}, {"model": "venue.userpoststats", "pk": 529, "fields": {"user_profile": 1, "forum_profile": 2, "num_posts": 17, "is_signature_valid": true, "timestamp": "2018-05-09T09:00:03.724Z"}}, {"model": "venue.userpoststats", "pk": 562, "fields": {"user_profile": 1, "forum_profile": 2, "num_posts": 17, "is_signature_valid": true, "timestamp": "2018-05-09T12:01:14.932Z"}}, {"model": "venue.userpoststats", "pk": 563, "fields": {"user_profile": 1, "forum_profile": 2, "num_posts": 17, "is_signature_valid": true, "timestamp": "2018-05-09T12:01:14.932Z"}}, {"model": "venue.userpoststats", "pk": 564, "fields": {"user_profile": 1, "forum_profile": 2, "num_posts": 17, "is_signature_valid": true, "timestamp": "2018-05-09T12:03:07.990Z"}}, {"model": "venue.userpoststats", "pk": 565, "fields": {"user_profile": 1, "forum_profile": 2, "num_posts": 17, "is_signature_valid": true, "timestamp": "2018-05-09T12:05:07.985Z"}}, {"model": "venue.userpoststats", "pk": 566, "fields": {"user_profile": 1, "forum_profile": 2, "num_posts": 17, "is_signature_valid": true, "timestamp": "2018-05-09T12:07:08.041Z"}}, {"model": "venue.userpoststats", "pk": 567, "fields": {"user_profile": 1, "forum_profile": 2, "num_posts": 17, "is_signature_valid": true, "timestamp": "2018-05-09T12:09:08.138Z"}}, {"model": "venue.userpoststats", "pk": 568, "fields": {"user_profile": 1, "forum_profile": 2, "num_posts": 17, "is_signature_valid": true, "timestamp": "2018-05-09T12:11:08.500Z"}}, {"model": "venue.userpoststats", "pk": 569, "fields": {"user_profile": 1, "forum_profile": 2, "num_posts": 17, "is_signature_valid": true, "timestamp": "2018-05-09T12:13:08.262Z"}}, {"model": "venue.userpoststats", "pk": 570, "fields": {"user_profile": 1, "forum_profile": 2, "num_posts": 17, "is_signature_valid": true, "timestamp": "2018-05-09T12:15:07.679Z"}}, {"model": "venue.userpoststats", "pk": 571, "fields": {"user_profile": 1, "forum_profile": 2, "num_posts": 17, "is_signature_valid": true, "timestamp": "2018-05-09T12:17:07.782Z"}}, {"model": "venue.userpoststats", "pk": 572, "fields": {"user_profile": 1, "forum_profile": 2, "num_posts": 17, "is_signature_valid": true, "timestamp": "2018-05-09T12:19:07.781Z"}}, {"model": "venue.userpoststats", "pk": 573, "fields": {"user_profile": 1, "forum_profile": 2, "num_posts": 17, "is_signature_valid": true, "timestamp": "2018-05-09T12:21:07.804Z"}}, {"model": "venue.userpoststats", "pk": 574, "fields": {"user_profile": 1, "forum_profile": 2, "num_posts": 17, "is_signature_valid": true, "timestamp": "2018-05-09T12:23:07.891Z"}}, {"model": "venue.userpoststats", "pk": 575, "fields": {"user_profile": 1, "forum_profile": 2, "num_posts": 17, "is_signature_valid": true, "timestamp": "2018-05-09T12:25:08.086Z"}}, {"model": "venue.userpoststats", "pk": 576, "fields": {"user_profile": 1, "forum_profile": 2, "num_posts": 17, "is_signature_valid": true, "timestamp": "2018-05-09T12:27:08.813Z"}}, {"model": "venue.userpoststats", "pk": 577, "fields": {"user_profile": 1, "forum_profile": 2, "num_posts": 17, "is_signature_valid": true, "timestamp": "2018-05-09T12:29:08.748Z"}}, {"model": "venue.userpoststats", "pk": 578, "fields": {"user_profile": 1, "forum_profile": 2, "num_posts": 17, "is_signature_valid": true, "timestamp": "2018-05-09T12:31:08.880Z"}}, {"model": "venue.userpoststats", "pk": 579, "fields": {"user_profile": 1, "forum_profile": 2, "num_posts": 17, "is_signature_valid": true, "timestamp": "2018-05-09T12:33:08.188Z"}}, {"model": "venue.userpoststats", "pk": 580, "fields": {"user_profile": 1, "forum_profile": 2, "num_posts": 17, "is_signature_valid": true, "timestamp": "2018-05-09T12:35:08.388Z"}}, {"model": "venue.userpoststats", "pk": 581, "fields": {"user_profile": 1, "forum_profile": 2, "num_posts": 17, "is_signature_valid": false, "timestamp": "2018-05-09T12:37:08.406Z"}}, {"model": "venue.userpoststats", "pk": 582, "fields": {"user_profile": 1, "forum_profile": 2, "num_posts": 17, "is_signature_valid": false, "timestamp": "2018-05-09T12:39:09.295Z"}}, {"model": "venue.userpoststats", "pk": 583, "fields": {"user_profile": 1, "forum_profile": 2, "num_posts": 17, "is_signature_valid": false, "timestamp": "2018-05-09T12:41:09.577Z"}}, {"model": "venue.userpoststats", "pk": 584, "fields": {"user_profile": 1, "forum_profile": 2, "num_posts": 17, "is_signature_valid": false, "timestamp": "2018-05-09T12:51:09.669Z"}}, {"model": "venue.userpoststats", "pk": 585, "fields": {"user_profile": 1, "forum_profile": 2, "num_posts": 17, "is_signature_valid": false, "timestamp": "2018-05-09T12:53:09.708Z"}}, {"model": "venue.userpoststats", "pk": 586, "fields": {"user_profile": 1, "forum_profile": 2, "num_posts": 17, "is_signature_valid": false, "timestamp": "2018-05-09T12:55:09.318Z"}}, {"model": "venue.userpoststats", "pk": 587, "fields": {"user_profile": 1, "forum_profile": 2, "num_posts": 17, "is_signature_valid": false, "timestamp": "2018-05-09T12:57:10.037Z"}}, {"model": "venue.userpoststats", "pk": 588, "fields": {"user_profile": 1, "forum_profile": 2, "num_posts": 17, "is_signature_valid": false, "timestamp": "2018-05-09T12:59:10.106Z"}}, {"model": "venue.userpoststats", "pk": 589, "fields": {"user_profile": 1, "forum_profile": 2, "num_posts": 17, "is_signature_valid": false, "timestamp": "2018-05-09T13:01:10.155Z"}}, {"model": "venue.userpoststats", "pk": 590, "fields": {"user_profile": 1, "forum_profile": 2, "num_posts": 17, "is_signature_valid": false, "timestamp": "2018-05-09T13:03:10.166Z"}}, {"model": "venue.userpoststats", "pk": 591, "fields": {"user_profile": 1, "forum_profile": 2, "num_posts": 17, "is_signature_valid": true, "timestamp": "2018-05-09T13:05:09.390Z"}}, {"model": "venue.userpoststats", "pk": 592, "fields": {"user_profile": 1, "forum_profile": 2, "num_posts": 17, "is_signature_valid": true, "timestamp": "2018-05-09T13:07:10.304Z"}}, {"model": "venue.userpoststats", "pk": 593, "fields": {"user_profile": 1, "forum_profile": 2, "num_posts": 17, "is_signature_valid": true, "timestamp": "2018-05-09T13:09:10.396Z"}}, {"model": "venue.userpoststats", "pk": 594, "fields": {"user_profile": 1, "forum_profile": 2, "num_posts": 17, "is_signature_valid": true, "timestamp": "2018-05-09T13:11:10.429Z"}}, {"model": "venue.userpoststats", "pk": 595, "fields": {"user_profile": 1, "forum_profile": 2, "num_posts": 17, "is_signature_valid": true, "timestamp": "2018-05-09T13:13:10.513Z"}}, {"model": "venue.userpoststats", "pk": 596, "fields": {"user_profile": 1, "forum_profile": 2, "num_posts": 17, "is_signature_valid": true, "timestamp": "2018-05-09T13:15:10.665Z"}}, {"model": "venue.userpoststats", "pk": 597, "fields": {"user_profile": 1, "forum_profile": 2, "num_posts": 17, "is_signature_valid": true, "timestamp": "2018-05-09T13:17:10.744Z"}}, {"model": "venue.userpoststats", "pk": 598, "fields": {"user_profile": 1, "forum_profile": 2, "num_posts": 17, "is_signature_valid": true, "timestamp": "2018-05-09T13:19:10.049Z"}}, {"model": "venue.userpoststats", "pk": 599, "fields": {"user_profile": 1, "forum_profile": 2, "num_posts": 17, "is_signature_valid": true, "timestamp": "2018-05-09T13:21:10.256Z"}}, {"model": "venue.userpoststats", "pk": 600, "fields": {"user_profile": 1, "forum_profile": 2, "num_posts": 17, "is_signature_valid": true, "timestamp": "2018-05-09T13:23:10.927Z"}}, {"model": "venue.userpoststats", "pk": 601, "fields": {"user_profile": 1, "forum_profile": 2, "num_posts": 17, "is_signature_valid": true, "timestamp": "2018-05-09T13:25:11.122Z"}}, {"model": "venue.userpoststats", "pk": 602, "fields": {"user_profile": 1, "forum_profile": 2, "num_posts": 17, "is_signature_valid": true, "timestamp": "2018-05-09T13:27:11.280Z"}}, {"model": "venue.userpoststats", "pk": 603, "fields": {"user_profile": 1, "forum_profile": 2, "num_posts": 17, "is_signature_valid": true, "timestamp": "2018-05-09T13:29:10.470Z"}}, {"model": "venue.userpoststats", "pk": 604, "fields": {"user_profile": 1, "forum_profile": 2, "num_posts": 17, "is_signature_valid": true, "timestamp": "2018-05-09T13:31:10.383Z"}}, {"model": "venue.userpoststats", "pk": 605, "fields": {"user_profile": 1, "forum_profile": 2, "num_posts": 17, "is_signature_valid": true, "timestamp": "2018-05-09T13:32:12.862Z"}}, {"model": "venue.userpoststats", "pk": 606, "fields": {"user_profile": 1, "forum_profile": 2, "num_posts": 17, "is_signature_valid": true, "timestamp": "2018-05-09T13:34:11.433Z"}}, {"model": "venue.userpoststats", "pk": 607, "fields": {"user_profile": 1, "forum_profile": 2, "num_posts": 17, "is_signature_valid": true, "timestamp": "2018-05-09T13:36:11.551Z"}}, {"model": "venue.userpoststats", "pk": 608, "fields": {"user_profile": 1, "forum_profile": 2, "num_posts": 17, "is_signature_valid": true, "timestamp": "2018-05-09T13:38:11.490Z"}}, {"model": "venue.userpoststats", "pk": 609, "fields": {"user_profile": 1, "forum_profile": 2, "num_posts": 17, "is_signature_valid": true, "timestamp": "2018-05-09T13:41:38.126Z"}}, {"model": "venue.userpoststats", "pk": 610, "fields": {"user_profile": 1, "forum_profile": 2, "num_posts": 17, "is_signature_valid": true, "timestamp": "2018-05-09T13:43:37.255Z"}}, {"model": "venue.userpoststats", "pk": 611, "fields": {"user_profile": 1, "forum_profile": 2, "num_posts": 17, "is_signature_valid": true, "timestamp": "2018-05-09T13:45:38.207Z"}}, {"model": "venue.userpoststats", "pk": 612, "fields": {"user_profile": 1, "forum_profile": 2, "num_posts": 17, "is_signature_valid": true, "timestamp": "2018-05-09T13:47:38.453Z"}}, {"model": "venue.userpoststats", "pk": 613, "fields": {"user_profile": 1, "forum_profile": 2, "num_posts": 17, "is_signature_valid": true, "timestamp": "2018-05-09T13:49:39.003Z"}}, {"model": "venue.userpoststats", "pk": 614, "fields": {"user_profile": 1, "forum_profile": 2, "num_posts": 17, "is_signature_valid": true, "timestamp": "2018-05-09T13:51:39.699Z"}}, {"model": "venue.userpoststats", "pk": 615, "fields": {"user_profile": 1, "forum_profile": 2, "num_posts": 17, "is_signature_valid": true, "timestamp": "2018-05-11T07:44:39.719Z"}}, {"model": "venue.userpoststats", "pk": 616, "fields": {"user_profile": 1, "forum_profile": 2, "num_posts": 17, "is_signature_valid": true, "timestamp": "2018-05-11T07:44:40.325Z"}}, {"model": "venue.userpoststats", "pk": 617, "fields": {"user_profile": 1, "forum_profile": 2, "num_posts": 17, "is_signature_valid": true, "timestamp": "2018-05-11T07:46:34.961Z"}}, {"model": "venue.userpoststats", "pk": 618, "fields": {"user_profile": 1, "forum_profile": 2, "num_posts": 17, "is_signature_valid": true, "timestamp": "2018-05-11T07:49:00.390Z"}}, {"model": "venue.userpoststats", "pk": 619, "fields": {"user_profile": 1, "forum_profile": 2, "num_posts": 17, "is_signature_valid": true, "timestamp": "2018-05-11T07:50:59.479Z"}}, {"model": "venue.userpoststats", "pk": 620, "fields": {"user_profile": 1, "forum_profile": 2, "num_posts": 17, "is_signature_valid": true, "timestamp": "2018-05-11T07:52:58.889Z"}}, {"model": "venue.userpoststats", "pk": 621, "fields": {"user_profile": 1, "forum_profile": 2, "num_posts": 17, "is_signature_valid": true, "timestamp": "2018-05-11T07:53:39.137Z"}}, {"model": "venue.userpoststats", "pk": 622, "fields": {"user_profile": 1, "forum_profile": 2, "num_posts": 17, "is_signature_valid": true, "timestamp": "2018-05-11T07:55:39.866Z"}}, {"model": "venue.userpoststats", "pk": 623, "fields": {"user_profile": 1, "forum_profile": 2, "num_posts": 17, "is_signature_valid": true, "timestamp": "2018-05-11T07:56:15.792Z"}}, {"model": "venue.userpoststats", "pk": 624, "fields": {"user_profile": 1, "forum_profile": 2, "num_posts": 17, "is_signature_valid": true, "timestamp": "2018-05-11T07:58:15.355Z"}}, {"model": "venue.userpoststats", "pk": 625, "fields": {"user_profile": 1, "forum_profile": 2, "num_posts": 17, "is_signature_valid": true, "timestamp": "2018-05-11T08:00:15.328Z"}}, {"model": "venue.userpoststats", "pk": 626, "fields": {"user_profile": 1, "forum_profile": 2, "num_posts": 17, "is_signature_valid": true, "timestamp": "2018-05-11T08:02:16.478Z"}}, {"model": "venue.userpoststats", "pk": 627, "fields": {"user_profile": 1, "forum_profile": 2, "num_posts": 17, "is_signature_valid": true, "timestamp": "2018-05-11T11:50:17.097Z"}}, {"model": "venue.userpoststats", "pk": 628, "fields": {"user_profile": 1, "forum_profile": 2, "num_posts": 17, "is_signature_valid": true, "timestamp": "2018-05-11T11:50:17.102Z"}}, {"model": "venue.userpoststats", "pk": 629, "fields": {"user_profile": 1, "forum_profile": 2, "num_posts": 17, "is_signature_valid": true, "timestamp": "2018-05-11T11:52:15.131Z"}}, {"model": "venue.userpoststats", "pk": 630, "fields": {"user_profile": 1, "forum_profile": 2, "num_posts": 17, "is_signature_valid": true, "timestamp": "2018-05-11T11:54:15.240Z"}}, {"model": "venue.userpoststats", "pk": 631, "fields": {"user_profile": 1, "forum_profile": 2, "num_posts": 17, "is_signature_valid": true, "timestamp": "2018-05-11T11:55:57.896Z"}}, {"model": "venue.userpoststats", "pk": 632, "fields": {"user_profile": 1, "forum_profile": 2, "num_posts": 17, "is_signature_valid": true, "timestamp": "2018-05-11T11:57:58.693Z"}}, {"model": "venue.userpoststats", "pk": 633, "fields": {"user_profile": 1, "forum_profile": 2, "num_posts": 17, "is_signature_valid": true, "timestamp": "2018-05-11T11:59:58.708Z"}}, {"model": "venue.userpoststats", "pk": 634, "fields": {"user_profile": 1, "forum_profile": 2, "num_posts": 17, "is_signature_valid": true, "timestamp": "2018-05-11T12:01:57.990Z"}}, {"model": "venue.userpoststats", "pk": 635, "fields": {"user_profile": 1, "forum_profile": 2, "num_posts": 17, "is_signature_valid": true, "timestamp": "2018-05-11T12:03:58.857Z"}}, {"model": "venue.userpoststats", "pk": 636, "fields": {"user_profile": 1, "forum_profile": 2, "num_posts": 17, "is_signature_valid": true, "timestamp": "2018-05-11T12:05:58.859Z"}}, {"model": "venue.userpoststats", "pk": 637, "fields": {"user_profile": 1, "forum_profile": 2, "num_posts": 17, "is_signature_valid": true, "timestamp": "2018-05-11T12:07:58.913Z"}}, {"model": "venue.userpoststats", "pk": 638, "fields": {"user_profile": 1, "forum_profile": 2, "num_posts": 17, "is_signature_valid": true, "timestamp": "2018-05-11T12:09:58.201Z"}}, {"model": "venue.userpoststats", "pk": 639, "fields": {"user_profile": 1, "forum_profile": 2, "num_posts": 17, "is_signature_valid": true, "timestamp": "2018-05-11T12:11:59.125Z"}}, {"model": "venue.userpoststats", "pk": 640, "fields": {"user_profile": 1, "forum_profile": 2, "num_posts": 17, "is_signature_valid": true, "timestamp": "2018-05-11T12:13:58.414Z"}}, {"model": "venue.userpoststats", "pk": 641, "fields": {"user_profile": 1, "forum_profile": 2, "num_posts": 17, "is_signature_valid": true, "timestamp": "2018-05-11T12:15:59.330Z"}}, {"model": "venue.userpoststats", "pk": 642, "fields": {"user_profile": 1, "forum_profile": 2, "num_posts": 17, "is_signature_valid": true, "timestamp": "2018-05-11T12:17:59.379Z"}}, {"model": "venue.userpoststats", "pk": 643, "fields": {"user_profile": 1, "forum_profile": 2, "num_posts": 17, "is_signature_valid": true, "timestamp": "2018-05-11T12:19:59.421Z"}}, {"model": "venue.userpoststats", "pk": 644, "fields": {"user_profile": 1, "forum_profile": 2, "num_posts": 17, "is_signature_valid": true, "timestamp": "2018-05-11T12:21:58.697Z"}}, {"model": "venue.userpoststats", "pk": 645, "fields": {"user_profile": 1, "forum_profile": 2, "num_posts": 17, "is_signature_valid": true, "timestamp": "2018-05-11T12:23:59.317Z"}}, {"model": "venue.userpoststats", "pk": 646, "fields": {"user_profile": 1, "forum_profile": 2, "num_posts": 17, "is_signature_valid": true, "timestamp": "2018-05-11T12:25:59.537Z"}}, {"model": "venue.userpoststats", "pk": 647, "fields": {"user_profile": 1, "forum_profile": 2, "num_posts": 17, "is_signature_valid": true, "timestamp": "2018-05-11T12:27:59.689Z"}}, {"model": "venue.userpoststats", "pk": 648, "fields": {"user_profile": 1, "forum_profile": 2, "num_posts": 17, "is_signature_valid": true, "timestamp": "2018-05-11T12:29:59.009Z"}}, {"model": "venue.userpoststats", "pk": 649, "fields": {"user_profile": 1, "forum_profile": 2, "num_posts": 17, "is_signature_valid": true, "timestamp": "2018-05-11T12:31:59.724Z"}}, {"model": "venue.userpoststats", "pk": 650, "fields": {"user_profile": 1, "forum_profile": 2, "num_posts": 17, "is_signature_valid": true, "timestamp": "2018-05-11T12:33:59.119Z"}}, {"model": "venue.userpoststats", "pk": 651, "fields": {"user_profile": 1, "forum_profile": 2, "num_posts": 17, "is_signature_valid": true, "timestamp": "2018-05-11T12:35:59.845Z"}}, {"model": "venue.userpoststats", "pk": 652, "fields": {"user_profile": 1, "forum_profile": 2, "num_posts": 17, "is_signature_valid": true, "timestamp": "2018-05-11T12:37:59.937Z"}}, {"model": "venue.userpoststats", "pk": 653, "fields": {"user_profile": 1, "forum_profile": 2, "num_posts": 17, "is_signature_valid": true, "timestamp": "2018-05-11T12:39:59.191Z"}}, {"model": "venue.userpoststats", "pk": 654, "fields": {"user_profile": 1, "forum_profile": 2, "num_posts": 17, "is_signature_valid": true, "timestamp": "2018-05-11T12:42:00.053Z"}}, {"model": "venue.userpoststats", "pk": 655, "fields": {"user_profile": 1, "forum_profile": 2, "num_posts": 17, "is_signature_valid": true, "timestamp": "2018-05-11T12:44:00.029Z"}}, {"model": "venue.userpoststats", "pk": 656, "fields": {"user_profile": 1, "forum_profile": 2, "num_posts": 17, "is_signature_valid": true, "timestamp": "2018-05-11T12:45:59.410Z"}}, {"model": "venue.userpoststats", "pk": 657, "fields": {"user_profile": 1, "forum_profile": 2, "num_posts": 17, "is_signature_valid": true, "timestamp": "2018-05-11T12:47:59.481Z"}}, {"model": "venue.userpoststats", "pk": 658, "fields": {"user_profile": 1, "forum_profile": 2, "num_posts": 17, "is_signature_valid": true, "timestamp": "2018-05-11T12:50:00.347Z"}}, {"model": "venue.userpoststats", "pk": 659, "fields": {"user_profile": 1, "forum_profile": 2, "num_posts": 17, "is_signature_valid": true, "timestamp": "2018-05-11T12:52:00.537Z"}}, {"model": "venue.userpoststats", "pk": 660, "fields": {"user_profile": 1, "forum_profile": 2, "num_posts": 17, "is_signature_valid": true, "timestamp": "2018-05-11T12:53:59.723Z"}}, {"model": "venue.userpoststats", "pk": 661, "fields": {"user_profile": 1, "forum_profile": 2, "num_posts": 17, "is_signature_valid": true, "timestamp": "2018-05-11T12:56:00.474Z"}}, {"model": "venue.userpoststats", "pk": 662, "fields": {"user_profile": 1, "forum_profile": 2, "num_posts": 17, "is_signature_valid": true, "timestamp": "2018-05-11T12:58:00.594Z"}}, {"model": "venue.userpoststats", "pk": 663, "fields": {"user_profile": 1, "forum_profile": 2, "num_posts": 17, "is_signature_valid": true, "timestamp": "2018-05-11T13:00:00.664Z"}}, {"model": "venue.userpoststats", "pk": 664, "fields": {"user_profile": 1, "forum_profile": 2, "num_posts": 17, "is_signature_valid": true, "timestamp": "2018-05-11T13:02:00.687Z"}}, {"model": "venue.userpoststats", "pk": 665, "fields": {"user_profile": 1, "forum_profile": 2, "num_posts": 17, "is_signature_valid": true, "timestamp": "2018-05-11T13:04:00.744Z"}}, {"model": "venue.userpoststats", "pk": 666, "fields": {"user_profile": 1, "forum_profile": 2, "num_posts": 17, "is_signature_valid": true, "timestamp": "2018-05-11T13:06:00.841Z"}}, {"model": "venue.userpoststats", "pk": 667, "fields": {"user_profile": 1, "forum_profile": 2, "num_posts": 17, "is_signature_valid": true, "timestamp": "2018-05-11T13:08:00.945Z"}}, {"model": "venue.userpoststats", "pk": 668, "fields": {"user_profile": 1, "forum_profile": 2, "num_posts": 17, "is_signature_valid": true, "timestamp": "2018-05-11T13:10:00.339Z"}}, {"model": "venue.userpoststats", "pk": 669, "fields": {"user_profile": 1, "forum_profile": 2, "num_posts": 18, "is_signature_valid": true, "timestamp": "2018-05-11T13:12:00.430Z"}}, {"model": "venue.userpoststats", "pk": 670, "fields": {"user_profile": 1, "forum_profile": 2, "num_posts": 18, "is_signature_valid": true, "timestamp": "2018-05-11T13:14:03.689Z"}}, {"model": "venue.userpoststats", "pk": 671, "fields": {"user_profile": 1, "forum_profile": 2, "num_posts": 18, "is_signature_valid": true, "timestamp": "2018-05-11T13:16:00.682Z"}}, {"model": "venue.userpoststats", "pk": 672, "fields": {"user_profile": 2, "forum_profile": 3, "num_posts": 11, "is_signature_valid": true, "timestamp": "2018-05-11T13:17:59.104Z"}}, {"model": "venue.userpoststats", "pk": 673, "fields": {"user_profile": 2, "forum_profile": 3, "num_posts": 11, "is_signature_valid": true, "timestamp": "2018-05-11T13:18:00.741Z"}}, {"model": "venue.userpoststats", "pk": 674, "fields": {"user_profile": 1, "forum_profile": 2, "num_posts": 18, "is_signature_valid": true, "timestamp": "2018-05-11T13:18:00.745Z"}}, {"model": "venue.userpoststats", "pk": 675, "fields": {"user_profile": 2, "forum_profile": 3, "num_posts": 11, "is_signature_valid": true, "timestamp": "2018-05-11T13:20:02.181Z"}}, {"model": "venue.userpoststats", "pk": 676, "fields": {"user_profile": 1, "forum_profile": 2, "num_posts": 18, "is_signature_valid": true, "timestamp": "2018-05-11T13:20:02.228Z"}}, {"model": "venue.userpoststats", "pk": 677, "fields": {"user_profile": 2, "forum_profile": 3, "num_posts": 11, "is_signature_valid": true, "timestamp": "2018-05-11T13:22:01.622Z"}}, {"model": "venue.userpoststats", "pk": 678, "fields": {"user_profile": 1, "forum_profile": 2, "num_posts": 18, "is_signature_valid": true, "timestamp": "2018-05-11T13:22:01.668Z"}}, {"model": "venue.userpoststats", "pk": 679, "fields": {"user_profile": 2, "forum_profile": 3, "num_posts": 11, "is_signature_valid": true, "timestamp": "2018-05-11T13:31:26.569Z"}}, {"model": "venue.userpoststats", "pk": 680, "fields": {"user_profile": 1, "forum_profile": 2, "num_posts": 18, "is_signature_valid": true, "timestamp": "2018-05-11T13:31:26.572Z"}}, {"model": "venue.userpoststats", "pk": 681, "fields": {"user_profile": 1, "forum_profile": 2, "num_posts": 18, "is_signature_valid": true, "timestamp": "2018-05-11T13:33:24.486Z"}}, {"model": "venue.userpoststats", "pk": 682, "fields": {"user_profile": 2, "forum_profile": 3, "num_posts": 11, "is_signature_valid": true, "timestamp": "2018-05-11T13:33:24.546Z"}}, {"model": "venue.userpoststats", "pk": 683, "fields": {"user_profile": 1, "forum_profile": 2, "num_posts": 18, "is_signature_valid": true, "timestamp": "2018-05-11T13:35:24.590Z"}}, {"model": "venue.userpoststats", "pk": 684, "fields": {"user_profile": 2, "forum_profile": 3, "num_posts": 11, "is_signature_valid": true, "timestamp": "2018-05-11T13:35:24.638Z"}}, {"model": "venue.userpoststats", "pk": 685, "fields": {"user_profile": 2, "forum_profile": 3, "num_posts": 11, "is_signature_valid": true, "timestamp": "2018-05-11T13:37:24.779Z"}}, {"model": "venue.userpoststats", "pk": 686, "fields": {"user_profile": 1, "forum_profile": 2, "num_posts": 18, "is_signature_valid": true, "timestamp": "2018-05-11T13:37:24.805Z"}}, {"model": "venue.userpoststats", "pk": 687, "fields": {"user_profile": 2, "forum_profile": 3, "num_posts": 11, "is_signature_valid": true, "timestamp": "2018-05-11T13:39:33.392Z"}}, {"model": "venue.userpoststats", "pk": 688, "fields": {"user_profile": 1, "forum_profile": 2, "num_posts": 18, "is_signature_valid": true, "timestamp": "2018-05-11T13:39:33.471Z"}}, {"model": "auth.permission", "pk": 1, "fields": {"name": "Can add log entry", "content_type": 1, "codename": "add_logentry"}}, {"model": "auth.permission", "pk": 2, "fields": {"name": "Can change log entry", "content_type": 1, "codename": "change_logentry"}}, {"model": "auth.permission", "pk": 3, "fields": {"name": "Can delete log entry", "content_type": 1, "codename": "delete_logentry"}}, {"model": "auth.permission", "pk": 4, "fields": {"name": "Can change config", "content_type": 2, "codename": "change_config"}}, {"model": "auth.permission", "pk": 5, "fields": {"name": "Can add permission", "content_type": 3, "codename": "add_permission"}}, {"model": "auth.permission", "pk": 6, "fields": {"name": "Can change permission", "content_type": 3, "codename": "change_permission"}}, {"model": "auth.permission", "pk": 7, "fields": {"name": "Can delete permission", "content_type": 3, "codename": "delete_permission"}}, {"model": "auth.permission", "pk": 8, "fields": {"name": "Can add group", "content_type": 4, "codename": "add_group"}}, {"model": "auth.permission", "pk": 9, "fields": {"name": "Can change group", "content_type": 4, "codename": "change_group"}}, {"model": "auth.permission", "pk": 10, "fields": {"name": "Can delete group", "content_type": 4, "codename": "delete_group"}}, {"model": "auth.permission", "pk": 11, "fields": {"name": "Can add user", "content_type": 5, "codename": "add_user"}}, {"model": "auth.permission", "pk": 12, "fields": {"name": "Can change user", "content_type": 5, "codename": "change_user"}}, {"model": "auth.permission", "pk": 13, "fields": {"name": "Can delete user", "content_type": 5, "codename": "delete_user"}}, {"model": "auth.permission", "pk": 14, "fields": {"name": "Can add content type", "content_type": 6, "codename": "add_contenttype"}}, {"model": "auth.permission", "pk": 15, "fields": {"name": "Can change content type", "content_type": 6, "codename": "change_contenttype"}}, {"model": "auth.permission", "pk": 16, "fields": {"name": "Can delete content type", "content_type": 6, "codename": "delete_contenttype"}}, {"model": "auth.permission", "pk": 17, "fields": {"name": "Can add session", "content_type": 7, "codename": "add_session"}}, {"model": "auth.permission", "pk": 18, "fields": {"name": "Can change session", "content_type": 7, "codename": "change_session"}}, {"model": "auth.permission", "pk": 19, "fields": {"name": "Can delete session", "content_type": 7, "codename": "delete_session"}}, {"model": "auth.permission", "pk": 20, "fields": {"name": "Can add Token", "content_type": 8, "codename": "add_token"}}, {"model": "auth.permission", "pk": 21, "fields": {"name": "Can change Token", "content_type": 8, "codename": "change_token"}}, {"model": "auth.permission", "pk": 22, "fields": {"name": "Can delete Token", "content_type": 8, "codename": "delete_token"}}, {"model": "auth.permission", "pk": 23, "fields": {"name": "Can add forum profile", "content_type": 9, "codename": "add_forumprofile"}}, {"model": "auth.permission", "pk": 24, "fields": {"name": "Can change forum profile", "content_type": 9, "codename": "change_forumprofile"}}, {"model": "auth.permission", "pk": 25, "fields": {"name": "Can delete forum profile", "content_type": 9, "codename": "delete_forumprofile"}}, {"model": "auth.permission", "pk": 26, "fields": {"name": "Can add forum site", "content_type": 10, "codename": "add_forumsite"}}, {"model": "auth.permission", "pk": 27, "fields": {"name": "Can change forum site", "content_type": 10, "codename": "change_forumsite"}}, {"model": "auth.permission", "pk": 28, "fields": {"name": "Can delete forum site", "content_type": 10, "codename": "delete_forumsite"}}, {"model": "auth.permission", "pk": 29, "fields": {"name": "Can add forum user rank", "content_type": 11, "codename": "add_forumuserrank"}}, {"model": "auth.permission", "pk": 30, "fields": {"name": "Can change forum user rank", "content_type": 11, "codename": "change_forumuserrank"}}, {"model": "auth.permission", "pk": 31, "fields": {"name": "Can delete forum user rank", "content_type": 11, "codename": "delete_forumuserrank"}}, {"model": "auth.permission", "pk": 32, "fields": {"name": "Can add language", "content_type": 12, "codename": "add_language"}}, {"model": "auth.permission", "pk": 33, "fields": {"name": "Can change language", "content_type": 12, "codename": "change_language"}}, {"model": "auth.permission", "pk": 34, "fields": {"name": "Can delete language", "content_type": 12, "codename": "delete_language"}}, {"model": "auth.permission", "pk": 35, "fields": {"name": "Can add notification", "content_type": 13, "codename": "add_notification"}}, {"model": "auth.permission", "pk": 36, "fields": {"name": "Can change notification", "content_type": 13, "codename": "change_notification"}}, {"model": "auth.permission", "pk": 37, "fields": {"name": "Can delete notification", "content_type": 13, "codename": "delete_notification"}}, {"model": "auth.permission", "pk": 38, "fields": {"name": "Can add post uptime stats", "content_type": 14, "codename": "add_postuptimestats"}}, {"model": "auth.permission", "pk": 39, "fields": {"name": "Can change post uptime stats", "content_type": 14, "codename": "change_postuptimestats"}}, {"model": "auth.permission", "pk": 40, "fields": {"name": "Can delete post uptime stats", "content_type": 14, "codename": "delete_postuptimestats"}}, {"model": "auth.permission", "pk": 41, "fields": {"name": "Can add signature", "content_type": 15, "codename": "add_signature"}}, {"model": "auth.permission", "pk": 42, "fields": {"name": "Can change signature", "content_type": 15, "codename": "change_signature"}}, {"model": "auth.permission", "pk": 43, "fields": {"name": "Can delete signature", "content_type": 15, "codename": "delete_signature"}}, {"model": "auth.permission", "pk": 44, "fields": {"name": "Can add user post stats", "content_type": 16, "codename": "add_userpoststats"}}, {"model": "auth.permission", "pk": 45, "fields": {"name": "Can change user post stats", "content_type": 16, "codename": "change_userpoststats"}}, {"model": "auth.permission", "pk": 46, "fields": {"name": "Can delete user post stats", "content_type": 16, "codename": "delete_userpoststats"}}, {"model": "auth.permission", "pk": 47, "fields": {"name": "Can add user profile", "content_type": 17, "codename": "add_userprofile"}}, {"model": "auth.permission", "pk": 48, "fields": {"name": "Can change user profile", "content_type": 17, "codename": "change_userprofile"}}, {"model": "auth.permission", "pk": 49, "fields": {"name": "Can delete user profile", "content_type": 17, "codename": "delete_userprofile"}}, {"model": "auth.permission", "pk": 50, "fields": {"name": "Can add ranking", "content_type": 18, "codename": "add_ranking"}}, {"model": "auth.permission", "pk": 51, "fields": {"name": "Can change ranking", "content_type": 18, "codename": "change_ranking"}}, {"model": "auth.permission", "pk": 52, "fields": {"name": "Can delete ranking", "content_type": 18, "codename": "delete_ranking"}}, {"model": "auth.user", "pk": 1, "fields": {"password": "pbkdf2_sha256$36000$T7yQTrctQnVI$Hg42fFbiAOQgX1qvm0UnxwOJJkYfML8qbXY7MkbCyFM=", "last_login": "2018-05-08T02:58:57.213Z", "is_superuser": true, "username": "admin", "first_name": "", "last_name": "", "email": "admin@example.com", "is_staff": true, "is_active": true, "date_joined": "2018-05-08T02:58:27.221Z", "groups": [], "user_permissions": []}}, {"model": "auth.user", "pk": 4, "fields": {"password": "pbkdf2_sha256$36000$7npGYn9Ti97d$id9wYqpXyA4pdcfCHoSTw8rwAJw1QtwmyGBQZmtTamk=", "last_login": "2018-05-11T13:28:31.772Z", "is_superuser": false, "username": "joemar.ct", "first_name": "", "last_name": "", "email": "joemar.ct@gmail.com", "is_staff": false, "is_active": true, "date_joined": "2018-05-08T03:47:24.667Z", "groups": [], "user_permissions": []}}, {"model": "auth.user", "pk": 182, "fields": {"password": "pbkdf2_sha256$36000$QcPfw5sbUxy3$6jNJ9r84BvQuPFkRXIF3iEKVDUJrg3jvx+EyZ6z06Ds=", "last_login": "2018-05-11T13:16:12.064Z", "is_superuser": false, "username": "scibiz", "first_name": "", "last_name": "", "email": "info@scibizinformatics.com", "is_staff": false, "is_active": true, "date_joined": "2018-05-11T13:15:45.628Z", "groups": [], "user_permissions": []}}, {"model": "authtoken.token", "pk": "655ef0789c9c7a603c31d632b48c985780180f27", "fields": {"user": 4, "created": "2018-05-08T03:47:24.709Z"}}, {"model": "authtoken.token", "pk": "c7ffce20c27f5bc21cf1415f3bfd49ef7244f6bf", "fields": {"user": 182, "created": "2018-05-11T13:15:45.673Z"}}, {"model": "venue.userprofile", "pk": 1, "fields": {"user": 4, "language": 1, "otp_secret": "", "enabled_2fa": false, "email_confirmed": true, "rank": 1}}, {"model": "venue.userprofile", "pk": 2, "fields": {"user": 182, "language": 1, "otp_secret": "", "enabled_2fa": false, "email_confirmed": true, "rank": 0}}, {"model": "venue.notification", "pk": 2, "fields": {"code": "2fA_notification", "text": "Secure your account with two-factor authentication.", "action_text": "Enable it now.", "action_link": "/#/settings/?action=enable_2fa", "variant": "primary", "dismissible": true, "active": true, "date_created": "2018-03-15T12:13:11Z", "created_by": 1, "dismissed_by": [4]}}, {"model": "admin.logentry", "pk": 1, "fields": {"action_time": "2018-05-08T04:01:56.306Z", "user": 1, "content_type": 9, "object_id": "1", "object_repr": "129913 @ bitcointalk.org", "action_flag": 3, "change_message": ""}}, {"model": "admin.logentry", "pk": 2, "fields": {"action_time": "2018-05-08T07:40:12.350Z", "user": 1, "content_type": 16, "object_id": "232", "object_repr": "232", "action_flag": 3, "change_message": ""}}, {"model": "admin.logentry", "pk": 3, "fields": {"action_time": "2018-05-08T07:40:12.360Z", "user": 1, "content_type": 16, "object_id": "231", "object_repr": "231", "action_flag": 3, "change_message": ""}}, {"model": "admin.logentry", "pk": 4, "fields": {"action_time": "2018-05-08T07:40:12.362Z", "user": 1, "content_type": 16, "object_id": "230", "object_repr": "230", "action_flag": 3, "change_message": ""}}, {"model": "admin.logentry", "pk": 5, "fields": {"action_time": "2018-05-08T07:53:43.717Z", "user": 1, "content_type": 14, "object_id": "64", "object_repr": "64", "action_flag": 3, "change_message": ""}}, {"model": "admin.logentry", "pk": 6, "fields": {"action_time": "2018-05-08T07:53:43.721Z", "user": 1, "content_type": 14, "object_id": "63", "object_repr": "63", "action_flag": 3, "change_message": ""}}, {"model": "admin.logentry", "pk": 7, "fields": {"action_time": "2018-05-08T07:53:43.723Z", "user": 1, "content_type": 14, "object_id": "62", "object_repr": "62", "action_flag": 3, "change_message": ""}}, {"model": "admin.logentry", "pk": 8, "fields": {"action_time": "2018-05-08T07:53:43.726Z", "user": 1, "content_type": 14, "object_id": "61", "object_repr": "61", "action_flag": 3, "change_message": ""}}, {"model": "admin.logentry", "pk": 9, "fields": {"action_time": "2018-05-08T07:53:43.728Z", "user": 1, "content_type": 14, "object_id": "60", "object_repr": "60", "action_flag": 3, "change_message": ""}}, {"model": "admin.logentry", "pk": 10, "fields": {"action_time": "2018-05-08T07:53:43.730Z", "user": 1, "content_type": 14, "object_id": "59", "object_repr": "59", "action_flag": 3, "change_message": ""}}, {"model": "admin.logentry", "pk": 11, "fields": {"action_time": "2018-05-08T07:53:43.733Z", "user": 1, "content_type": 14, "object_id": "58", "object_repr": "58", "action_flag": 3, "change_message": ""}}, {"model": "admin.logentry", "pk": 12, "fields": {"action_time": "2018-05-08T07:53:43.736Z", "user": 1, "content_type": 14, "object_id": "54", "object_repr": "54", "action_flag": 3, "change_message": ""}}, {"model": "admin.logentry", "pk": 13, "fields": {"action_time": "2018-05-08T07:53:43.738Z", "user": 1, "content_type": 14, "object_id": "53", "object_repr": "53", "action_flag": 3, "change_message": ""}}, {"model": "admin.logentry", "pk": 14, "fields": {"action_time": "2018-05-08T07:53:43.739Z", "user": 1, "content_type": 14, "object_id": "52", "object_repr": "52", "action_flag": 3, "change_message": ""}}, {"model": "admin.logentry", "pk": 15, "fields": {"action_time": "2018-05-08T07:53:43.742Z", "user": 1, "content_type": 14, "object_id": "51", "object_repr": "51", "action_flag": 3, "change_message": ""}}, {"model": "admin.logentry", "pk": 16, "fields": {"action_time": "2018-05-08T07:53:43.744Z", "user": 1, "content_type": 14, "object_id": "50", "object_repr": "50", "action_flag": 3, "change_message": ""}}, {"model": "admin.logentry", "pk": 17, "fields": {"action_time": "2018-05-08T07:53:43.746Z", "user": 1, "content_type": 14, "object_id": "49", "object_repr": "49", "action_flag": 3, "change_message": ""}}, {"model": "admin.logentry", "pk": 18, "fields": {"action_time": "2018-05-08T07:53:43.749Z", "user": 1, "content_type": 14, "object_id": "48", "object_repr": "48", "action_flag": 3, "change_message": ""}}, {"model": "admin.logentry", "pk": 19, "fields": {"action_time": "2018-05-08T07:53:43.751Z", "user": 1, "content_type": 14, "object_id": "47", "object_repr": "47", "action_flag": 3, "change_message": ""}}, {"model": "admin.logentry", "pk": 20, "fields": {"action_time": "2018-05-08T07:53:43.754Z", "user": 1, "content_type": 14, "object_id": "46", "object_repr": "46", "action_flag": 3, "change_message": ""}}, {"model": "admin.logentry", "pk": 21, "fields": {"action_time": "2018-05-08T07:53:43.756Z", "user": 1, "content_type": 14, "object_id": "45", "object_repr": "45", "action_flag": 3, "change_message": ""}}, {"model": "admin.logentry", "pk": 22, "fields": {"action_time": "2018-05-08T07:53:43.758Z", "user": 1, "content_type": 14, "object_id": "44", "object_repr": "44", "action_flag": 3, "change_message": ""}}, {"model": "admin.logentry", "pk": 23, "fields": {"action_time": "2018-05-08T07:53:43.760Z", "user": 1, "content_type": 14, "object_id": "43", "object_repr": "43", "action_flag": 3, "change_message": ""}}, {"model": "admin.logentry", "pk": 24, "fields": {"action_time": "2018-05-08T07:53:43.762Z", "user": 1, "content_type": 14, "object_id": "42", "object_repr": "42", "action_flag": 3, "change_message": ""}}, {"model": "admin.logentry", "pk": 25, "fields": {"action_time": "2018-05-08T07:53:43.764Z", "user": 1, "content_type": 14, "object_id": "41", "object_repr": "41", "action_flag": 3, "change_message": ""}}, {"model": "admin.logentry", "pk": 26, "fields": {"action_time": "2018-05-08T07:53:43.769Z", "user": 1, "content_type": 14, "object_id": "40", "object_repr": "40", "action_flag": 3, "change_message": ""}}, {"model": "admin.logentry", "pk": 27, "fields": {"action_time": "2018-05-08T07:53:43.771Z", "user": 1, "content_type": 14, "object_id": "39", "object_repr": "39", "action_flag": 3, "change_message": ""}}, {"model": "admin.logentry", "pk": 28, "fields": {"action_time": "2018-05-08T07:53:43.773Z", "user": 1, "content_type": 14, "object_id": "38", "object_repr": "38", "action_flag": 3, "change_message": ""}}, {"model": "admin.logentry", "pk": 29, "fields": {"action_time": "2018-05-08T07:53:43.775Z", "user": 1, "content_type": 14, "object_id": "37", "object_repr": "37", "action_flag": 3, "change_message": ""}}, {"model": "admin.logentry", "pk": 30, "fields": {"action_time": "2018-05-08T07:53:43.777Z", "user": 1, "content_type": 14, "object_id": "36", "object_repr": "36", "action_flag": 3, "change_message": ""}}, {"model": "admin.logentry", "pk": 31, "fields": {"action_time": "2018-05-08T07:53:43.779Z", "user": 1, "content_type": 14, "object_id": "35", "object_repr": "35", "action_flag": 3, "change_message": ""}}, {"model": "admin.logentry", "pk": 32, "fields": {"action_time": "2018-05-08T07:53:43.780Z", "user": 1, "content_type": 14, "object_id": "3", "object_repr": "3", "action_flag": 3, "change_message": ""}}, {"model": "admin.logentry", "pk": 33, "fields": {"action_time": "2018-05-08T07:53:43.783Z", "user": 1, "content_type": 14, "object_id": "2", "object_repr": "2", "action_flag": 3, "change_message": ""}}, {"model": "admin.logentry", "pk": 34, "fields": {"action_time": "2018-05-08T07:53:43.785Z", "user": 1, "content_type": 14, "object_id": "1", "object_repr": "1", "action_flag": 3, "change_message": ""}}, {"model": "admin.logentry", "pk": 35, "fields": {"action_time": "2018-05-08T07:53:58.279Z", "user": 1, "content_type": 16, "object_id": "239", "object_repr": "239", "action_flag": 3, "change_message": ""}}, {"model": "admin.logentry", "pk": 36, "fields": {"action_time": "2018-05-08T07:53:58.282Z", "user": 1, "content_type": 16, "object_id": "238", "object_repr": "238", "action_flag": 3, "change_message": ""}}, {"model": "admin.logentry", "pk": 37, "fields": {"action_time": "2018-05-08T07:53:58.284Z", "user": 1, "content_type": 16, "object_id": "237", "object_repr": "237", "action_flag": 3, "change_message": ""}}, {"model": "admin.logentry", "pk": 38, "fields": {"action_time": "2018-05-08T07:53:58.286Z", "user": 1, "content_type": 16, "object_id": "236", "object_repr": "236", "action_flag": 3, "change_message": ""}}, {"model": "admin.logentry", "pk": 39, "fields": {"action_time": "2018-05-08T07:53:58.287Z", "user": 1, "content_type": 16, "object_id": "235", "object_repr": "235", "action_flag": 3, "change_message": ""}}, {"model": "admin.logentry", "pk": 40, "fields": {"action_time": "2018-05-08T07:53:58.289Z", "user": 1, "content_type": 16, "object_id": "234", "object_repr": "234", "action_flag": 3, "change_message": ""}}, {"model": "admin.logentry", "pk": 41, "fields": {"action_time": "2018-05-08T07:53:58.292Z", "user": 1, "content_type": 16, "object_id": "233", "object_repr": "233", "action_flag": 3, "change_message": ""}}, {"model": "admin.logentry", "pk": 42, "fields": {"action_time": "2018-05-08T07:53:58.294Z", "user": 1, "content_type": 16, "object_id": "229", "object_repr": "229", "action_flag": 3, "change_message": ""}}, {"model": "admin.logentry", "pk": 43, "fields": {"action_time": "2018-05-08T07:53:58.296Z", "user": 1, "content_type": 16, "object_id": "228", "object_repr": "228", "action_flag": 3, "change_message": ""}}, {"model": "admin.logentry", "pk": 44, "fields": {"action_time": "2018-05-08T07:53:58.298Z", "user": 1, "content_type": 16, "object_id": "227", "object_repr": "227", "action_flag": 3, "change_message": ""}}, {"model": "admin.logentry", "pk": 45, "fields": {"action_time": "2018-05-08T07:53:58.299Z", "user": 1, "content_type": 16, "object_id": "226", "object_repr": "226", "action_flag": 3, "change_message": ""}}, {"model": "admin.logentry", "pk": 46, "fields": {"action_time": "2018-05-08T07:53:58.301Z", "user": 1, "content_type": 16, "object_id": "225", "object_repr": "225", "action_flag": 3, "change_message": ""}}, {"model": "admin.logentry", "pk": 47, "fields": {"action_time": "2018-05-08T07:53:58.303Z", "user": 1, "content_type": 16, "object_id": "224", "object_repr": "224", "action_flag": 3, "change_message": ""}}, {"model": "admin.logentry", "pk": 48, "fields": {"action_time": "2018-05-08T07:53:58.305Z", "user": 1, "content_type": 16, "object_id": "223", "object_repr": "223", "action_flag": 3, "change_message": ""}}, {"model": "admin.logentry", "pk": 49, "fields": {"action_time": "2018-05-08T07:53:58.307Z", "user": 1, "content_type": 16, "object_id": "222", "object_repr": "222", "action_flag": 3, "change_message": ""}}, {"model": "admin.logentry", "pk": 50, "fields": {"action_time": "2018-05-08T07:53:58.309Z", "user": 1, "content_type": 16, "object_id": "221", "object_repr": "221", "action_flag": 3, "change_message": ""}}, {"model": "admin.logentry", "pk": 51, "fields": {"action_time": "2018-05-08T07:53:58.311Z", "user": 1, "content_type": 16, "object_id": "220", "object_repr": "220", "action_flag": 3, "change_message": ""}}, {"model": "admin.logentry", "pk": 52, "fields": {"action_time": "2018-05-08T07:53:58.313Z", "user": 1, "content_type": 16, "object_id": "219", "object_repr": "219", "action_flag": 3, "change_message": ""}}, {"model": "admin.logentry", "pk": 53, "fields": {"action_time": "2018-05-08T07:53:58.315Z", "user": 1, "content_type": 16, "object_id": "218", "object_repr": "218", "action_flag": 3, "change_message": ""}}, {"model": "admin.logentry", "pk": 54, "fields": {"action_time": "2018-05-08T07:53:58.316Z", "user": 1, "content_type": 16, "object_id": "217", "object_repr": "217", "action_flag": 3, "change_message": ""}}, {"model": "admin.logentry", "pk": 55, "fields": {"action_time": "2018-05-08T07:53:58.318Z", "user": 1, "content_type": 16, "object_id": "216", "object_repr": "216", "action_flag": 3, "change_message": ""}}, {"model": "admin.logentry", "pk": 56, "fields": {"action_time": "2018-05-08T07:53:58.320Z", "user": 1, "content_type": 16, "object_id": "215", "object_repr": "215", "action_flag": 3, "change_message": ""}}, {"model": "admin.logentry", "pk": 57, "fields": {"action_time": "2018-05-08T07:53:58.322Z", "user": 1, "content_type": 16, "object_id": "214", "object_repr": "214", "action_flag": 3, "change_message": ""}}, {"model": "admin.logentry", "pk": 58, "fields": {"action_time": "2018-05-08T07:53:58.324Z", "user": 1, "content_type": 16, "object_id": "213", "object_repr": "213", "action_flag": 3, "change_message": ""}}, {"model": "admin.logentry", "pk": 59, "fields": {"action_time": "2018-05-08T07:53:58.326Z", "user": 1, "content_type": 16, "object_id": "212", "object_repr": "212", "action_flag": 3, "change_message": ""}}, {"model": "admin.logentry", "pk": 60, "fields": {"action_time": "2018-05-08T07:53:58.328Z", "user": 1, "content_type": 16, "object_id": "211", "object_repr": "211", "action_flag": 3, "change_message": ""}}, {"model": "admin.logentry", "pk": 61, "fields": {"action_time": "2018-05-08T07:53:58.330Z", "user": 1, "content_type": 16, "object_id": "210", "object_repr": "210", "action_flag": 3, "change_message": ""}}, {"model": "admin.logentry", "pk": 62, "fields": {"action_time": "2018-05-08T07:53:58.332Z", "user": 1, "content_type": 16, "object_id": "180", "object_repr": "180", "action_flag": 3, "change_message": ""}}, {"model": "admin.logentry", "pk": 63, "fields": {"action_time": "2018-05-08T07:53:58.334Z", "user": 1, "content_type": 16, "object_id": "179", "object_repr": "179", "action_flag": 3, "change_message": ""}}, {"model": "admin.logentry", "pk": 64, "fields": {"action_time": "2018-05-08T07:53:58.336Z", "user": 1, "content_type": 16, "object_id": "178", "object_repr": "178", "action_flag": 3, "change_message": ""}}, {"model": "admin.logentry", "pk": 65, "fields": {"action_time": "2018-05-08T07:53:58.338Z", "user": 1, "content_type": 16, "object_id": "177", "object_repr": "177", "action_flag": 3, "change_message": ""}}, {"model": "admin.logentry", "pk": 66, "fields": {"action_time": "2018-05-08T07:53:58.340Z", "user": 1, "content_type": 16, "object_id": "176", "object_repr": "176", "action_flag": 3, "change_message": ""}}, {"model": "admin.logentry", "pk": 67, "fields": {"action_time": "2018-05-08T07:53:58.342Z", "user": 1, "content_type": 16, "object_id": "175", "object_repr": "175", "action_flag": 3, "change_message": ""}}, {"model": "admin.logentry", "pk": 68, "fields": {"action_time": "2018-05-08T07:53:58.344Z", "user": 1, "content_type": 16, "object_id": "142", "object_repr": "142", "action_flag": 3, "change_message": ""}}, {"model": "admin.logentry", "pk": 69, "fields": {"action_time": "2018-05-08T07:53:58.345Z", "user": 1, "content_type": 16, "object_id": "141", "object_repr": "141", "action_flag": 3, "change_message": ""}}, {"model": "admin.logentry", "pk": 70, "fields": {"action_time": "2018-05-08T07:53:58.347Z", "user": 1, "content_type": 16, "object_id": "140", "object_repr": "140", "action_flag": 3, "change_message": ""}}, {"model": "admin.logentry", "pk": 71, "fields": {"action_time": "2018-05-08T07:53:58.349Z", "user": 1, "content_type": 16, "object_id": "139", "object_repr": "139", "action_flag": 3, "change_message": ""}}, {"model": "admin.logentry", "pk": 72, "fields": {"action_time": "2018-05-08T07:53:58.351Z", "user": 1, "content_type": 16, "object_id": "107", "object_repr": "107", "action_flag": 3, "change_message": ""}}, {"model": "admin.logentry", "pk": 73, "fields": {"action_time": "2018-05-08T07:53:58.353Z", "user": 1, "content_type": 16, "object_id": "106", "object_repr": "106", "action_flag": 3, "change_message": ""}}, {"model": "admin.logentry", "pk": 74, "fields": {"action_time": "2018-05-08T07:53:58.354Z", "user": 1, "content_type": 16, "object_id": "76", "object_repr": "76", "action_flag": 3, "change_message": ""}}, {"model": "admin.logentry", "pk": 75, "fields": {"action_time": "2018-05-08T07:53:58.356Z", "user": 1, "content_type": 16, "object_id": "75", "object_repr": "75", "action_flag": 3, "change_message": ""}}, {"model": "admin.logentry", "pk": 76, "fields": {"action_time": "2018-05-08T07:53:58.359Z", "user": 1, "content_type": 16, "object_id": "74", "object_repr": "74", "action_flag": 3, "change_message": ""}}, {"model": "admin.logentry", "pk": 77, "fields": {"action_time": "2018-05-08T07:53:58.361Z", "user": 1, "content_type": 16, "object_id": "73", "object_repr": "73", "action_flag": 3, "change_message": ""}}, {"model": "admin.logentry", "pk": 78, "fields": {"action_time": "2018-05-08T07:53:58.363Z", "user": 1, "content_type": 16, "object_id": "72", "object_repr": "72", "action_flag": 3, "change_message": ""}}, {"model": "admin.logentry", "pk": 79, "fields": {"action_time": "2018-05-08T07:53:58.366Z", "user": 1, "content_type": 16, "object_id": "71", "object_repr": "71", "action_flag": 3, "change_message": ""}}, {"model": "admin.logentry", "pk": 80, "fields": {"action_time": "2018-05-08T07:53:58.367Z", "user": 1, "content_type": 16, "object_id": "70", "object_repr": "70", "action_flag": 3, "change_message": ""}}, {"model": "admin.logentry", "pk": 81, "fields": {"action_time": "2018-05-08T07:53:58.370Z", "user": 1, "content_type": 16, "object_id": "69", "object_repr": "69", "action_flag": 3, "change_message": ""}}, {"model": "admin.logentry", "pk": 82, "fields": {"action_time": "2018-05-08T07:53:58.372Z", "user": 1, "content_type": 16, "object_id": "68", "object_repr": "68", "action_flag": 3, "change_message": ""}}, {"model": "admin.logentry", "pk": 83, "fields": {"action_time": "2018-05-08T07:53:58.374Z", "user": 1, "content_type": 16, "object_id": "67", "object_repr": "67", "action_flag": 3, "change_message": ""}}, {"model": "admin.logentry", "pk": 84, "fields": {"action_time": "2018-05-08T07:53:58.376Z", "user": 1, "content_type": 16, "object_id": "66", "object_repr": "66", "action_flag": 3, "change_message": ""}}, {"model": "admin.logentry", "pk": 85, "fields": {"action_time": "2018-05-08T07:53:58.378Z", "user": 1, "content_type": 16, "object_id": "65", "object_repr": "65", "action_flag": 3, "change_message": ""}}, {"model": "admin.logentry", "pk": 86, "fields": {"action_time": "2018-05-08T07:53:58.380Z", "user": 1, "content_type": 16, "object_id": "64", "object_repr": "64", "action_flag": 3, "change_message": ""}}, {"model": "admin.logentry", "pk": 87, "fields": {"action_time": "2018-05-08T07:53:58.382Z", "user": 1, "content_type": 16, "object_id": "63", "object_repr": "63", "action_flag": 3, "change_message": ""}}, {"model": "admin.logentry", "pk": 88, "fields": {"action_time": "2018-05-08T07:53:58.384Z", "user": 1, "content_type": 16, "object_id": "62", "object_repr": "62", "action_flag": 3, "change_message": ""}}, {"model": "admin.logentry", "pk": 89, "fields": {"action_time": "2018-05-08T07:53:58.386Z", "user": 1, "content_type": 16, "object_id": "61", "object_repr": "61", "action_flag": 3, "change_message": ""}}, {"model": "admin.logentry", "pk": 90, "fields": {"action_time": "2018-05-08T07:53:58.388Z", "user": 1, "content_type": 16, "object_id": "60", "object_repr": "60", "action_flag": 3, "change_message": ""}}, {"model": "admin.logentry", "pk": 91, "fields": {"action_time": "2018-05-08T07:53:58.390Z", "user": 1, "content_type": 16, "object_id": "59", "object_repr": "59", "action_flag": 3, "change_message": ""}}, {"model": "admin.logentry", "pk": 92, "fields": {"action_time": "2018-05-08T07:53:58.392Z", "user": 1, "content_type": 16, "object_id": "58", "object_repr": "58", "action_flag": 3, "change_message": ""}}, {"model": "admin.logentry", "pk": 93, "fields": {"action_time": "2018-05-08T07:53:58.394Z", "user": 1, "content_type": 16, "object_id": "57", "object_repr": "57", "action_flag": 3, "change_message": ""}}, {"model": "admin.logentry", "pk": 94, "fields": {"action_time": "2018-05-08T07:53:58.396Z", "user": 1, "content_type": 16, "object_id": "56", "object_repr": "56", "action_flag": 3, "change_message": ""}}, {"model": "admin.logentry", "pk": 95, "fields": {"action_time": "2018-05-08T07:53:58.399Z", "user": 1, "content_type": 16, "object_id": "55", "object_repr": "55", "action_flag": 3, "change_message": ""}}, {"model": "admin.logentry", "pk": 96, "fields": {"action_time": "2018-05-08T07:53:58.401Z", "user": 1, "content_type": 16, "object_id": "54", "object_repr": "54", "action_flag": 3, "change_message": ""}}, {"model": "admin.logentry", "pk": 97, "fields": {"action_time": "2018-05-08T07:53:58.403Z", "user": 1, "content_type": 16, "object_id": "53", "object_repr": "53", "action_flag": 3, "change_message": ""}}, {"model": "admin.logentry", "pk": 98, "fields": {"action_time": "2018-05-08T07:53:58.405Z", "user": 1, "content_type": 16, "object_id": "52", "object_repr": "52", "action_flag": 3, "change_message": ""}}, {"model": "admin.logentry", "pk": 99, "fields": {"action_time": "2018-05-08T07:53:58.407Z", "user": 1, "content_type": 16, "object_id": "51", "object_repr": "51", "action_flag": 3, "change_message": ""}}, {"model": "admin.logentry", "pk": 100, "fields": {"action_time": "2018-05-08T07:53:58.410Z", "user": 1, "content_type": 16, "object_id": "50", "object_repr": "50", "action_flag": 3, "change_message": ""}}, {"model": "admin.logentry", "pk": 101, "fields": {"action_time": "2018-05-08T07:53:58.412Z", "user": 1, "content_type": 16, "object_id": "49", "object_repr": "49", "action_flag": 3, "change_message": ""}}, {"model": "admin.logentry", "pk": 102, "fields": {"action_time": "2018-05-08T07:53:58.414Z", "user": 1, "content_type": 16, "object_id": "48", "object_repr": "48", "action_flag": 3, "change_message": ""}}, {"model": "admin.logentry", "pk": 103, "fields": {"action_time": "2018-05-08T07:53:58.416Z", "user": 1, "content_type": 16, "object_id": "47", "object_repr": "47", "action_flag": 3, "change_message": ""}}, {"model": "admin.logentry", "pk": 104, "fields": {"action_time": "2018-05-08T07:53:58.418Z", "user": 1, "content_type": 16, "object_id": "46", "object_repr": "46", "action_flag": 3, "change_message": ""}}, {"model": "admin.logentry", "pk": 105, "fields": {"action_time": "2018-05-08T07:53:58.420Z", "user": 1, "content_type": 16, "object_id": "45", "object_repr": "45", "action_flag": 3, "change_message": ""}}, {"model": "admin.logentry", "pk": 106, "fields": {"action_time": "2018-05-08T07:53:58.422Z", "user": 1, "content_type": 16, "object_id": "44", "object_repr": "44", "action_flag": 3, "change_message": ""}}, {"model": "admin.logentry", "pk": 107, "fields": {"action_time": "2018-05-08T07:53:58.425Z", "user": 1, "content_type": 16, "object_id": "43", "object_repr": "43", "action_flag": 3, "change_message": ""}}, {"model": "admin.logentry", "pk": 108, "fields": {"action_time": "2018-05-08T07:53:58.428Z", "user": 1, "content_type": 16, "object_id": "42", "object_repr": "42", "action_flag": 3, "change_message": ""}}, {"model": "admin.logentry", "pk": 109, "fields": {"action_time": "2018-05-08T07:53:58.430Z", "user": 1, "content_type": 16, "object_id": "41", "object_repr": "41", "action_flag": 3, "change_message": ""}}, {"model": "admin.logentry", "pk": 110, "fields": {"action_time": "2018-05-08T07:53:58.434Z", "user": 1, "content_type": 16, "object_id": "40", "object_repr": "40", "action_flag": 3, "change_message": ""}}, {"model": "admin.logentry", "pk": 111, "fields": {"action_time": "2018-05-08T07:53:58.436Z", "user": 1, "content_type": 16, "object_id": "39", "object_repr": "39", "action_flag": 3, "change_message": ""}}, {"model": "admin.logentry", "pk": 112, "fields": {"action_time": "2018-05-08T07:53:58.438Z", "user": 1, "content_type": 16, "object_id": "38", "object_repr": "38", "action_flag": 3, "change_message": ""}}, {"model": "admin.logentry", "pk": 113, "fields": {"action_time": "2018-05-08T07:53:58.440Z", "user": 1, "content_type": 16, "object_id": "37", "object_repr": "37", "action_flag": 3, "change_message": ""}}, {"model": "admin.logentry", "pk": 114, "fields": {"action_time": "2018-05-08T07:53:58.444Z", "user": 1, "content_type": 16, "object_id": "36", "object_repr": "36", "action_flag": 3, "change_message": ""}}, {"model": "admin.logentry", "pk": 115, "fields": {"action_time": "2018-05-08T07:53:58.446Z", "user": 1, "content_type": 16, "object_id": "5", "object_repr": "5", "action_flag": 3, "change_message": ""}}, {"model": "admin.logentry", "pk": 116, "fields": {"action_time": "2018-05-08T07:53:58.449Z", "user": 1, "content_type": 16, "object_id": "4", "object_repr": "4", "action_flag": 3, "change_message": ""}}, {"model": "admin.logentry", "pk": 117, "fields": {"action_time": "2018-05-08T07:53:58.451Z", "user": 1, "content_type": 16, "object_id": "3", "object_repr": "3", "action_flag": 3, "change_message": ""}}, {"model": "admin.logentry", "pk": 118, "fields": {"action_time": "2018-05-08T07:53:58.453Z", "user": 1, "content_type": 16, "object_id": "2", "object_repr": "2", "action_flag": 3, "change_message": ""}}, {"model": "admin.logentry", "pk": 119, "fields": {"action_time": "2018-05-08T07:53:58.456Z", "user": 1, "content_type": 16, "object_id": "1", "object_repr": "1", "action_flag": 3, "change_message": ""}}, {"model": "admin.logentry", "pk": 120, "fields": {"action_time": "2018-05-08T13:20:17.848Z", "user": 1, "content_type": 14, "object_id": "152", "object_repr": "152", "action_flag": 3, "change_message": ""}}, {"model": "admin.logentry", "pk": 121, "fields": {"action_time": "2018-05-08T13:20:17.858Z", "user": 1, "content_type": 14, "object_id": "151", "object_repr": "151", "action_flag": 3, "change_message": ""}}, {"model": "admin.logentry", "pk": 122, "fields": {"action_time": "2018-05-08T13:20:39.761Z", "user": 1, "content_type": 16, "object_id": "330", "object_repr": "330", "action_flag": 3, "change_message": ""}}, {"model": "admin.logentry", "pk": 123, "fields": {"action_time": "2018-05-08T13:20:39.764Z", "user": 1, "content_type": 16, "object_id": "329", "object_repr": "329", "action_flag": 3, "change_message": ""}}, {"model": "admin.logentry", "pk": 124, "fields": {"action_time": "2018-05-08T13:29:10.097Z", "user": 1, "content_type": 14, "object_id": "154", "object_repr": "154", "action_flag": 3, "change_message": ""}}, {"model": "admin.logentry", "pk": 125, "fields": {"action_time": "2018-05-08T13:29:10.100Z", "user": 1, "content_type": 14, "object_id": "153", "object_repr": "153", "action_flag": 3, "change_message": ""}}, {"model": "admin.logentry", "pk": 126, "fields": {"action_time": "2018-05-08T13:30:10.131Z", "user": 1, "content_type": 14, "object_id": "155", "object_repr": "155", "action_flag": 3, "change_message": ""}}, {"model": "admin.logentry", "pk": 127, "fields": {"action_time": "2018-05-08T13:30:21.277Z", "user": 1, "content_type": 16, "object_id": "334", "object_repr": "334", "action_flag": 3, "change_message": ""}}, {"model": "admin.logentry", "pk": 128, "fields": {"action_time": "2018-05-08T13:30:39.086Z", "user": 1, "content_type": 16, "object_id": "333", "object_repr": "333", "action_flag": 3, "change_message": ""}}, {"model": "admin.logentry", "pk": 129, "fields": {"action_time": "2018-05-08T13:32:59.340Z", "user": 1, "content_type": 14, "object_id": "156", "object_repr": "156", "action_flag": 3, "change_message": ""}}, {"model": "admin.logentry", "pk": 130, "fields": {"action_time": "2018-05-08T13:36:09.308Z", "user": 1, "content_type": 14, "object_id": "157", "object_repr": "157", "action_flag": 3, "change_message": ""}}, {"model": "admin.logentry", "pk": 131, "fields": {"action_time": "2018-05-08T13:36:09.317Z", "user": 1, "content_type": 14, "object_id": "150", "object_repr": "150", "action_flag": 3, "change_message": ""}}, {"model": "admin.logentry", "pk": 132, "fields": {"action_time": "2018-05-08T13:37:01.963Z", "user": 1, "content_type": 16, "object_id": "337", "object_repr": "337", "action_flag": 3, "change_message": ""}}, {"model": "admin.logentry", "pk": 133, "fields": {"action_time": "2018-05-08T13:37:01.966Z", "user": 1, "content_type": 16, "object_id": "336", "object_repr": "336", "action_flag": 3, "change_message": ""}}, {"model": "admin.logentry", "pk": 134, "fields": {"action_time": "2018-05-08T13:37:01.969Z", "user": 1, "content_type": 16, "object_id": "335", "object_repr": "335", "action_flag": 3, "change_message": ""}}, {"model": "admin.logentry", "pk": 135, "fields": {"action_time": "2018-05-08T13:37:01.971Z", "user": 1, "content_type": 16, "object_id": "332", "object_repr": "332", "action_flag": 3, "change_message": ""}}, {"model": "admin.logentry", "pk": 136, "fields": {"action_time": "2018-05-08T13:37:09.832Z", "user": 1, "content_type": 16, "object_id": "331", "object_repr": "331", "action_flag": 3, "change_message": ""}}, {"model": "admin.logentry", "pk": 137, "fields": {"action_time": "2018-05-08T13:37:09.836Z", "user": 1, "content_type": 16, "object_id": "328", "object_repr": "328", "action_flag": 3, "change_message": ""}}, {"model": "admin.logentry", "pk": 138, "fields": {"action_time": "2018-05-08T13:37:09.839Z", "user": 1, "content_type": 16, "object_id": "327", "object_repr": "327", "action_flag": 3, "change_message": ""}}, {"model": "admin.logentry", "pk": 139, "fields": {"action_time": "2018-05-08T13:37:16.257Z", "user": 1, "content_type": 16, "object_id": "326", "object_repr": "326", "action_flag": 3, "change_message": ""}}, {"model": "admin.logentry", "pk": 140, "fields": {"action_time": "2018-05-08T13:37:16.260Z", "user": 1, "content_type": 16, "object_id": "325", "object_repr": "325", "action_flag": 3, "change_message": ""}}, {"model": "admin.logentry", "pk": 141, "fields": {"action_time": "2018-05-08T13:43:31.736Z", "user": 1, "content_type": 16, "object_id": "340", "object_repr": "340", "action_flag": 3, "change_message": ""}}, {"model": "admin.logentry", "pk": 142, "fields": {"action_time": "2018-05-08T13:43:31.739Z", "user": 1, "content_type": 16, "object_id": "339", "object_repr": "339", "action_flag": 3, "change_message": ""}}, {"model": "admin.logentry", "pk": 143, "fields": {"action_time": "2018-05-08T13:43:31.741Z", "user": 1, "content_type": 16, "object_id": "338", "object_repr": "338", "action_flag": 3, "change_message": ""}}, {"model": "admin.logentry", "pk": 144, "fields": {"action_time": "2018-05-08T13:46:25.929Z", "user": 1, "content_type": 16, "object_id": "343", "object_repr": "343", "action_flag": 3, "change_message": ""}}, {"model": "admin.logentry", "pk": 145, "fields": {"action_time": "2018-05-08T13:46:25.936Z", "user": 1, "content_type": 16, "object_id": "342", "object_repr": "342", "action_flag": 3, "change_message": ""}}, {"model": "admin.logentry", "pk": 146, "fields": {"action_time": "2018-05-08T13:46:25.938Z", "user": 1, "content_type": 16, "object_id": "341", "object_repr": "341", "action_flag": 3, "change_message": ""}}, {"model": "admin.logentry", "pk": 147, "fields": {"action_time": "2018-05-09T02:59:59.389Z", "user": 1, "content_type": 14, "object_id": "188", "object_repr": "188", "action_flag": 3, "change_message": ""}}, {"model": "admin.logentry", "pk": 148, "fields": {"action_time": "2018-05-09T03:00:20.481Z", "user": 1, "content_type": 16, "object_id": "374", "object_repr": "374", "action_flag": 3, "change_message": ""}}, {"model": "admin.logentry", "pk": 149, "fields": {"action_time": "2018-05-09T08:24:33.327Z", "user": 1, "content_type": 14, "object_id": "295", "object_repr": "295", "action_flag": 3, "change_message": ""}}, {"model": "admin.logentry", "pk": 150, "fields": {"action_time": "2018-05-09T08:24:33.338Z", "user": 1, "content_type": 14, "object_id": "294", "object_repr": "294", "action_flag": 3, "change_message": ""}}, {"model": "admin.logentry", "pk": 151, "fields": {"action_time": "2018-05-09T08:24:33.341Z", "user": 1, "content_type": 14, "object_id": "293", "object_repr": "293", "action_flag": 3, "change_message": ""}}, {"model": "admin.logentry", "pk": 152, "fields": {"action_time": "2018-05-09T08:24:33.343Z", "user": 1, "content_type": 14, "object_id": "292", "object_repr": "292", "action_flag": 3, "change_message": ""}}, {"model": "admin.logentry", "pk": 153, "fields": {"action_time": "2018-05-09T08:24:33.346Z", "user": 1, "content_type": 14, "object_id": "291", "object_repr": "291", "action_flag": 3, "change_message": ""}}, {"model": "admin.logentry", "pk": 154, "fields": {"action_time": "2018-05-09T08:24:33.350Z", "user": 1, "content_type": 14, "object_id": "290", "object_repr": "290", "action_flag": 3, "change_message": ""}}, {"model": "admin.logentry", "pk": 155, "fields": {"action_time": "2018-05-09T08:24:33.353Z", "user": 1, "content_type": 14, "object_id": "289", "object_repr": "289", "action_flag": 3, "change_message": ""}}, {"model": "admin.logentry", "pk": 156, "fields": {"action_time": "2018-05-09T08:24:33.355Z", "user": 1, "content_type": 14, "object_id": "288", "object_repr": "288", "action_flag": 3, "change_message": ""}}, {"model": "admin.logentry", "pk": 157, "fields": {"action_time": "2018-05-09T08:24:33.357Z", "user": 1, "content_type": 14, "object_id": "287", "object_repr": "287", "action_flag": 3, "change_message": ""}}, {"model": "admin.logentry", "pk": 158, "fields": {"action_time": "2018-05-09T08:24:33.359Z", "user": 1, "content_type": 14, "object_id": "286", "object_repr": "286", "action_flag": 3, "change_message": ""}}, {"model": "admin.logentry", "pk": 159, "fields": {"action_time": "2018-05-09T08:24:33.361Z", "user": 1, "content_type": 14, "object_id": "285", "object_repr": "285", "action_flag": 3, "change_message": ""}}, {"model": "admin.logentry", "pk": 160, "fields": {"action_time": "2018-05-09T08:24:33.362Z", "user": 1, "content_type": 14, "object_id": "284", "object_repr": "284", "action_flag": 3, "change_message": ""}}, {"model": "admin.logentry", "pk": 161, "fields": {"action_time": "2018-05-09T08:24:33.364Z", "user": 1, "content_type": 14, "object_id": "283", "object_repr": "283", "action_flag": 3, "change_message": ""}}, {"model": "admin.logentry", "pk": 162, "fields": {"action_time": "2018-05-09T08:24:33.366Z", "user": 1, "content_type": 14, "object_id": "282", "object_repr": "282", "action_flag": 3, "change_message": ""}}, {"model": "admin.logentry", "pk": 163, "fields": {"action_time": "2018-05-09T08:24:33.368Z", "user": 1, "content_type": 14, "object_id": "281", "object_repr": "281", "action_flag": 3, "change_message": ""}}, {"model": "admin.logentry", "pk": 164, "fields": {"action_time": "2018-05-09T08:24:33.370Z", "user": 1, "content_type": 14, "object_id": "280", "object_repr": "280", "action_flag": 3, "change_message": ""}}, {"model": "admin.logentry", "pk": 165, "fields": {"action_time": "2018-05-09T08:24:33.372Z", "user": 1, "content_type": 14, "object_id": "279", "object_repr": "279", "action_flag": 3, "change_message": ""}}, {"model": "admin.logentry", "pk": 166, "fields": {"action_time": "2018-05-09T08:24:33.374Z", "user": 1, "content_type": 14, "object_id": "278", "object_repr": "278", "action_flag": 3, "change_message": ""}}, {"model": "admin.logentry", "pk": 167, "fields": {"action_time": "2018-05-09T08:24:33.376Z", "user": 1, "content_type": 14, "object_id": "277", "object_repr": "277", "action_flag": 3, "change_message": ""}}, {"model": "admin.logentry", "pk": 168, "fields": {"action_time": "2018-05-09T08:24:33.377Z", "user": 1, "content_type": 14, "object_id": "276", "object_repr": "276", "action_flag": 3, "change_message": ""}}, {"model": "admin.logentry", "pk": 169, "fields": {"action_time": "2018-05-09T08:24:33.379Z", "user": 1, "content_type": 14, "object_id": "275", "object_repr": "275", "action_flag": 3, "change_message": ""}}, {"model": "admin.logentry", "pk": 170, "fields": {"action_time": "2018-05-09T08:24:33.381Z", "user": 1, "content_type": 14, "object_id": "274", "object_repr": "274", "action_flag": 3, "change_message": ""}}, {"model": "admin.logentry", "pk": 171, "fields": {"action_time": "2018-05-09T08:24:33.383Z", "user": 1, "content_type": 14, "object_id": "273", "object_repr": "273", "action_flag": 3, "change_message": ""}}, {"model": "admin.logentry", "pk": 172, "fields": {"action_time": "2018-05-09T08:24:33.385Z", "user": 1, "content_type": 14, "object_id": "272", "object_repr": "272", "action_flag": 3, "change_message": ""}}, {"model": "admin.logentry", "pk": 173, "fields": {"action_time": "2018-05-09T08:24:33.387Z", "user": 1, "content_type": 14, "object_id": "271", "object_repr": "271", "action_flag": 3, "change_message": ""}}, {"model": "admin.logentry", "pk": 174, "fields": {"action_time": "2018-05-09T08:24:33.388Z", "user": 1, "content_type": 14, "object_id": "270", "object_repr": "270", "action_flag": 3, "change_message": ""}}, {"model": "admin.logentry", "pk": 175, "fields": {"action_time": "2018-05-09T08:24:33.390Z", "user": 1, "content_type": 14, "object_id": "269", "object_repr": "269", "action_flag": 3, "change_message": ""}}, {"model": "admin.logentry", "pk": 176, "fields": {"action_time": "2018-05-09T08:24:33.392Z", "user": 1, "content_type": 14, "object_id": "268", "object_repr": "268", "action_flag": 3, "change_message": ""}}, {"model": "admin.logentry", "pk": 177, "fields": {"action_time": "2018-05-09T08:24:33.394Z", "user": 1, "content_type": 14, "object_id": "267", "object_repr": "267", "action_flag": 3, "change_message": ""}}, {"model": "admin.logentry", "pk": 178, "fields": {"action_time": "2018-05-09T08:24:33.395Z", "user": 1, "content_type": 14, "object_id": "266", "object_repr": "266", "action_flag": 3, "change_message": ""}}, {"model": "admin.logentry", "pk": 179, "fields": {"action_time": "2018-05-09T08:24:33.397Z", "user": 1, "content_type": 14, "object_id": "265", "object_repr": "265", "action_flag": 3, "change_message": ""}}, {"model": "admin.logentry", "pk": 180, "fields": {"action_time": "2018-05-09T08:24:33.400Z", "user": 1, "content_type": 14, "object_id": "264", "object_repr": "264", "action_flag": 3, "change_message": ""}}, {"model": "admin.logentry", "pk": 181, "fields": {"action_time": "2018-05-09T08:24:33.402Z", "user": 1, "content_type": 14, "object_id": "263", "object_repr": "263", "action_flag": 3, "change_message": ""}}, {"model": "admin.logentry", "pk": 182, "fields": {"action_time": "2018-05-09T08:24:33.404Z", "user": 1, "content_type": 14, "object_id": "262", "object_repr": "262", "action_flag": 3, "change_message": ""}}, {"model": "admin.logentry", "pk": 183, "fields": {"action_time": "2018-05-09T08:24:33.406Z", "user": 1, "content_type": 14, "object_id": "261", "object_repr": "261", "action_flag": 3, "change_message": ""}}, {"model": "admin.logentry", "pk": 184, "fields": {"action_time": "2018-05-09T08:24:33.408Z", "user": 1, "content_type": 14, "object_id": "260", "object_repr": "260", "action_flag": 3, "change_message": ""}}, {"model": "admin.logentry", "pk": 185, "fields": {"action_time": "2018-05-09T08:24:33.409Z", "user": 1, "content_type": 14, "object_id": "259", "object_repr": "259", "action_flag": 3, "change_message": ""}}, {"model": "admin.logentry", "pk": 186, "fields": {"action_time": "2018-05-09T08:24:33.411Z", "user": 1, "content_type": 14, "object_id": "258", "object_repr": "258", "action_flag": 3, "change_message": ""}}, {"model": "admin.logentry", "pk": 187, "fields": {"action_time": "2018-05-09T08:24:33.413Z", "user": 1, "content_type": 14, "object_id": "257", "object_repr": "257", "action_flag": 3, "change_message": ""}}, {"model": "admin.logentry", "pk": 188, "fields": {"action_time": "2018-05-09T08:24:33.415Z", "user": 1, "content_type": 14, "object_id": "256", "object_repr": "256", "action_flag": 3, "change_message": ""}}, {"model": "admin.logentry", "pk": 189, "fields": {"action_time": "2018-05-09T08:24:33.417Z", "user": 1, "content_type": 14, "object_id": "255", "object_repr": "255", "action_flag": 3, "change_message": ""}}, {"model": "admin.logentry", "pk": 190, "fields": {"action_time": "2018-05-09T08:24:33.419Z", "user": 1, "content_type": 14, "object_id": "254", "object_repr": "254", "action_flag": 3, "change_message": ""}}, {"model": "admin.logentry", "pk": 191, "fields": {"action_time": "2018-05-09T08:24:33.421Z", "user": 1, "content_type": 14, "object_id": "253", "object_repr": "253", "action_flag": 3, "change_message": ""}}, {"model": "admin.logentry", "pk": 192, "fields": {"action_time": "2018-05-09T08:24:33.422Z", "user": 1, "content_type": 14, "object_id": "252", "object_repr": "252", "action_flag": 3, "change_message": ""}}, {"model": "admin.logentry", "pk": 193, "fields": {"action_time": "2018-05-09T08:24:33.424Z", "user": 1, "content_type": 14, "object_id": "251", "object_repr": "251", "action_flag": 3, "change_message": ""}}, {"model": "admin.logentry", "pk": 194, "fields": {"action_time": "2018-05-09T08:24:33.426Z", "user": 1, "content_type": 14, "object_id": "250", "object_repr": "250", "action_flag": 3, "change_message": ""}}, {"model": "admin.logentry", "pk": 195, "fields": {"action_time": "2018-05-09T08:24:33.427Z", "user": 1, "content_type": 14, "object_id": "249", "object_repr": "249", "action_flag": 3, "change_message": ""}}, {"model": "admin.logentry", "pk": 196, "fields": {"action_time": "2018-05-09T08:24:33.429Z", "user": 1, "content_type": 14, "object_id": "248", "object_repr": "248", "action_flag": 3, "change_message": ""}}, {"model": "admin.logentry", "pk": 197, "fields": {"action_time": "2018-05-09T08:24:33.431Z", "user": 1, "content_type": 14, "object_id": "247", "object_repr": "247", "action_flag": 3, "change_message": ""}}, {"model": "admin.logentry", "pk": 198, "fields": {"action_time": "2018-05-09T08:24:33.433Z", "user": 1, "content_type": 14, "object_id": "246", "object_repr": "246", "action_flag": 3, "change_message": ""}}, {"model": "admin.logentry", "pk": 199, "fields": {"action_time": "2018-05-09T08:24:33.435Z", "user": 1, "content_type": 14, "object_id": "245", "object_repr": "245", "action_flag": 3, "change_message": ""}}, {"model": "admin.logentry", "pk": 200, "fields": {"action_time": "2018-05-09T08:24:33.437Z", "user": 1, "content_type": 14, "object_id": "244", "object_repr": "244", "action_flag": 3, "change_message": ""}}, {"model": "admin.logentry", "pk": 201, "fields": {"action_time": "2018-05-09T08:24:33.438Z", "user": 1, "content_type": 14, "object_id": "243", "object_repr": "243", "action_flag": 3, "change_message": ""}}, {"model": "admin.logentry", "pk": 202, "fields": {"action_time": "2018-05-09T08:24:33.440Z", "user": 1, "content_type": 14, "object_id": "242", "object_repr": "242", "action_flag": 3, "change_message": ""}}, {"model": "admin.logentry", "pk": 203, "fields": {"action_time": "2018-05-09T08:24:33.442Z", "user": 1, "content_type": 14, "object_id": "241", "object_repr": "241", "action_flag": 3, "change_message": ""}}, {"model": "admin.logentry", "pk": 204, "fields": {"action_time": "2018-05-09T08:24:33.443Z", "user": 1, "content_type": 14, "object_id": "240", "object_repr": "240", "action_flag": 3, "change_message": ""}}, {"model": "admin.logentry", "pk": 205, "fields": {"action_time": "2018-05-09T08:24:33.445Z", "user": 1, "content_type": 14, "object_id": "239", "object_repr": "239", "action_flag": 3, "change_message": ""}}, {"model": "admin.logentry", "pk": 206, "fields": {"action_time": "2018-05-09T08:24:33.447Z", "user": 1, "content_type": 14, "object_id": "238", "object_repr": "238", "action_flag": 3, "change_message": ""}}, {"model": "admin.logentry", "pk": 207, "fields": {"action_time": "2018-05-09T08:24:33.450Z", "user": 1, "content_type": 14, "object_id": "237", "object_repr": "237", "action_flag": 3, "change_message": ""}}, {"model": "admin.logentry", "pk": 208, "fields": {"action_time": "2018-05-09T08:24:33.451Z", "user": 1, "content_type": 14, "object_id": "236", "object_repr": "236", "action_flag": 3, "change_message": ""}}, {"model": "admin.logentry", "pk": 209, "fields": {"action_time": "2018-05-09T08:24:33.453Z", "user": 1, "content_type": 14, "object_id": "235", "object_repr": "235", "action_flag": 3, "change_message": ""}}, {"model": "admin.logentry", "pk": 210, "fields": {"action_time": "2018-05-09T08:24:33.455Z", "user": 1, "content_type": 14, "object_id": "234", "object_repr": "234", "action_flag": 3, "change_message": ""}}, {"model": "admin.logentry", "pk": 211, "fields": {"action_time": "2018-05-09T08:24:33.457Z", "user": 1, "content_type": 14, "object_id": "233", "object_repr": "233", "action_flag": 3, "change_message": ""}}, {"model": "admin.logentry", "pk": 212, "fields": {"action_time": "2018-05-09T08:24:33.458Z", "user": 1, "content_type": 14, "object_id": "232", "object_repr": "232", "action_flag": 3, "change_message": ""}}, {"model": "admin.logentry", "pk": 213, "fields": {"action_time": "2018-05-09T08:24:33.460Z", "user": 1, "content_type": 14, "object_id": "231", "object_repr": "231", "action_flag": 3, "change_message": ""}}, {"model": "admin.logentry", "pk": 214, "fields": {"action_time": "2018-05-09T08:24:33.462Z", "user": 1, "content_type": 14, "object_id": "230", "object_repr": "230", "action_flag": 3, "change_message": ""}}, {"model": "admin.logentry", "pk": 215, "fields": {"action_time": "2018-05-09T08:24:33.464Z", "user": 1, "content_type": 14, "object_id": "229", "object_repr": "229", "action_flag": 3, "change_message": ""}}, {"model": "admin.logentry", "pk": 216, "fields": {"action_time": "2018-05-09T08:24:33.466Z", "user": 1, "content_type": 14, "object_id": "228", "object_repr": "228", "action_flag": 3, "change_message": ""}}, {"model": "admin.logentry", "pk": 217, "fields": {"action_time": "2018-05-09T08:24:33.468Z", "user": 1, "content_type": 14, "object_id": "227", "object_repr": "227", "action_flag": 3, "change_message": ""}}, {"model": "admin.logentry", "pk": 218, "fields": {"action_time": "2018-05-09T08:24:33.469Z", "user": 1, "content_type": 14, "object_id": "226", "object_repr": "226", "action_flag": 3, "change_message": ""}}, {"model": "admin.logentry", "pk": 219, "fields": {"action_time": "2018-05-09T08:24:33.471Z", "user": 1, "content_type": 14, "object_id": "225", "object_repr": "225", "action_flag": 3, "change_message": ""}}, {"model": "admin.logentry", "pk": 220, "fields": {"action_time": "2018-05-09T08:24:33.473Z", "user": 1, "content_type": 14, "object_id": "224", "object_repr": "224", "action_flag": 3, "change_message": ""}}, {"model": "admin.logentry", "pk": 221, "fields": {"action_time": "2018-05-09T08:24:33.475Z", "user": 1, "content_type": 14, "object_id": "223", "object_repr": "223", "action_flag": 3, "change_message": ""}}, {"model": "admin.logentry", "pk": 222, "fields": {"action_time": "2018-05-09T08:24:33.477Z", "user": 1, "content_type": 14, "object_id": "222", "object_repr": "222", "action_flag": 3, "change_message": ""}}, {"model": "admin.logentry", "pk": 223, "fields": {"action_time": "2018-05-09T08:24:33.479Z", "user": 1, "content_type": 14, "object_id": "221", "object_repr": "221", "action_flag": 3, "change_message": ""}}, {"model": "admin.logentry", "pk": 224, "fields": {"action_time": "2018-05-09T08:24:33.480Z", "user": 1, "content_type": 14, "object_id": "220", "object_repr": "220", "action_flag": 3, "change_message": ""}}, {"model": "admin.logentry", "pk": 225, "fields": {"action_time": "2018-05-09T08:24:33.483Z", "user": 1, "content_type": 14, "object_id": "219", "object_repr": "219", "action_flag": 3, "change_message": ""}}, {"model": "admin.logentry", "pk": 226, "fields": {"action_time": "2018-05-09T08:24:33.485Z", "user": 1, "content_type": 14, "object_id": "218", "object_repr": "218", "action_flag": 3, "change_message": ""}}, {"model": "admin.logentry", "pk": 227, "fields": {"action_time": "2018-05-09T08:24:33.487Z", "user": 1, "content_type": 14, "object_id": "217", "object_repr": "217", "action_flag": 3, "change_message": ""}}, {"model": "admin.logentry", "pk": 228, "fields": {"action_time": "2018-05-09T08:24:33.488Z", "user": 1, "content_type": 14, "object_id": "216", "object_repr": "216", "action_flag": 3, "change_message": ""}}, {"model": "admin.logentry", "pk": 229, "fields": {"action_time": "2018-05-09T08:24:33.490Z", "user": 1, "content_type": 14, "object_id": "215", "object_repr": "215", "action_flag": 3, "change_message": ""}}, {"model": "admin.logentry", "pk": 230, "fields": {"action_time": "2018-05-09T08:24:33.492Z", "user": 1, "content_type": 14, "object_id": "214", "object_repr": "214", "action_flag": 3, "change_message": ""}}, {"model": "admin.logentry", "pk": 231, "fields": {"action_time": "2018-05-09T08:24:33.493Z", "user": 1, "content_type": 14, "object_id": "213", "object_repr": "213", "action_flag": 3, "change_message": ""}}, {"model": "admin.logentry", "pk": 232, "fields": {"action_time": "2018-05-09T08:24:33.495Z", "user": 1, "content_type": 14, "object_id": "212", "object_repr": "212", "action_flag": 3, "change_message": ""}}, {"model": "admin.logentry", "pk": 233, "fields": {"action_time": "2018-05-09T08:24:33.498Z", "user": 1, "content_type": 14, "object_id": "211", "object_repr": "211", "action_flag": 3, "change_message": ""}}, {"model": "admin.logentry", "pk": 234, "fields": {"action_time": "2018-05-09T08:24:33.500Z", "user": 1, "content_type": 14, "object_id": "210", "object_repr": "210", "action_flag": 3, "change_message": ""}}, {"model": "admin.logentry", "pk": 235, "fields": {"action_time": "2018-05-09T08:24:33.502Z", "user": 1, "content_type": 14, "object_id": "209", "object_repr": "209", "action_flag": 3, "change_message": ""}}, {"model": "admin.logentry", "pk": 236, "fields": {"action_time": "2018-05-09T08:24:33.504Z", "user": 1, "content_type": 14, "object_id": "208", "object_repr": "208", "action_flag": 3, "change_message": ""}}, {"model": "admin.logentry", "pk": 237, "fields": {"action_time": "2018-05-09T08:24:33.505Z", "user": 1, "content_type": 14, "object_id": "207", "object_repr": "207", "action_flag": 3, "change_message": ""}}, {"model": "admin.logentry", "pk": 238, "fields": {"action_time": "2018-05-09T08:24:33.507Z", "user": 1, "content_type": 14, "object_id": "206", "object_repr": "206", "action_flag": 3, "change_message": ""}}, {"model": "admin.logentry", "pk": 239, "fields": {"action_time": "2018-05-09T08:24:33.509Z", "user": 1, "content_type": 14, "object_id": "205", "object_repr": "205", "action_flag": 3, "change_message": ""}}, {"model": "admin.logentry", "pk": 240, "fields": {"action_time": "2018-05-09T08:24:33.510Z", "user": 1, "content_type": 14, "object_id": "204", "object_repr": "204", "action_flag": 3, "change_message": ""}}, {"model": "admin.logentry", "pk": 241, "fields": {"action_time": "2018-05-09T08:24:33.512Z", "user": 1, "content_type": 14, "object_id": "203", "object_repr": "203", "action_flag": 3, "change_message": ""}}, {"model": "admin.logentry", "pk": 242, "fields": {"action_time": "2018-05-09T08:24:33.515Z", "user": 1, "content_type": 14, "object_id": "202", "object_repr": "202", "action_flag": 3, "change_message": ""}}, {"model": "admin.logentry", "pk": 243, "fields": {"action_time": "2018-05-09T08:24:33.517Z", "user": 1, "content_type": 14, "object_id": "201", "object_repr": "201", "action_flag": 3, "change_message": ""}}, {"model": "admin.logentry", "pk": 244, "fields": {"action_time": "2018-05-09T08:24:33.519Z", "user": 1, "content_type": 14, "object_id": "200", "object_repr": "200", "action_flag": 3, "change_message": ""}}, {"model": "admin.logentry", "pk": 245, "fields": {"action_time": "2018-05-09T08:24:33.521Z", "user": 1, "content_type": 14, "object_id": "199", "object_repr": "199", "action_flag": 3, "change_message": ""}}, {"model": "admin.logentry", "pk": 246, "fields": {"action_time": "2018-05-09T08:24:33.522Z", "user": 1, "content_type": 14, "object_id": "198", "object_repr": "198", "action_flag": 3, "change_message": ""}}, {"model": "admin.logentry", "pk": 247, "fields": {"action_time": "2018-05-09T08:24:33.524Z", "user": 1, "content_type": 14, "object_id": "197", "object_repr": "197", "action_flag": 3, "change_message": ""}}, {"model": "admin.logentry", "pk": 248, "fields": {"action_time": "2018-05-09T08:24:33.526Z", "user": 1, "content_type": 14, "object_id": "196", "object_repr": "196", "action_flag": 3, "change_message": ""}}, {"model": "admin.logentry", "pk": 249, "fields": {"action_time": "2018-05-09T08:24:42.894Z", "user": 1, "content_type": 14, "object_id": "195", "object_repr": "195", "action_flag": 3, "change_message": ""}}, {"model": "admin.logentry", "pk": 250, "fields": {"action_time": "2018-05-09T08:24:42.897Z", "user": 1, "content_type": 14, "object_id": "194", "object_repr": "194", "action_flag": 3, "change_message": ""}}, {"model": "admin.logentry", "pk": 251, "fields": {"action_time": "2018-05-09T08:24:42.900Z", "user": 1, "content_type": 14, "object_id": "193", "object_repr": "193", "action_flag": 3, "change_message": ""}}, {"model": "admin.logentry", "pk": 252, "fields": {"action_time": "2018-05-09T08:24:42.902Z", "user": 1, "content_type": 14, "object_id": "192", "object_repr": "192", "action_flag": 3, "change_message": ""}}, {"model": "admin.logentry", "pk": 253, "fields": {"action_time": "2018-05-09T08:24:42.904Z", "user": 1, "content_type": 14, "object_id": "191", "object_repr": "191", "action_flag": 3, "change_message": ""}}, {"model": "admin.logentry", "pk": 254, "fields": {"action_time": "2018-05-09T08:24:42.906Z", "user": 1, "content_type": 14, "object_id": "190", "object_repr": "190", "action_flag": 3, "change_message": ""}}, {"model": "admin.logentry", "pk": 255, "fields": {"action_time": "2018-05-09T08:24:42.908Z", "user": 1, "content_type": 14, "object_id": "189", "object_repr": "189", "action_flag": 3, "change_message": ""}}, {"model": "admin.logentry", "pk": 256, "fields": {"action_time": "2018-05-09T08:24:42.910Z", "user": 1, "content_type": 14, "object_id": "187", "object_repr": "187", "action_flag": 3, "change_message": ""}}, {"model": "admin.logentry", "pk": 257, "fields": {"action_time": "2018-05-09T08:24:42.912Z", "user": 1, "content_type": 14, "object_id": "186", "object_repr": "186", "action_flag": 3, "change_message": ""}}, {"model": "admin.logentry", "pk": 258, "fields": {"action_time": "2018-05-09T08:24:42.914Z", "user": 1, "content_type": 14, "object_id": "185", "object_repr": "185", "action_flag": 3, "change_message": ""}}, {"model": "admin.logentry", "pk": 259, "fields": {"action_time": "2018-05-09T08:24:42.916Z", "user": 1, "content_type": 14, "object_id": "184", "object_repr": "184", "action_flag": 3, "change_message": ""}}, {"model": "admin.logentry", "pk": 260, "fields": {"action_time": "2018-05-09T08:24:42.918Z", "user": 1, "content_type": 14, "object_id": "183", "object_repr": "183", "action_flag": 3, "change_message": ""}}, {"model": "admin.logentry", "pk": 261, "fields": {"action_time": "2018-05-09T08:24:42.920Z", "user": 1, "content_type": 14, "object_id": "182", "object_repr": "182", "action_flag": 3, "change_message": ""}}, {"model": "admin.logentry", "pk": 262, "fields": {"action_time": "2018-05-09T08:24:42.922Z", "user": 1, "content_type": 14, "object_id": "181", "object_repr": "181", "action_flag": 3, "change_message": ""}}, {"model": "admin.logentry", "pk": 263, "fields": {"action_time": "2018-05-09T08:24:42.924Z", "user": 1, "content_type": 14, "object_id": "180", "object_repr": "180", "action_flag": 3, "change_message": ""}}, {"model": "admin.logentry", "pk": 264, "fields": {"action_time": "2018-05-09T08:24:42.926Z", "user": 1, "content_type": 14, "object_id": "179", "object_repr": "179", "action_flag": 3, "change_message": ""}}, {"model": "admin.logentry", "pk": 265, "fields": {"action_time": "2018-05-09T08:24:42.928Z", "user": 1, "content_type": 14, "object_id": "178", "object_repr": "178", "action_flag": 3, "change_message": ""}}, {"model": "admin.logentry", "pk": 266, "fields": {"action_time": "2018-05-09T08:24:42.932Z", "user": 1, "content_type": 14, "object_id": "177", "object_repr": "177", "action_flag": 3, "change_message": ""}}, {"model": "admin.logentry", "pk": 267, "fields": {"action_time": "2018-05-09T08:24:42.935Z", "user": 1, "content_type": 14, "object_id": "176", "object_repr": "176", "action_flag": 3, "change_message": ""}}, {"model": "admin.logentry", "pk": 268, "fields": {"action_time": "2018-05-09T08:24:42.937Z", "user": 1, "content_type": 14, "object_id": "175", "object_repr": "175", "action_flag": 3, "change_message": ""}}, {"model": "admin.logentry", "pk": 269, "fields": {"action_time": "2018-05-09T08:24:42.939Z", "user": 1, "content_type": 14, "object_id": "174", "object_repr": "174", "action_flag": 3, "change_message": ""}}, {"model": "admin.logentry", "pk": 270, "fields": {"action_time": "2018-05-09T08:24:42.941Z", "user": 1, "content_type": 14, "object_id": "173", "object_repr": "173", "action_flag": 3, "change_message": ""}}, {"model": "admin.logentry", "pk": 271, "fields": {"action_time": "2018-05-09T08:24:42.943Z", "user": 1, "content_type": 14, "object_id": "172", "object_repr": "172", "action_flag": 3, "change_message": ""}}, {"model": "admin.logentry", "pk": 272, "fields": {"action_time": "2018-05-09T08:24:42.944Z", "user": 1, "content_type": 14, "object_id": "171", "object_repr": "171", "action_flag": 3, "change_message": ""}}, {"model": "admin.logentry", "pk": 273, "fields": {"action_time": "2018-05-09T08:24:42.946Z", "user": 1, "content_type": 14, "object_id": "170", "object_repr": "170", "action_flag": 3, "change_message": ""}}, {"model": "admin.logentry", "pk": 274, "fields": {"action_time": "2018-05-09T08:24:42.948Z", "user": 1, "content_type": 14, "object_id": "169", "object_repr": "169", "action_flag": 3, "change_message": ""}}, {"model": "admin.logentry", "pk": 275, "fields": {"action_time": "2018-05-09T08:24:42.951Z", "user": 1, "content_type": 14, "object_id": "168", "object_repr": "168", "action_flag": 3, "change_message": ""}}, {"model": "admin.logentry", "pk": 276, "fields": {"action_time": "2018-05-09T08:24:42.953Z", "user": 1, "content_type": 14, "object_id": "167", "object_repr": "167", "action_flag": 3, "change_message": ""}}, {"model": "admin.logentry", "pk": 277, "fields": {"action_time": "2018-05-09T08:24:42.955Z", "user": 1, "content_type": 14, "object_id": "166", "object_repr": "166", "action_flag": 3, "change_message": ""}}, {"model": "admin.logentry", "pk": 278, "fields": {"action_time": "2018-05-09T08:24:42.957Z", "user": 1, "content_type": 14, "object_id": "165", "object_repr": "165", "action_flag": 3, "change_message": ""}}, {"model": "admin.logentry", "pk": 279, "fields": {"action_time": "2018-05-09T08:24:42.959Z", "user": 1, "content_type": 14, "object_id": "164", "object_repr": "164", "action_flag": 3, "change_message": ""}}, {"model": "admin.logentry", "pk": 280, "fields": {"action_time": "2018-05-09T08:24:42.960Z", "user": 1, "content_type": 14, "object_id": "163", "object_repr": "163", "action_flag": 3, "change_message": ""}}, {"model": "admin.logentry", "pk": 281, "fields": {"action_time": "2018-05-09T08:24:42.962Z", "user": 1, "content_type": 14, "object_id": "162", "object_repr": "162", "action_flag": 3, "change_message": ""}}, {"model": "admin.logentry", "pk": 282, "fields": {"action_time": "2018-05-09T08:24:42.964Z", "user": 1, "content_type": 14, "object_id": "161", "object_repr": "161", "action_flag": 3, "change_message": ""}}, {"model": "admin.logentry", "pk": 283, "fields": {"action_time": "2018-05-09T08:24:42.967Z", "user": 1, "content_type": 14, "object_id": "160", "object_repr": "160", "action_flag": 3, "change_message": ""}}, {"model": "admin.logentry", "pk": 284, "fields": {"action_time": "2018-05-09T08:24:42.969Z", "user": 1, "content_type": 14, "object_id": "159", "object_repr": "159", "action_flag": 3, "change_message": ""}}, {"model": "admin.logentry", "pk": 285, "fields": {"action_time": "2018-05-09T08:24:42.971Z", "user": 1, "content_type": 14, "object_id": "158", "object_repr": "158", "action_flag": 3, "change_message": ""}}, {"model": "admin.logentry", "pk": 286, "fields": {"action_time": "2018-05-09T08:24:42.973Z", "user": 1, "content_type": 14, "object_id": "149", "object_repr": "149", "action_flag": 3, "change_message": ""}}, {"model": "admin.logentry", "pk": 287, "fields": {"action_time": "2018-05-09T08:24:42.975Z", "user": 1, "content_type": 14, "object_id": "148", "object_repr": "148", "action_flag": 3, "change_message": ""}}, {"model": "admin.logentry", "pk": 288, "fields": {"action_time": "2018-05-09T08:24:42.977Z", "user": 1, "content_type": 14, "object_id": "147", "object_repr": "147", "action_flag": 3, "change_message": ""}}, {"model": "admin.logentry", "pk": 289, "fields": {"action_time": "2018-05-09T08:24:42.978Z", "user": 1, "content_type": 14, "object_id": "146", "object_repr": "146", "action_flag": 3, "change_message": ""}}, {"model": "admin.logentry", "pk": 290, "fields": {"action_time": "2018-05-09T08:24:42.980Z", "user": 1, "content_type": 14, "object_id": "145", "object_repr": "145", "action_flag": 3, "change_message": ""}}, {"model": "admin.logentry", "pk": 291, "fields": {"action_time": "2018-05-09T08:24:42.983Z", "user": 1, "content_type": 14, "object_id": "144", "object_repr": "144", "action_flag": 3, "change_message": ""}}, {"model": "admin.logentry", "pk": 292, "fields": {"action_time": "2018-05-09T08:24:42.985Z", "user": 1, "content_type": 14, "object_id": "143", "object_repr": "143", "action_flag": 3, "change_message": ""}}, {"model": "admin.logentry", "pk": 293, "fields": {"action_time": "2018-05-09T08:24:42.987Z", "user": 1, "content_type": 14, "object_id": "142", "object_repr": "142", "action_flag": 3, "change_message": ""}}, {"model": "admin.logentry", "pk": 294, "fields": {"action_time": "2018-05-09T08:24:42.988Z", "user": 1, "content_type": 14, "object_id": "141", "object_repr": "141", "action_flag": 3, "change_message": ""}}, {"model": "admin.logentry", "pk": 295, "fields": {"action_time": "2018-05-09T08:24:42.990Z", "user": 1, "content_type": 14, "object_id": "140", "object_repr": "140", "action_flag": 3, "change_message": ""}}, {"model": "admin.logentry", "pk": 296, "fields": {"action_time": "2018-05-09T08:24:42.992Z", "user": 1, "content_type": 14, "object_id": "139", "object_repr": "139", "action_flag": 3, "change_message": ""}}, {"model": "admin.logentry", "pk": 297, "fields": {"action_time": "2018-05-09T08:24:42.994Z", "user": 1, "content_type": 14, "object_id": "138", "object_repr": "138", "action_flag": 3, "change_message": ""}}, {"model": "admin.logentry", "pk": 298, "fields": {"action_time": "2018-05-09T08:24:42.995Z", "user": 1, "content_type": 14, "object_id": "137", "object_repr": "137", "action_flag": 3, "change_message": ""}}, {"model": "admin.logentry", "pk": 299, "fields": {"action_time": "2018-05-09T08:24:42.997Z", "user": 1, "content_type": 14, "object_id": "136", "object_repr": "136", "action_flag": 3, "change_message": ""}}, {"model": "admin.logentry", "pk": 300, "fields": {"action_time": "2018-05-09T08:24:42.999Z", "user": 1, "content_type": 14, "object_id": "135", "object_repr": "135", "action_flag": 3, "change_message": ""}}, {"model": "admin.logentry", "pk": 301, "fields": {"action_time": "2018-05-09T08:24:43.002Z", "user": 1, "content_type": 14, "object_id": "134", "object_repr": "134", "action_flag": 3, "change_message": ""}}, {"model": "admin.logentry", "pk": 302, "fields": {"action_time": "2018-05-09T08:24:43.004Z", "user": 1, "content_type": 14, "object_id": "133", "object_repr": "133", "action_flag": 3, "change_message": ""}}, {"model": "admin.logentry", "pk": 303, "fields": {"action_time": "2018-05-09T08:24:43.006Z", "user": 1, "content_type": 14, "object_id": "132", "object_repr": "132", "action_flag": 3, "change_message": ""}}, {"model": "admin.logentry", "pk": 304, "fields": {"action_time": "2018-05-09T08:24:43.007Z", "user": 1, "content_type": 14, "object_id": "131", "object_repr": "131", "action_flag": 3, "change_message": ""}}, {"model": "admin.logentry", "pk": 305, "fields": {"action_time": "2018-05-09T08:24:43.009Z", "user": 1, "content_type": 14, "object_id": "130", "object_repr": "130", "action_flag": 3, "change_message": ""}}, {"model": "admin.logentry", "pk": 306, "fields": {"action_time": "2018-05-09T08:24:43.011Z", "user": 1, "content_type": 14, "object_id": "129", "object_repr": "129", "action_flag": 3, "change_message": ""}}, {"model": "admin.logentry", "pk": 307, "fields": {"action_time": "2018-05-09T08:24:43.013Z", "user": 1, "content_type": 14, "object_id": "128", "object_repr": "128", "action_flag": 3, "change_message": ""}}, {"model": "admin.logentry", "pk": 308, "fields": {"action_time": "2018-05-09T08:24:43.015Z", "user": 1, "content_type": 14, "object_id": "127", "object_repr": "127", "action_flag": 3, "change_message": ""}}, {"model": "admin.logentry", "pk": 309, "fields": {"action_time": "2018-05-09T08:24:43.017Z", "user": 1, "content_type": 14, "object_id": "126", "object_repr": "126", "action_flag": 3, "change_message": ""}}, {"model": "admin.logentry", "pk": 310, "fields": {"action_time": "2018-05-09T08:24:43.019Z", "user": 1, "content_type": 14, "object_id": "125", "object_repr": "125", "action_flag": 3, "change_message": ""}}, {"model": "admin.logentry", "pk": 311, "fields": {"action_time": "2018-05-09T08:24:43.021Z", "user": 1, "content_type": 14, "object_id": "124", "object_repr": "124", "action_flag": 3, "change_message": ""}}, {"model": "admin.logentry", "pk": 312, "fields": {"action_time": "2018-05-09T08:24:43.023Z", "user": 1, "content_type": 14, "object_id": "123", "object_repr": "123", "action_flag": 3, "change_message": ""}}, {"model": "admin.logentry", "pk": 313, "fields": {"action_time": "2018-05-09T08:24:43.025Z", "user": 1, "content_type": 14, "object_id": "122", "object_repr": "122", "action_flag": 3, "change_message": ""}}, {"model": "admin.logentry", "pk": 314, "fields": {"action_time": "2018-05-09T08:24:43.027Z", "user": 1, "content_type": 14, "object_id": "121", "object_repr": "121", "action_flag": 3, "change_message": ""}}, {"model": "admin.logentry", "pk": 315, "fields": {"action_time": "2018-05-09T08:24:43.029Z", "user": 1, "content_type": 14, "object_id": "120", "object_repr": "120", "action_flag": 3, "change_message": ""}}, {"model": "admin.logentry", "pk": 316, "fields": {"action_time": "2018-05-09T08:24:43.031Z", "user": 1, "content_type": 14, "object_id": "119", "object_repr": "119", "action_flag": 3, "change_message": ""}}, {"model": "admin.logentry", "pk": 317, "fields": {"action_time": "2018-05-09T08:24:43.033Z", "user": 1, "content_type": 14, "object_id": "118", "object_repr": "118", "action_flag": 3, "change_message": ""}}, {"model": "admin.logentry", "pk": 318, "fields": {"action_time": "2018-05-09T08:24:43.038Z", "user": 1, "content_type": 14, "object_id": "117", "object_repr": "117", "action_flag": 3, "change_message": ""}}, {"model": "admin.logentry", "pk": 319, "fields": {"action_time": "2018-05-09T08:24:43.041Z", "user": 1, "content_type": 14, "object_id": "116", "object_repr": "116", "action_flag": 3, "change_message": ""}}, {"model": "admin.logentry", "pk": 320, "fields": {"action_time": "2018-05-09T08:24:43.043Z", "user": 1, "content_type": 14, "object_id": "115", "object_repr": "115", "action_flag": 3, "change_message": ""}}, {"model": "admin.logentry", "pk": 321, "fields": {"action_time": "2018-05-09T08:24:43.045Z", "user": 1, "content_type": 14, "object_id": "114", "object_repr": "114", "action_flag": 3, "change_message": ""}}, {"model": "admin.logentry", "pk": 322, "fields": {"action_time": "2018-05-09T08:24:43.054Z", "user": 1, "content_type": 14, "object_id": "113", "object_repr": "113", "action_flag": 3, "change_message": ""}}, {"model": "admin.logentry", "pk": 323, "fields": {"action_time": "2018-05-09T08:24:43.056Z", "user": 1, "content_type": 14, "object_id": "112", "object_repr": "112", "action_flag": 3, "change_message": ""}}, {"model": "admin.logentry", "pk": 324, "fields": {"action_time": "2018-05-09T08:24:43.058Z", "user": 1, "content_type": 14, "object_id": "111", "object_repr": "111", "action_flag": 3, "change_message": ""}}, {"model": "admin.logentry", "pk": 325, "fields": {"action_time": "2018-05-09T08:24:43.060Z", "user": 1, "content_type": 14, "object_id": "110", "object_repr": "110", "action_flag": 3, "change_message": ""}}, {"model": "admin.logentry", "pk": 326, "fields": {"action_time": "2018-05-09T08:24:43.062Z", "user": 1, "content_type": 14, "object_id": "109", "object_repr": "109", "action_flag": 3, "change_message": ""}}, {"model": "admin.logentry", "pk": 327, "fields": {"action_time": "2018-05-09T08:24:43.065Z", "user": 1, "content_type": 14, "object_id": "108", "object_repr": "108", "action_flag": 3, "change_message": ""}}, {"model": "admin.logentry", "pk": 328, "fields": {"action_time": "2018-05-09T08:24:43.068Z", "user": 1, "content_type": 14, "object_id": "107", "object_repr": "107", "action_flag": 3, "change_message": ""}}, {"model": "admin.logentry", "pk": 329, "fields": {"action_time": "2018-05-09T08:24:43.070Z", "user": 1, "content_type": 14, "object_id": "106", "object_repr": "106", "action_flag": 3, "change_message": ""}}, {"model": "admin.logentry", "pk": 330, "fields": {"action_time": "2018-05-09T08:24:43.072Z", "user": 1, "content_type": 14, "object_id": "105", "object_repr": "105", "action_flag": 3, "change_message": ""}}, {"model": "admin.logentry", "pk": 331, "fields": {"action_time": "2018-05-09T08:24:43.074Z", "user": 1, "content_type": 14, "object_id": "104", "object_repr": "104", "action_flag": 3, "change_message": ""}}, {"model": "admin.logentry", "pk": 332, "fields": {"action_time": "2018-05-09T08:24:43.076Z", "user": 1, "content_type": 14, "object_id": "103", "object_repr": "103", "action_flag": 3, "change_message": ""}}, {"model": "admin.logentry", "pk": 333, "fields": {"action_time": "2018-05-09T08:24:43.078Z", "user": 1, "content_type": 14, "object_id": "102", "object_repr": "102", "action_flag": 3, "change_message": ""}}, {"model": "admin.logentry", "pk": 334, "fields": {"action_time": "2018-05-09T08:24:43.080Z", "user": 1, "content_type": 14, "object_id": "101", "object_repr": "101", "action_flag": 3, "change_message": ""}}, {"model": "admin.logentry", "pk": 335, "fields": {"action_time": "2018-05-09T08:24:43.082Z", "user": 1, "content_type": 14, "object_id": "100", "object_repr": "100", "action_flag": 3, "change_message": ""}}, {"model": "admin.logentry", "pk": 336, "fields": {"action_time": "2018-05-09T08:24:43.085Z", "user": 1, "content_type": 14, "object_id": "99", "object_repr": "99", "action_flag": 3, "change_message": ""}}, {"model": "admin.logentry", "pk": 337, "fields": {"action_time": "2018-05-09T08:24:43.088Z", "user": 1, "content_type": 14, "object_id": "98", "object_repr": "98", "action_flag": 3, "change_message": ""}}, {"model": "admin.logentry", "pk": 338, "fields": {"action_time": "2018-05-09T08:24:43.090Z", "user": 1, "content_type": 14, "object_id": "97", "object_repr": "97", "action_flag": 3, "change_message": ""}}, {"model": "admin.logentry", "pk": 339, "fields": {"action_time": "2018-05-09T08:24:43.092Z", "user": 1, "content_type": 14, "object_id": "96", "object_repr": "96", "action_flag": 3, "change_message": ""}}, {"model": "admin.logentry", "pk": 340, "fields": {"action_time": "2018-05-09T08:24:43.094Z", "user": 1, "content_type": 14, "object_id": "95", "object_repr": "95", "action_flag": 3, "change_message": ""}}, {"model": "admin.logentry", "pk": 341, "fields": {"action_time": "2018-05-09T08:24:43.096Z", "user": 1, "content_type": 14, "object_id": "94", "object_repr": "94", "action_flag": 3, "change_message": ""}}, {"model": "admin.logentry", "pk": 342, "fields": {"action_time": "2018-05-09T08:24:43.099Z", "user": 1, "content_type": 14, "object_id": "93", "object_repr": "93", "action_flag": 3, "change_message": ""}}, {"model": "admin.logentry", "pk": 343, "fields": {"action_time": "2018-05-09T08:24:43.101Z", "user": 1, "content_type": 14, "object_id": "92", "object_repr": "92", "action_flag": 3, "change_message": ""}}, {"model": "admin.logentry", "pk": 344, "fields": {"action_time": "2018-05-09T08:24:43.103Z", "user": 1, "content_type": 14, "object_id": "91", "object_repr": "91", "action_flag": 3, "change_message": ""}}, {"model": "admin.logentry", "pk": 345, "fields": {"action_time": "2018-05-09T08:24:43.105Z", "user": 1, "content_type": 14, "object_id": "90", "object_repr": "90", "action_flag": 3, "change_message": ""}}, {"model": "admin.logentry", "pk": 346, "fields": {"action_time": "2018-05-09T08:24:43.107Z", "user": 1, "content_type": 14, "object_id": "89", "object_repr": "89", "action_flag": 3, "change_message": ""}}, {"model": "admin.logentry", "pk": 347, "fields": {"action_time": "2018-05-09T08:24:43.109Z", "user": 1, "content_type": 14, "object_id": "88", "object_repr": "88", "action_flag": 3, "change_message": ""}}, {"model": "admin.logentry", "pk": 348, "fields": {"action_time": "2018-05-09T08:24:43.111Z", "user": 1, "content_type": 14, "object_id": "87", "object_repr": "87", "action_flag": 3, "change_message": ""}}, {"model": "admin.logentry", "pk": 349, "fields": {"action_time": "2018-05-09T08:24:54.059Z", "user": 1, "content_type": 14, "object_id": "86", "object_repr": "86", "action_flag": 3, "change_message": ""}}, {"model": "admin.logentry", "pk": 350, "fields": {"action_time": "2018-05-09T08:24:54.064Z", "user": 1, "content_type": 14, "object_id": "85", "object_repr": "85", "action_flag": 3, "change_message": ""}}, {"model": "admin.logentry", "pk": 351, "fields": {"action_time": "2018-05-09T08:24:54.066Z", "user": 1, "content_type": 14, "object_id": "84", "object_repr": "84", "action_flag": 3, "change_message": ""}}, {"model": "admin.logentry", "pk": 352, "fields": {"action_time": "2018-05-09T08:24:54.068Z", "user": 1, "content_type": 14, "object_id": "83", "object_repr": "83", "action_flag": 3, "change_message": ""}}, {"model": "admin.logentry", "pk": 353, "fields": {"action_time": "2018-05-09T08:24:54.071Z", "user": 1, "content_type": 14, "object_id": "82", "object_repr": "82", "action_flag": 3, "change_message": ""}}, {"model": "admin.logentry", "pk": 354, "fields": {"action_time": "2018-05-09T08:24:54.074Z", "user": 1, "content_type": 14, "object_id": "81", "object_repr": "81", "action_flag": 3, "change_message": ""}}, {"model": "admin.logentry", "pk": 355, "fields": {"action_time": "2018-05-09T08:24:54.077Z", "user": 1, "content_type": 14, "object_id": "80", "object_repr": "80", "action_flag": 3, "change_message": ""}}, {"model": "admin.logentry", "pk": 356, "fields": {"action_time": "2018-05-09T08:24:54.079Z", "user": 1, "content_type": 14, "object_id": "79", "object_repr": "79", "action_flag": 3, "change_message": ""}}, {"model": "admin.logentry", "pk": 357, "fields": {"action_time": "2018-05-09T08:24:54.082Z", "user": 1, "content_type": 14, "object_id": "78", "object_repr": "78", "action_flag": 3, "change_message": ""}}, {"model": "admin.logentry", "pk": 358, "fields": {"action_time": "2018-05-09T08:24:54.084Z", "user": 1, "content_type": 14, "object_id": "77", "object_repr": "77", "action_flag": 3, "change_message": ""}}, {"model": "admin.logentry", "pk": 359, "fields": {"action_time": "2018-05-09T08:24:54.086Z", "user": 1, "content_type": 14, "object_id": "76", "object_repr": "76", "action_flag": 3, "change_message": ""}}, {"model": "admin.logentry", "pk": 360, "fields": {"action_time": "2018-05-09T08:24:54.088Z", "user": 1, "content_type": 14, "object_id": "75", "object_repr": "75", "action_flag": 3, "change_message": ""}}, {"model": "admin.logentry", "pk": 361, "fields": {"action_time": "2018-05-09T08:24:54.090Z", "user": 1, "content_type": 14, "object_id": "74", "object_repr": "74", "action_flag": 3, "change_message": ""}}, {"model": "admin.logentry", "pk": 362, "fields": {"action_time": "2018-05-09T08:24:54.092Z", "user": 1, "content_type": 14, "object_id": "73", "object_repr": "73", "action_flag": 3, "change_message": ""}}, {"model": "admin.logentry", "pk": 363, "fields": {"action_time": "2018-05-09T08:24:54.094Z", "user": 1, "content_type": 14, "object_id": "72", "object_repr": "72", "action_flag": 3, "change_message": ""}}, {"model": "admin.logentry", "pk": 364, "fields": {"action_time": "2018-05-09T08:24:54.096Z", "user": 1, "content_type": 14, "object_id": "71", "object_repr": "71", "action_flag": 3, "change_message": ""}}, {"model": "admin.logentry", "pk": 365, "fields": {"action_time": "2018-05-09T08:24:54.099Z", "user": 1, "content_type": 14, "object_id": "70", "object_repr": "70", "action_flag": 3, "change_message": ""}}, {"model": "admin.logentry", "pk": 366, "fields": {"action_time": "2018-05-09T08:24:54.101Z", "user": 1, "content_type": 14, "object_id": "69", "object_repr": "69", "action_flag": 3, "change_message": ""}}, {"model": "admin.logentry", "pk": 367, "fields": {"action_time": "2018-05-09T08:24:54.103Z", "user": 1, "content_type": 14, "object_id": "68", "object_repr": "68", "action_flag": 3, "change_message": ""}}, {"model": "admin.logentry", "pk": 368, "fields": {"action_time": "2018-05-09T08:24:54.105Z", "user": 1, "content_type": 14, "object_id": "67", "object_repr": "67", "action_flag": 3, "change_message": ""}}, {"model": "admin.logentry", "pk": 369, "fields": {"action_time": "2018-05-09T08:24:54.107Z", "user": 1, "content_type": 14, "object_id": "66", "object_repr": "66", "action_flag": 3, "change_message": ""}}, {"model": "admin.logentry", "pk": 370, "fields": {"action_time": "2018-05-09T08:25:05.723Z", "user": 1, "content_type": 16, "object_id": "481", "object_repr": "481", "action_flag": 3, "change_message": ""}}, {"model": "admin.logentry", "pk": 371, "fields": {"action_time": "2018-05-09T08:25:05.726Z", "user": 1, "content_type": 16, "object_id": "480", "object_repr": "480", "action_flag": 3, "change_message": ""}}, {"model": "admin.logentry", "pk": 372, "fields": {"action_time": "2018-05-09T08:25:05.729Z", "user": 1, "content_type": 16, "object_id": "479", "object_repr": "479", "action_flag": 3, "change_message": ""}}, {"model": "admin.logentry", "pk": 373, "fields": {"action_time": "2018-05-09T08:25:05.731Z", "user": 1, "content_type": 16, "object_id": "478", "object_repr": "478", "action_flag": 3, "change_message": ""}}, {"model": "admin.logentry", "pk": 374, "fields": {"action_time": "2018-05-09T08:25:05.733Z", "user": 1, "content_type": 16, "object_id": "477", "object_repr": "477", "action_flag": 3, "change_message": ""}}, {"model": "admin.logentry", "pk": 375, "fields": {"action_time": "2018-05-09T08:25:05.735Z", "user": 1, "content_type": 16, "object_id": "476", "object_repr": "476", "action_flag": 3, "change_message": ""}}, {"model": "admin.logentry", "pk": 376, "fields": {"action_time": "2018-05-09T08:25:05.738Z", "user": 1, "content_type": 16, "object_id": "475", "object_repr": "475", "action_flag": 3, "change_message": ""}}, {"model": "admin.logentry", "pk": 377, "fields": {"action_time": "2018-05-09T08:25:05.740Z", "user": 1, "content_type": 16, "object_id": "474", "object_repr": "474", "action_flag": 3, "change_message": ""}}, {"model": "admin.logentry", "pk": 378, "fields": {"action_time": "2018-05-09T08:25:05.741Z", "user": 1, "content_type": 16, "object_id": "473", "object_repr": "473", "action_flag": 3, "change_message": ""}}, {"model": "admin.logentry", "pk": 379, "fields": {"action_time": "2018-05-09T08:25:05.743Z", "user": 1, "content_type": 16, "object_id": "472", "object_repr": "472", "action_flag": 3, "change_message": ""}}, {"model": "admin.logentry", "pk": 380, "fields": {"action_time": "2018-05-09T08:25:05.746Z", "user": 1, "content_type": 16, "object_id": "471", "object_repr": "471", "action_flag": 3, "change_message": ""}}, {"model": "admin.logentry", "pk": 381, "fields": {"action_time": "2018-05-09T08:25:05.748Z", "user": 1, "content_type": 16, "object_id": "470", "object_repr": "470", "action_flag": 3, "change_message": ""}}, {"model": "admin.logentry", "pk": 382, "fields": {"action_time": "2018-05-09T08:25:05.750Z", "user": 1, "content_type": 16, "object_id": "469", "object_repr": "469", "action_flag": 3, "change_message": ""}}, {"model": "admin.logentry", "pk": 383, "fields": {"action_time": "2018-05-09T08:25:05.753Z", "user": 1, "content_type": 16, "object_id": "468", "object_repr": "468", "action_flag": 3, "change_message": ""}}, {"model": "admin.logentry", "pk": 384, "fields": {"action_time": "2018-05-09T08:25:05.755Z", "user": 1, "content_type": 16, "object_id": "467", "object_repr": "467", "action_flag": 3, "change_message": ""}}, {"model": "admin.logentry", "pk": 385, "fields": {"action_time": "2018-05-09T08:25:05.758Z", "user": 1, "content_type": 16, "object_id": "466", "object_repr": "466", "action_flag": 3, "change_message": ""}}, {"model": "admin.logentry", "pk": 386, "fields": {"action_time": "2018-05-09T08:25:05.760Z", "user": 1, "content_type": 16, "object_id": "465", "object_repr": "465", "action_flag": 3, "change_message": ""}}, {"model": "admin.logentry", "pk": 387, "fields": {"action_time": "2018-05-09T08:25:05.763Z", "user": 1, "content_type": 16, "object_id": "464", "object_repr": "464", "action_flag": 3, "change_message": ""}}, {"model": "admin.logentry", "pk": 388, "fields": {"action_time": "2018-05-09T08:25:05.765Z", "user": 1, "content_type": 16, "object_id": "463", "object_repr": "463", "action_flag": 3, "change_message": ""}}, {"model": "admin.logentry", "pk": 389, "fields": {"action_time": "2018-05-09T08:25:05.768Z", "user": 1, "content_type": 16, "object_id": "462", "object_repr": "462", "action_flag": 3, "change_message": ""}}, {"model": "admin.logentry", "pk": 390, "fields": {"action_time": "2018-05-09T08:25:05.770Z", "user": 1, "content_type": 16, "object_id": "461", "object_repr": "461", "action_flag": 3, "change_message": ""}}, {"model": "admin.logentry", "pk": 391, "fields": {"action_time": "2018-05-09T08:25:05.772Z", "user": 1, "content_type": 16, "object_id": "460", "object_repr": "460", "action_flag": 3, "change_message": ""}}, {"model": "admin.logentry", "pk": 392, "fields": {"action_time": "2018-05-09T08:25:05.774Z", "user": 1, "content_type": 16, "object_id": "459", "object_repr": "459", "action_flag": 3, "change_message": ""}}, {"model": "admin.logentry", "pk": 393, "fields": {"action_time": "2018-05-09T08:25:05.776Z", "user": 1, "content_type": 16, "object_id": "458", "object_repr": "458", "action_flag": 3, "change_message": ""}}, {"model": "admin.logentry", "pk": 394, "fields": {"action_time": "2018-05-09T08:25:05.778Z", "user": 1, "content_type": 16, "object_id": "457", "object_repr": "457", "action_flag": 3, "change_message": ""}}, {"model": "admin.logentry", "pk": 395, "fields": {"action_time": "2018-05-09T08:25:05.781Z", "user": 1, "content_type": 16, "object_id": "456", "object_repr": "456", "action_flag": 3, "change_message": ""}}, {"model": "admin.logentry", "pk": 396, "fields": {"action_time": "2018-05-09T08:25:05.783Z", "user": 1, "content_type": 16, "object_id": "455", "object_repr": "455", "action_flag": 3, "change_message": ""}}, {"model": "admin.logentry", "pk": 397, "fields": {"action_time": "2018-05-09T08:25:05.785Z", "user": 1, "content_type": 16, "object_id": "454", "object_repr": "454", "action_flag": 3, "change_message": ""}}, {"model": "admin.logentry", "pk": 398, "fields": {"action_time": "2018-05-09T08:25:05.787Z", "user": 1, "content_type": 16, "object_id": "453", "object_repr": "453", "action_flag": 3, "change_message": ""}}, {"model": "admin.logentry", "pk": 399, "fields": {"action_time": "2018-05-09T08:25:05.789Z", "user": 1, "content_type": 16, "object_id": "452", "object_repr": "452", "action_flag": 3, "change_message": ""}}, {"model": "admin.logentry", "pk": 400, "fields": {"action_time": "2018-05-09T08:25:05.791Z", "user": 1, "content_type": 16, "object_id": "451", "object_repr": "451", "action_flag": 3, "change_message": ""}}, {"model": "admin.logentry", "pk": 401, "fields": {"action_time": "2018-05-09T08:25:05.792Z", "user": 1, "content_type": 16, "object_id": "450", "object_repr": "450", "action_flag": 3, "change_message": ""}}, {"model": "admin.logentry", "pk": 402, "fields": {"action_time": "2018-05-09T08:25:05.794Z", "user": 1, "content_type": 16, "object_id": "449", "object_repr": "449", "action_flag": 3, "change_message": ""}}, {"model": "admin.logentry", "pk": 403, "fields": {"action_time": "2018-05-09T08:25:05.797Z", "user": 1, "content_type": 16, "object_id": "448", "object_repr": "448", "action_flag": 3, "change_message": ""}}, {"model": "admin.logentry", "pk": 404, "fields": {"action_time": "2018-05-09T08:25:05.799Z", "user": 1, "content_type": 16, "object_id": "447", "object_repr": "447", "action_flag": 3, "change_message": ""}}, {"model": "admin.logentry", "pk": 405, "fields": {"action_time": "2018-05-09T08:25:05.801Z", "user": 1, "content_type": 16, "object_id": "446", "object_repr": "446", "action_flag": 3, "change_message": ""}}, {"model": "admin.logentry", "pk": 406, "fields": {"action_time": "2018-05-09T08:25:05.803Z", "user": 1, "content_type": 16, "object_id": "445", "object_repr": "445", "action_flag": 3, "change_message": ""}}, {"model": "admin.logentry", "pk": 407, "fields": {"action_time": "2018-05-09T08:25:05.805Z", "user": 1, "content_type": 16, "object_id": "444", "object_repr": "444", "action_flag": 3, "change_message": ""}}, {"model": "admin.logentry", "pk": 408, "fields": {"action_time": "2018-05-09T08:25:05.807Z", "user": 1, "content_type": 16, "object_id": "443", "object_repr": "443", "action_flag": 3, "change_message": ""}}, {"model": "admin.logentry", "pk": 409, "fields": {"action_time": "2018-05-09T08:25:05.809Z", "user": 1, "content_type": 16, "object_id": "442", "object_repr": "442", "action_flag": 3, "change_message": ""}}, {"model": "admin.logentry", "pk": 410, "fields": {"action_time": "2018-05-09T08:25:05.811Z", "user": 1, "content_type": 16, "object_id": "441", "object_repr": "441", "action_flag": 3, "change_message": ""}}, {"model": "admin.logentry", "pk": 411, "fields": {"action_time": "2018-05-09T08:25:05.814Z", "user": 1, "content_type": 16, "object_id": "440", "object_repr": "440", "action_flag": 3, "change_message": ""}}, {"model": "admin.logentry", "pk": 412, "fields": {"action_time": "2018-05-09T08:25:05.816Z", "user": 1, "content_type": 16, "object_id": "439", "object_repr": "439", "action_flag": 3, "change_message": ""}}, {"model": "admin.logentry", "pk": 413, "fields": {"action_time": "2018-05-09T08:25:05.817Z", "user": 1, "content_type": 16, "object_id": "438", "object_repr": "438", "action_flag": 3, "change_message": ""}}, {"model": "admin.logentry", "pk": 414, "fields": {"action_time": "2018-05-09T08:25:05.819Z", "user": 1, "content_type": 16, "object_id": "437", "object_repr": "437", "action_flag": 3, "change_message": ""}}, {"model": "admin.logentry", "pk": 415, "fields": {"action_time": "2018-05-09T08:25:05.821Z", "user": 1, "content_type": 16, "object_id": "436", "object_repr": "436", "action_flag": 3, "change_message": ""}}, {"model": "admin.logentry", "pk": 416, "fields": {"action_time": "2018-05-09T08:25:05.823Z", "user": 1, "content_type": 16, "object_id": "435", "object_repr": "435", "action_flag": 3, "change_message": ""}}, {"model": "admin.logentry", "pk": 417, "fields": {"action_time": "2018-05-09T08:25:05.824Z", "user": 1, "content_type": 16, "object_id": "434", "object_repr": "434", "action_flag": 3, "change_message": ""}}, {"model": "admin.logentry", "pk": 418, "fields": {"action_time": "2018-05-09T08:25:05.826Z", "user": 1, "content_type": 16, "object_id": "433", "object_repr": "433", "action_flag": 3, "change_message": ""}}, {"model": "admin.logentry", "pk": 419, "fields": {"action_time": "2018-05-09T08:25:05.829Z", "user": 1, "content_type": 16, "object_id": "432", "object_repr": "432", "action_flag": 3, "change_message": ""}}, {"model": "admin.logentry", "pk": 420, "fields": {"action_time": "2018-05-09T08:25:05.831Z", "user": 1, "content_type": 16, "object_id": "431", "object_repr": "431", "action_flag": 3, "change_message": ""}}, {"model": "admin.logentry", "pk": 421, "fields": {"action_time": "2018-05-09T08:25:05.833Z", "user": 1, "content_type": 16, "object_id": "430", "object_repr": "430", "action_flag": 3, "change_message": ""}}, {"model": "admin.logentry", "pk": 422, "fields": {"action_time": "2018-05-09T08:25:05.834Z", "user": 1, "content_type": 16, "object_id": "429", "object_repr": "429", "action_flag": 3, "change_message": ""}}, {"model": "admin.logentry", "pk": 423, "fields": {"action_time": "2018-05-09T08:25:05.836Z", "user": 1, "content_type": 16, "object_id": "428", "object_repr": "428", "action_flag": 3, "change_message": ""}}, {"model": "admin.logentry", "pk": 424, "fields": {"action_time": "2018-05-09T08:25:05.838Z", "user": 1, "content_type": 16, "object_id": "427", "object_repr": "427", "action_flag": 3, "change_message": ""}}, {"model": "admin.logentry", "pk": 425, "fields": {"action_time": "2018-05-09T08:25:05.840Z", "user": 1, "content_type": 16, "object_id": "426", "object_repr": "426", "action_flag": 3, "change_message": ""}}, {"model": "admin.logentry", "pk": 426, "fields": {"action_time": "2018-05-09T08:25:05.841Z", "user": 1, "content_type": 16, "object_id": "425", "object_repr": "425", "action_flag": 3, "change_message": ""}}, {"model": "admin.logentry", "pk": 427, "fields": {"action_time": "2018-05-09T08:25:05.843Z", "user": 1, "content_type": 16, "object_id": "424", "object_repr": "424", "action_flag": 3, "change_message": ""}}, {"model": "admin.logentry", "pk": 428, "fields": {"action_time": "2018-05-09T08:25:05.846Z", "user": 1, "content_type": 16, "object_id": "423", "object_repr": "423", "action_flag": 3, "change_message": ""}}, {"model": "admin.logentry", "pk": 429, "fields": {"action_time": "2018-05-09T08:25:05.848Z", "user": 1, "content_type": 16, "object_id": "422", "object_repr": "422", "action_flag": 3, "change_message": ""}}, {"model": "admin.logentry", "pk": 430, "fields": {"action_time": "2018-05-09T08:25:05.850Z", "user": 1, "content_type": 16, "object_id": "421", "object_repr": "421", "action_flag": 3, "change_message": ""}}, {"model": "admin.logentry", "pk": 431, "fields": {"action_time": "2018-05-09T08:25:05.852Z", "user": 1, "content_type": 16, "object_id": "420", "object_repr": "420", "action_flag": 3, "change_message": ""}}, {"model": "admin.logentry", "pk": 432, "fields": {"action_time": "2018-05-09T08:25:05.853Z", "user": 1, "content_type": 16, "object_id": "419", "object_repr": "419", "action_flag": 3, "change_message": ""}}, {"model": "admin.logentry", "pk": 433, "fields": {"action_time": "2018-05-09T08:25:05.855Z", "user": 1, "content_type": 16, "object_id": "418", "object_repr": "418", "action_flag": 3, "change_message": ""}}, {"model": "admin.logentry", "pk": 434, "fields": {"action_time": "2018-05-09T08:25:05.857Z", "user": 1, "content_type": 16, "object_id": "417", "object_repr": "417", "action_flag": 3, "change_message": ""}}, {"model": "admin.logentry", "pk": 435, "fields": {"action_time": "2018-05-09T08:25:05.859Z", "user": 1, "content_type": 16, "object_id": "416", "object_repr": "416", "action_flag": 3, "change_message": ""}}, {"model": "admin.logentry", "pk": 436, "fields": {"action_time": "2018-05-09T08:25:05.861Z", "user": 1, "content_type": 16, "object_id": "415", "object_repr": "415", "action_flag": 3, "change_message": ""}}, {"model": "admin.logentry", "pk": 437, "fields": {"action_time": "2018-05-09T08:25:05.864Z", "user": 1, "content_type": 16, "object_id": "414", "object_repr": "414", "action_flag": 3, "change_message": ""}}, {"model": "admin.logentry", "pk": 438, "fields": {"action_time": "2018-05-09T08:25:05.867Z", "user": 1, "content_type": 16, "object_id": "413", "object_repr": "413", "action_flag": 3, "change_message": ""}}, {"model": "admin.logentry", "pk": 439, "fields": {"action_time": "2018-05-09T08:25:05.869Z", "user": 1, "content_type": 16, "object_id": "412", "object_repr": "412", "action_flag": 3, "change_message": ""}}, {"model": "admin.logentry", "pk": 440, "fields": {"action_time": "2018-05-09T08:25:05.873Z", "user": 1, "content_type": 16, "object_id": "411", "object_repr": "411", "action_flag": 3, "change_message": ""}}, {"model": "admin.logentry", "pk": 441, "fields": {"action_time": "2018-05-09T08:25:05.877Z", "user": 1, "content_type": 16, "object_id": "410", "object_repr": "410", "action_flag": 3, "change_message": ""}}, {"model": "admin.logentry", "pk": 442, "fields": {"action_time": "2018-05-09T08:25:05.879Z", "user": 1, "content_type": 16, "object_id": "409", "object_repr": "409", "action_flag": 3, "change_message": ""}}, {"model": "admin.logentry", "pk": 443, "fields": {"action_time": "2018-05-09T08:25:05.882Z", "user": 1, "content_type": 16, "object_id": "408", "object_repr": "408", "action_flag": 3, "change_message": ""}}, {"model": "admin.logentry", "pk": 444, "fields": {"action_time": "2018-05-09T08:25:05.884Z", "user": 1, "content_type": 16, "object_id": "407", "object_repr": "407", "action_flag": 3, "change_message": ""}}, {"model": "admin.logentry", "pk": 445, "fields": {"action_time": "2018-05-09T08:25:05.885Z", "user": 1, "content_type": 16, "object_id": "406", "object_repr": "406", "action_flag": 3, "change_message": ""}}, {"model": "admin.logentry", "pk": 446, "fields": {"action_time": "2018-05-09T08:25:05.887Z", "user": 1, "content_type": 16, "object_id": "405", "object_repr": "405", "action_flag": 3, "change_message": ""}}, {"model": "admin.logentry", "pk": 447, "fields": {"action_time": "2018-05-09T08:25:05.889Z", "user": 1, "content_type": 16, "object_id": "404", "object_repr": "404", "action_flag": 3, "change_message": ""}}, {"model": "admin.logentry", "pk": 448, "fields": {"action_time": "2018-05-09T08:25:05.891Z", "user": 1, "content_type": 16, "object_id": "403", "object_repr": "403", "action_flag": 3, "change_message": ""}}, {"model": "admin.logentry", "pk": 449, "fields": {"action_time": "2018-05-09T08:25:05.893Z", "user": 1, "content_type": 16, "object_id": "402", "object_repr": "402", "action_flag": 3, "change_message": ""}}, {"model": "admin.logentry", "pk": 450, "fields": {"action_time": "2018-05-09T08:25:05.895Z", "user": 1, "content_type": 16, "object_id": "401", "object_repr": "401", "action_flag": 3, "change_message": ""}}, {"model": "admin.logentry", "pk": 451, "fields": {"action_time": "2018-05-09T08:25:05.897Z", "user": 1, "content_type": 16, "object_id": "400", "object_repr": "400", "action_flag": 3, "change_message": ""}}, {"model": "admin.logentry", "pk": 452, "fields": {"action_time": "2018-05-09T08:25:05.899Z", "user": 1, "content_type": 16, "object_id": "399", "object_repr": "399", "action_flag": 3, "change_message": ""}}, {"model": "admin.logentry", "pk": 453, "fields": {"action_time": "2018-05-09T08:25:05.901Z", "user": 1, "content_type": 16, "object_id": "398", "object_repr": "398", "action_flag": 3, "change_message": ""}}, {"model": "admin.logentry", "pk": 454, "fields": {"action_time": "2018-05-09T08:25:05.903Z", "user": 1, "content_type": 16, "object_id": "397", "object_repr": "397", "action_flag": 3, "change_message": ""}}, {"model": "admin.logentry", "pk": 455, "fields": {"action_time": "2018-05-09T08:25:05.905Z", "user": 1, "content_type": 16, "object_id": "396", "object_repr": "396", "action_flag": 3, "change_message": ""}}, {"model": "admin.logentry", "pk": 456, "fields": {"action_time": "2018-05-09T08:25:05.909Z", "user": 1, "content_type": 16, "object_id": "395", "object_repr": "395", "action_flag": 3, "change_message": ""}}, {"model": "admin.logentry", "pk": 457, "fields": {"action_time": "2018-05-09T08:25:05.912Z", "user": 1, "content_type": 16, "object_id": "394", "object_repr": "394", "action_flag": 3, "change_message": ""}}, {"model": "admin.logentry", "pk": 458, "fields": {"action_time": "2018-05-09T08:25:05.914Z", "user": 1, "content_type": 16, "object_id": "393", "object_repr": "393", "action_flag": 3, "change_message": ""}}, {"model": "admin.logentry", "pk": 459, "fields": {"action_time": "2018-05-09T08:25:05.916Z", "user": 1, "content_type": 16, "object_id": "392", "object_repr": "392", "action_flag": 3, "change_message": ""}}, {"model": "admin.logentry", "pk": 460, "fields": {"action_time": "2018-05-09T08:25:05.924Z", "user": 1, "content_type": 16, "object_id": "391", "object_repr": "391", "action_flag": 3, "change_message": ""}}, {"model": "admin.logentry", "pk": 461, "fields": {"action_time": "2018-05-09T08:25:05.926Z", "user": 1, "content_type": 16, "object_id": "390", "object_repr": "390", "action_flag": 3, "change_message": ""}}, {"model": "admin.logentry", "pk": 462, "fields": {"action_time": "2018-05-09T08:25:05.929Z", "user": 1, "content_type": 16, "object_id": "389", "object_repr": "389", "action_flag": 3, "change_message": ""}}, {"model": "admin.logentry", "pk": 463, "fields": {"action_time": "2018-05-09T08:25:05.932Z", "user": 1, "content_type": 16, "object_id": "388", "object_repr": "388", "action_flag": 3, "change_message": ""}}, {"model": "admin.logentry", "pk": 464, "fields": {"action_time": "2018-05-09T08:25:05.934Z", "user": 1, "content_type": 16, "object_id": "387", "object_repr": "387", "action_flag": 3, "change_message": ""}}, {"model": "admin.logentry", "pk": 465, "fields": {"action_time": "2018-05-09T08:25:05.936Z", "user": 1, "content_type": 16, "object_id": "386", "object_repr": "386", "action_flag": 3, "change_message": ""}}, {"model": "admin.logentry", "pk": 466, "fields": {"action_time": "2018-05-09T08:25:05.938Z", "user": 1, "content_type": 16, "object_id": "385", "object_repr": "385", "action_flag": 3, "change_message": ""}}, {"model": "admin.logentry", "pk": 467, "fields": {"action_time": "2018-05-09T08:25:05.940Z", "user": 1, "content_type": 16, "object_id": "384", "object_repr": "384", "action_flag": 3, "change_message": ""}}, {"model": "admin.logentry", "pk": 468, "fields": {"action_time": "2018-05-09T08:25:05.942Z", "user": 1, "content_type": 16, "object_id": "383", "object_repr": "383", "action_flag": 3, "change_message": ""}}, {"model": "admin.logentry", "pk": 469, "fields": {"action_time": "2018-05-09T08:25:05.945Z", "user": 1, "content_type": 16, "object_id": "382", "object_repr": "382", "action_flag": 3, "change_message": ""}}, {"model": "admin.logentry", "pk": 470, "fields": {"action_time": "2018-05-09T08:25:14.101Z", "user": 1, "content_type": 16, "object_id": "381", "object_repr": "381", "action_flag": 3, "change_message": ""}}, {"model": "admin.logentry", "pk": 471, "fields": {"action_time": "2018-05-09T08:25:14.109Z", "user": 1, "content_type": 16, "object_id": "380", "object_repr": "380", "action_flag": 3, "change_message": ""}}, {"model": "admin.logentry", "pk": 472, "fields": {"action_time": "2018-05-09T08:25:14.111Z", "user": 1, "content_type": 16, "object_id": "379", "object_repr": "379", "action_flag": 3, "change_message": ""}}, {"model": "admin.logentry", "pk": 473, "fields": {"action_time": "2018-05-09T08:25:14.113Z", "user": 1, "content_type": 16, "object_id": "378", "object_repr": "378", "action_flag": 3, "change_message": ""}}, {"model": "admin.logentry", "pk": 474, "fields": {"action_time": "2018-05-09T08:25:14.115Z", "user": 1, "content_type": 16, "object_id": "377", "object_repr": "377", "action_flag": 3, "change_message": ""}}, {"model": "admin.logentry", "pk": 475, "fields": {"action_time": "2018-05-09T08:25:14.117Z", "user": 1, "content_type": 16, "object_id": "376", "object_repr": "376", "action_flag": 3, "change_message": ""}}, {"model": "admin.logentry", "pk": 476, "fields": {"action_time": "2018-05-09T08:25:14.119Z", "user": 1, "content_type": 16, "object_id": "375", "object_repr": "375", "action_flag": 3, "change_message": ""}}, {"model": "admin.logentry", "pk": 477, "fields": {"action_time": "2018-05-09T08:25:14.121Z", "user": 1, "content_type": 16, "object_id": "373", "object_repr": "373", "action_flag": 3, "change_message": ""}}, {"model": "admin.logentry", "pk": 478, "fields": {"action_time": "2018-05-09T08:25:14.122Z", "user": 1, "content_type": 16, "object_id": "372", "object_repr": "372", "action_flag": 3, "change_message": ""}}, {"model": "admin.logentry", "pk": 479, "fields": {"action_time": "2018-05-09T08:25:14.124Z", "user": 1, "content_type": 16, "object_id": "371", "object_repr": "371", "action_flag": 3, "change_message": ""}}, {"model": "admin.logentry", "pk": 480, "fields": {"action_time": "2018-05-09T08:25:14.126Z", "user": 1, "content_type": 16, "object_id": "370", "object_repr": "370", "action_flag": 3, "change_message": ""}}, {"model": "admin.logentry", "pk": 481, "fields": {"action_time": "2018-05-09T08:25:14.127Z", "user": 1, "content_type": 16, "object_id": "369", "object_repr": "369", "action_flag": 3, "change_message": ""}}, {"model": "admin.logentry", "pk": 482, "fields": {"action_time": "2018-05-09T08:25:14.129Z", "user": 1, "content_type": 16, "object_id": "368", "object_repr": "368", "action_flag": 3, "change_message": ""}}, {"model": "admin.logentry", "pk": 483, "fields": {"action_time": "2018-05-09T08:25:14.131Z", "user": 1, "content_type": 16, "object_id": "367", "object_repr": "367", "action_flag": 3, "change_message": ""}}, {"model": "admin.logentry", "pk": 484, "fields": {"action_time": "2018-05-09T08:25:14.133Z", "user": 1, "content_type": 16, "object_id": "366", "object_repr": "366", "action_flag": 3, "change_message": ""}}, {"model": "admin.logentry", "pk": 485, "fields": {"action_time": "2018-05-09T08:25:14.135Z", "user": 1, "content_type": 16, "object_id": "365", "object_repr": "365", "action_flag": 3, "change_message": ""}}, {"model": "admin.logentry", "pk": 486, "fields": {"action_time": "2018-05-09T08:25:14.137Z", "user": 1, "content_type": 16, "object_id": "364", "object_repr": "364", "action_flag": 3, "change_message": ""}}, {"model": "admin.logentry", "pk": 487, "fields": {"action_time": "2018-05-09T08:25:14.139Z", "user": 1, "content_type": 16, "object_id": "363", "object_repr": "363", "action_flag": 3, "change_message": ""}}, {"model": "admin.logentry", "pk": 488, "fields": {"action_time": "2018-05-09T08:25:14.140Z", "user": 1, "content_type": 16, "object_id": "362", "object_repr": "362", "action_flag": 3, "change_message": ""}}, {"model": "admin.logentry", "pk": 489, "fields": {"action_time": "2018-05-09T08:25:14.142Z", "user": 1, "content_type": 16, "object_id": "361", "object_repr": "361", "action_flag": 3, "change_message": ""}}, {"model": "admin.logentry", "pk": 490, "fields": {"action_time": "2018-05-09T08:25:14.144Z", "user": 1, "content_type": 16, "object_id": "360", "object_repr": "360", "action_flag": 3, "change_message": ""}}, {"model": "admin.logentry", "pk": 491, "fields": {"action_time": "2018-05-09T08:25:14.146Z", "user": 1, "content_type": 16, "object_id": "359", "object_repr": "359", "action_flag": 3, "change_message": ""}}, {"model": "admin.logentry", "pk": 492, "fields": {"action_time": "2018-05-09T08:25:14.148Z", "user": 1, "content_type": 16, "object_id": "358", "object_repr": "358", "action_flag": 3, "change_message": ""}}, {"model": "admin.logentry", "pk": 493, "fields": {"action_time": "2018-05-09T08:25:14.151Z", "user": 1, "content_type": 16, "object_id": "357", "object_repr": "357", "action_flag": 3, "change_message": ""}}, {"model": "admin.logentry", "pk": 494, "fields": {"action_time": "2018-05-09T08:25:14.152Z", "user": 1, "content_type": 16, "object_id": "356", "object_repr": "356", "action_flag": 3, "change_message": ""}}, {"model": "admin.logentry", "pk": 495, "fields": {"action_time": "2018-05-09T08:25:14.154Z", "user": 1, "content_type": 16, "object_id": "355", "object_repr": "355", "action_flag": 3, "change_message": ""}}, {"model": "admin.logentry", "pk": 496, "fields": {"action_time": "2018-05-09T08:25:14.156Z", "user": 1, "content_type": 16, "object_id": "354", "object_repr": "354", "action_flag": 3, "change_message": ""}}, {"model": "admin.logentry", "pk": 497, "fields": {"action_time": "2018-05-09T08:25:14.158Z", "user": 1, "content_type": 16, "object_id": "353", "object_repr": "353", "action_flag": 3, "change_message": ""}}, {"model": "admin.logentry", "pk": 498, "fields": {"action_time": "2018-05-09T08:25:14.160Z", "user": 1, "content_type": 16, "object_id": "352", "object_repr": "352", "action_flag": 3, "change_message": ""}}, {"model": "admin.logentry", "pk": 499, "fields": {"action_time": "2018-05-09T08:25:14.161Z", "user": 1, "content_type": 16, "object_id": "351", "object_repr": "351", "action_flag": 3, "change_message": ""}}, {"model": "admin.logentry", "pk": 500, "fields": {"action_time": "2018-05-09T08:25:14.163Z", "user": 1, "content_type": 16, "object_id": "350", "object_repr": "350", "action_flag": 3, "change_message": ""}}, {"model": "admin.logentry", "pk": 501, "fields": {"action_time": "2018-05-09T08:25:14.166Z", "user": 1, "content_type": 16, "object_id": "349", "object_repr": "349", "action_flag": 3, "change_message": ""}}, {"model": "admin.logentry", "pk": 502, "fields": {"action_time": "2018-05-09T08:25:14.168Z", "user": 1, "content_type": 16, "object_id": "348", "object_repr": "348", "action_flag": 3, "change_message": ""}}, {"model": "admin.logentry", "pk": 503, "fields": {"action_time": "2018-05-09T08:25:14.170Z", "user": 1, "content_type": 16, "object_id": "347", "object_repr": "347", "action_flag": 3, "change_message": ""}}, {"model": "admin.logentry", "pk": 504, "fields": {"action_time": "2018-05-09T08:25:14.172Z", "user": 1, "content_type": 16, "object_id": "346", "object_repr": "346", "action_flag": 3, "change_message": ""}}, {"model": "admin.logentry", "pk": 505, "fields": {"action_time": "2018-05-09T08:25:14.174Z", "user": 1, "content_type": 16, "object_id": "345", "object_repr": "345", "action_flag": 3, "change_message": ""}}, {"model": "admin.logentry", "pk": 506, "fields": {"action_time": "2018-05-09T08:25:14.176Z", "user": 1, "content_type": 16, "object_id": "344", "object_repr": "344", "action_flag": 3, "change_message": ""}}, {"model": "admin.logentry", "pk": 507, "fields": {"action_time": "2018-05-09T08:25:14.178Z", "user": 1, "content_type": 16, "object_id": "324", "object_repr": "324", "action_flag": 3, "change_message": ""}}, {"model": "admin.logentry", "pk": 508, "fields": {"action_time": "2018-05-09T08:25:14.180Z", "user": 1, "content_type": 16, "object_id": "323", "object_repr": "323", "action_flag": 3, "change_message": ""}}, {"model": "admin.logentry", "pk": 509, "fields": {"action_time": "2018-05-09T08:25:14.182Z", "user": 1, "content_type": 16, "object_id": "322", "object_repr": "322", "action_flag": 3, "change_message": ""}}, {"model": "admin.logentry", "pk": 510, "fields": {"action_time": "2018-05-09T08:25:14.184Z", "user": 1, "content_type": 16, "object_id": "321", "object_repr": "321", "action_flag": 3, "change_message": ""}}, {"model": "admin.logentry", "pk": 511, "fields": {"action_time": "2018-05-09T08:25:14.186Z", "user": 1, "content_type": 16, "object_id": "320", "object_repr": "320", "action_flag": 3, "change_message": ""}}, {"model": "admin.logentry", "pk": 512, "fields": {"action_time": "2018-05-09T08:25:14.188Z", "user": 1, "content_type": 16, "object_id": "319", "object_repr": "319", "action_flag": 3, "change_message": ""}}, {"model": "admin.logentry", "pk": 513, "fields": {"action_time": "2018-05-09T08:25:14.189Z", "user": 1, "content_type": 16, "object_id": "318", "object_repr": "318", "action_flag": 3, "change_message": ""}}, {"model": "admin.logentry", "pk": 514, "fields": {"action_time": "2018-05-09T08:25:14.191Z", "user": 1, "content_type": 16, "object_id": "317", "object_repr": "317", "action_flag": 3, "change_message": ""}}, {"model": "admin.logentry", "pk": 515, "fields": {"action_time": "2018-05-09T08:25:14.193Z", "user": 1, "content_type": 16, "object_id": "316", "object_repr": "316", "action_flag": 3, "change_message": ""}}, {"model": "admin.logentry", "pk": 516, "fields": {"action_time": "2018-05-09T08:25:14.195Z", "user": 1, "content_type": 16, "object_id": "315", "object_repr": "315", "action_flag": 3, "change_message": ""}}, {"model": "admin.logentry", "pk": 517, "fields": {"action_time": "2018-05-09T08:25:14.197Z", "user": 1, "content_type": 16, "object_id": "314", "object_repr": "314", "action_flag": 3, "change_message": ""}}, {"model": "admin.logentry", "pk": 518, "fields": {"action_time": "2018-05-09T08:25:14.199Z", "user": 1, "content_type": 16, "object_id": "313", "object_repr": "313", "action_flag": 3, "change_message": ""}}, {"model": "admin.logentry", "pk": 519, "fields": {"action_time": "2018-05-09T08:25:14.201Z", "user": 1, "content_type": 16, "object_id": "312", "object_repr": "312", "action_flag": 3, "change_message": ""}}, {"model": "admin.logentry", "pk": 520, "fields": {"action_time": "2018-05-09T08:25:14.203Z", "user": 1, "content_type": 16, "object_id": "311", "object_repr": "311", "action_flag": 3, "change_message": ""}}, {"model": "admin.logentry", "pk": 521, "fields": {"action_time": "2018-05-09T08:25:14.205Z", "user": 1, "content_type": 16, "object_id": "310", "object_repr": "310", "action_flag": 3, "change_message": ""}}, {"model": "admin.logentry", "pk": 522, "fields": {"action_time": "2018-05-09T08:25:14.207Z", "user": 1, "content_type": 16, "object_id": "309", "object_repr": "309", "action_flag": 3, "change_message": ""}}, {"model": "admin.logentry", "pk": 523, "fields": {"action_time": "2018-05-09T08:25:14.209Z", "user": 1, "content_type": 16, "object_id": "308", "object_repr": "308", "action_flag": 3, "change_message": ""}}, {"model": "admin.logentry", "pk": 524, "fields": {"action_time": "2018-05-09T08:25:14.211Z", "user": 1, "content_type": 16, "object_id": "307", "object_repr": "307", "action_flag": 3, "change_message": ""}}, {"model": "admin.logentry", "pk": 525, "fields": {"action_time": "2018-05-09T08:25:14.212Z", "user": 1, "content_type": 16, "object_id": "306", "object_repr": "306", "action_flag": 3, "change_message": ""}}, {"model": "admin.logentry", "pk": 526, "fields": {"action_time": "2018-05-09T08:25:14.214Z", "user": 1, "content_type": 16, "object_id": "305", "object_repr": "305", "action_flag": 3, "change_message": ""}}, {"model": "admin.logentry", "pk": 527, "fields": {"action_time": "2018-05-09T08:25:14.217Z", "user": 1, "content_type": 16, "object_id": "304", "object_repr": "304", "action_flag": 3, "change_message": ""}}, {"model": "admin.logentry", "pk": 528, "fields": {"action_time": "2018-05-09T08:25:14.219Z", "user": 1, "content_type": 16, "object_id": "303", "object_repr": "303", "action_flag": 3, "change_message": ""}}, {"model": "admin.logentry", "pk": 529, "fields": {"action_time": "2018-05-09T08:25:14.221Z", "user": 1, "content_type": 16, "object_id": "302", "object_repr": "302", "action_flag": 3, "change_message": ""}}, {"model": "admin.logentry", "pk": 530, "fields": {"action_time": "2018-05-09T08:25:14.222Z", "user": 1, "content_type": 16, "object_id": "301", "object_repr": "301", "action_flag": 3, "change_message": ""}}, {"model": "admin.logentry", "pk": 531, "fields": {"action_time": "2018-05-09T08:25:14.224Z", "user": 1, "content_type": 16, "object_id": "300", "object_repr": "300", "action_flag": 3, "change_message": ""}}, {"model": "admin.logentry", "pk": 532, "fields": {"action_time": "2018-05-09T08:25:14.226Z", "user": 1, "content_type": 16, "object_id": "299", "object_repr": "299", "action_flag": 3, "change_message": ""}}, {"model": "admin.logentry", "pk": 533, "fields": {"action_time": "2018-05-09T08:25:14.228Z", "user": 1, "content_type": 16, "object_id": "298", "object_repr": "298", "action_flag": 3, "change_message": ""}}, {"model": "admin.logentry", "pk": 534, "fields": {"action_time": "2018-05-09T08:25:14.229Z", "user": 1, "content_type": 16, "object_id": "297", "object_repr": "297", "action_flag": 3, "change_message": ""}}, {"model": "admin.logentry", "pk": 535, "fields": {"action_time": "2018-05-09T08:25:14.231Z", "user": 1, "content_type": 16, "object_id": "296", "object_repr": "296", "action_flag": 3, "change_message": ""}}, {"model": "admin.logentry", "pk": 536, "fields": {"action_time": "2018-05-09T08:25:14.234Z", "user": 1, "content_type": 16, "object_id": "295", "object_repr": "295", "action_flag": 3, "change_message": ""}}, {"model": "admin.logentry", "pk": 537, "fields": {"action_time": "2018-05-09T08:25:14.236Z", "user": 1, "content_type": 16, "object_id": "294", "object_repr": "294", "action_flag": 3, "change_message": ""}}, {"model": "admin.logentry", "pk": 538, "fields": {"action_time": "2018-05-09T08:25:14.238Z", "user": 1, "content_type": 16, "object_id": "293", "object_repr": "293", "action_flag": 3, "change_message": ""}}, {"model": "admin.logentry", "pk": 539, "fields": {"action_time": "2018-05-09T08:25:14.239Z", "user": 1, "content_type": 16, "object_id": "292", "object_repr": "292", "action_flag": 3, "change_message": ""}}, {"model": "admin.logentry", "pk": 540, "fields": {"action_time": "2018-05-09T08:25:14.241Z", "user": 1, "content_type": 16, "object_id": "291", "object_repr": "291", "action_flag": 3, "change_message": ""}}, {"model": "admin.logentry", "pk": 541, "fields": {"action_time": "2018-05-09T08:25:14.243Z", "user": 1, "content_type": 16, "object_id": "290", "object_repr": "290", "action_flag": 3, "change_message": ""}}, {"model": "admin.logentry", "pk": 542, "fields": {"action_time": "2018-05-09T08:25:14.245Z", "user": 1, "content_type": 16, "object_id": "289", "object_repr": "289", "action_flag": 3, "change_message": ""}}, {"model": "admin.logentry", "pk": 543, "fields": {"action_time": "2018-05-09T08:25:14.248Z", "user": 1, "content_type": 16, "object_id": "288", "object_repr": "288", "action_flag": 3, "change_message": ""}}, {"model": "admin.logentry", "pk": 544, "fields": {"action_time": "2018-05-09T08:25:14.251Z", "user": 1, "content_type": 16, "object_id": "287", "object_repr": "287", "action_flag": 3, "change_message": ""}}, {"model": "admin.logentry", "pk": 545, "fields": {"action_time": "2018-05-09T08:25:14.254Z", "user": 1, "content_type": 16, "object_id": "286", "object_repr": "286", "action_flag": 3, "change_message": ""}}, {"model": "admin.logentry", "pk": 546, "fields": {"action_time": "2018-05-09T08:25:14.256Z", "user": 1, "content_type": 16, "object_id": "285", "object_repr": "285", "action_flag": 3, "change_message": ""}}, {"model": "admin.logentry", "pk": 547, "fields": {"action_time": "2018-05-09T08:25:14.258Z", "user": 1, "content_type": 16, "object_id": "284", "object_repr": "284", "action_flag": 3, "change_message": ""}}, {"model": "admin.logentry", "pk": 548, "fields": {"action_time": "2018-05-09T08:25:14.259Z", "user": 1, "content_type": 16, "object_id": "283", "object_repr": "283", "action_flag": 3, "change_message": ""}}, {"model": "admin.logentry", "pk": 549, "fields": {"action_time": "2018-05-09T08:25:14.261Z", "user": 1, "content_type": 16, "object_id": "282", "object_repr": "282", "action_flag": 3, "change_message": ""}}, {"model": "admin.logentry", "pk": 550, "fields": {"action_time": "2018-05-09T08:25:14.264Z", "user": 1, "content_type": 16, "object_id": "281", "object_repr": "281", "action_flag": 3, "change_message": ""}}, {"model": "admin.logentry", "pk": 551, "fields": {"action_time": "2018-05-09T08:25:14.266Z", "user": 1, "content_type": 16, "object_id": "280", "object_repr": "280", "action_flag": 3, "change_message": ""}}, {"model": "admin.logentry", "pk": 552, "fields": {"action_time": "2018-05-09T08:25:14.268Z", "user": 1, "content_type": 16, "object_id": "279", "object_repr": "279", "action_flag": 3, "change_message": ""}}, {"model": "admin.logentry", "pk": 553, "fields": {"action_time": "2018-05-09T08:25:14.270Z", "user": 1, "content_type": 16, "object_id": "278", "object_repr": "278", "action_flag": 3, "change_message": ""}}, {"model": "admin.logentry", "pk": 554, "fields": {"action_time": "2018-05-09T08:25:14.272Z", "user": 1, "content_type": 16, "object_id": "277", "object_repr": "277", "action_flag": 3, "change_message": ""}}, {"model": "admin.logentry", "pk": 555, "fields": {"action_time": "2018-05-09T08:25:14.274Z", "user": 1, "content_type": 16, "object_id": "276", "object_repr": "276", "action_flag": 3, "change_message": ""}}, {"model": "admin.logentry", "pk": 556, "fields": {"action_time": "2018-05-09T08:25:14.276Z", "user": 1, "content_type": 16, "object_id": "275", "object_repr": "275", "action_flag": 3, "change_message": ""}}, {"model": "admin.logentry", "pk": 557, "fields": {"action_time": "2018-05-09T08:25:14.278Z", "user": 1, "content_type": 16, "object_id": "274", "object_repr": "274", "action_flag": 3, "change_message": ""}}, {"model": "admin.logentry", "pk": 558, "fields": {"action_time": "2018-05-09T08:25:14.280Z", "user": 1, "content_type": 16, "object_id": "273", "object_repr": "273", "action_flag": 3, "change_message": ""}}, {"model": "admin.logentry", "pk": 559, "fields": {"action_time": "2018-05-09T08:25:14.282Z", "user": 1, "content_type": 16, "object_id": "272", "object_repr": "272", "action_flag": 3, "change_message": ""}}, {"model": "admin.logentry", "pk": 560, "fields": {"action_time": "2018-05-09T08:25:14.284Z", "user": 1, "content_type": 16, "object_id": "271", "object_repr": "271", "action_flag": 3, "change_message": ""}}, {"model": "admin.logentry", "pk": 561, "fields": {"action_time": "2018-05-09T08:25:14.286Z", "user": 1, "content_type": 16, "object_id": "270", "object_repr": "270", "action_flag": 3, "change_message": ""}}, {"model": "admin.logentry", "pk": 562, "fields": {"action_time": "2018-05-09T08:25:14.288Z", "user": 1, "content_type": 16, "object_id": "269", "object_repr": "269", "action_flag": 3, "change_message": ""}}, {"model": "admin.logentry", "pk": 563, "fields": {"action_time": "2018-05-09T08:25:14.290Z", "user": 1, "content_type": 16, "object_id": "268", "object_repr": "268", "action_flag": 3, "change_message": ""}}, {"model": "admin.logentry", "pk": 564, "fields": {"action_time": "2018-05-09T08:25:14.292Z", "user": 1, "content_type": 16, "object_id": "267", "object_repr": "267", "action_flag": 3, "change_message": ""}}, {"model": "admin.logentry", "pk": 565, "fields": {"action_time": "2018-05-09T08:25:14.294Z", "user": 1, "content_type": 16, "object_id": "266", "object_repr": "266", "action_flag": 3, "change_message": ""}}, {"model": "admin.logentry", "pk": 566, "fields": {"action_time": "2018-05-09T08:25:14.296Z", "user": 1, "content_type": 16, "object_id": "265", "object_repr": "265", "action_flag": 3, "change_message": ""}}, {"model": "admin.logentry", "pk": 567, "fields": {"action_time": "2018-05-09T08:25:14.298Z", "user": 1, "content_type": 16, "object_id": "264", "object_repr": "264", "action_flag": 3, "change_message": ""}}, {"model": "admin.logentry", "pk": 568, "fields": {"action_time": "2018-05-09T08:25:14.301Z", "user": 1, "content_type": 16, "object_id": "263", "object_repr": "263", "action_flag": 3, "change_message": ""}}, {"model": "admin.logentry", "pk": 569, "fields": {"action_time": "2018-05-09T08:25:14.304Z", "user": 1, "content_type": 16, "object_id": "262", "object_repr": "262", "action_flag": 3, "change_message": ""}}, {"model": "admin.logentry", "pk": 570, "fields": {"action_time": "2018-05-09T08:25:25.663Z", "user": 1, "content_type": 16, "object_id": "261", "object_repr": "261", "action_flag": 3, "change_message": ""}}, {"model": "admin.logentry", "pk": 571, "fields": {"action_time": "2018-05-09T08:25:25.666Z", "user": 1, "content_type": 16, "object_id": "260", "object_repr": "260", "action_flag": 3, "change_message": ""}}, {"model": "admin.logentry", "pk": 572, "fields": {"action_time": "2018-05-09T08:25:25.669Z", "user": 1, "content_type": 16, "object_id": "259", "object_repr": "259", "action_flag": 3, "change_message": ""}}, {"model": "admin.logentry", "pk": 573, "fields": {"action_time": "2018-05-09T08:25:25.672Z", "user": 1, "content_type": 16, "object_id": "258", "object_repr": "258", "action_flag": 3, "change_message": ""}}, {"model": "admin.logentry", "pk": 574, "fields": {"action_time": "2018-05-09T08:25:25.674Z", "user": 1, "content_type": 16, "object_id": "257", "object_repr": "257", "action_flag": 3, "change_message": ""}}, {"model": "admin.logentry", "pk": 575, "fields": {"action_time": "2018-05-09T08:25:25.677Z", "user": 1, "content_type": 16, "object_id": "256", "object_repr": "256", "action_flag": 3, "change_message": ""}}, {"model": "admin.logentry", "pk": 576, "fields": {"action_time": "2018-05-09T08:25:25.680Z", "user": 1, "content_type": 16, "object_id": "255", "object_repr": "255", "action_flag": 3, "change_message": ""}}, {"model": "admin.logentry", "pk": 577, "fields": {"action_time": "2018-05-09T08:25:25.682Z", "user": 1, "content_type": 16, "object_id": "254", "object_repr": "254", "action_flag": 3, "change_message": ""}}, {"model": "admin.logentry", "pk": 578, "fields": {"action_time": "2018-05-09T08:25:25.684Z", "user": 1, "content_type": 16, "object_id": "253", "object_repr": "253", "action_flag": 3, "change_message": ""}}, {"model": "admin.logentry", "pk": 579, "fields": {"action_time": "2018-05-09T08:25:25.686Z", "user": 1, "content_type": 16, "object_id": "252", "object_repr": "252", "action_flag": 3, "change_message": ""}}, {"model": "admin.logentry", "pk": 580, "fields": {"action_time": "2018-05-09T08:25:25.688Z", "user": 1, "content_type": 16, "object_id": "251", "object_repr": "251", "action_flag": 3, "change_message": ""}}, {"model": "admin.logentry", "pk": 581, "fields": {"action_time": "2018-05-09T08:25:25.690Z", "user": 1, "content_type": 16, "object_id": "250", "object_repr": "250", "action_flag": 3, "change_message": ""}}, {"model": "admin.logentry", "pk": 582, "fields": {"action_time": "2018-05-09T08:25:25.692Z", "user": 1, "content_type": 16, "object_id": "249", "object_repr": "249", "action_flag": 3, "change_message": ""}}, {"model": "admin.logentry", "pk": 583, "fields": {"action_time": "2018-05-09T08:25:25.694Z", "user": 1, "content_type": 16, "object_id": "248", "object_repr": "248", "action_flag": 3, "change_message": ""}}, {"model": "admin.logentry", "pk": 584, "fields": {"action_time": "2018-05-09T08:25:25.696Z", "user": 1, "content_type": 16, "object_id": "247", "object_repr": "247", "action_flag": 3, "change_message": ""}}, {"model": "admin.logentry", "pk": 585, "fields": {"action_time": "2018-05-09T08:25:25.698Z", "user": 1, "content_type": 16, "object_id": "246", "object_repr": "246", "action_flag": 3, "change_message": ""}}, {"model": "admin.logentry", "pk": 586, "fields": {"action_time": "2018-05-09T08:25:25.700Z", "user": 1, "content_type": 16, "object_id": "245", "object_repr": "245", "action_flag": 3, "change_message": ""}}, {"model": "admin.logentry", "pk": 587, "fields": {"action_time": "2018-05-09T08:25:25.702Z", "user": 1, "content_type": 16, "object_id": "244", "object_repr": "244", "action_flag": 3, "change_message": ""}}, {"model": "admin.logentry", "pk": 588, "fields": {"action_time": "2018-05-09T08:25:25.707Z", "user": 1, "content_type": 16, "object_id": "243", "object_repr": "243", "action_flag": 3, "change_message": ""}}, {"model": "admin.logentry", "pk": 589, "fields": {"action_time": "2018-05-09T08:25:25.709Z", "user": 1, "content_type": 16, "object_id": "242", "object_repr": "242", "action_flag": 3, "change_message": ""}}, {"model": "admin.logentry", "pk": 590, "fields": {"action_time": "2018-05-09T08:25:25.710Z", "user": 1, "content_type": 16, "object_id": "241", "object_repr": "241", "action_flag": 3, "change_message": ""}}, {"model": "admin.logentry", "pk": 591, "fields": {"action_time": "2018-05-09T08:28:32.719Z", "user": 1, "content_type": 14, "object_id": "327", "object_repr": "327", "action_flag": 3, "change_message": ""}}, {"model": "admin.logentry", "pk": 592, "fields": {"action_time": "2018-05-09T08:28:32.725Z", "user": 1, "content_type": 14, "object_id": "65", "object_repr": "65", "action_flag": 3, "change_message": ""}}, {"model": "admin.logentry", "pk": 593, "fields": {"action_time": "2018-05-09T08:28:40.706Z", "user": 1, "content_type": 16, "object_id": "513", "object_repr": "513", "action_flag": 3, "change_message": ""}}, {"model": "admin.logentry", "pk": 594, "fields": {"action_time": "2018-05-09T08:28:40.710Z", "user": 1, "content_type": 16, "object_id": "240", "object_repr": "240", "action_flag": 3, "change_message": ""}}, {"model": "admin.logentry", "pk": 595, "fields": {"action_time": "2017-01-01T03:27:47.280Z", "user": 1, "content_type": 9, "object_id": "2", "object_repr": "129913 @ bitcointalk.org", "action_flag": 2, "change_message": "[{\"changed\": {\"fields\": [\"profile_url\", \"initial_posts_count\"]}}]"}}]