[{"model": "contenttypes.contenttype", "pk": 1, "fields": {"app_label": "admin", "model": "logentry"}}, {"model": "contenttypes.contenttype", "pk": 2, "fields": {"app_label": "constance", "model": "config"}}, {"model": "contenttypes.contenttype", "pk": 3, "fields": {"app_label": "auth", "model": "permission"}}, {"model": "contenttypes.contenttype", "pk": 4, "fields": {"app_label": "auth", "model": "group"}}, {"model": "contenttypes.contenttype", "pk": 5, "fields": {"app_label": "auth", "model": "user"}}, {"model": "contenttypes.contenttype", "pk": 6, "fields": {"app_label": "contenttypes", "model": "contenttype"}}, {"model": "contenttypes.contenttype", "pk": 7, "fields": {"app_label": "sessions", "model": "session"}}, {"model": "contenttypes.contenttype", "pk": 8, "fields": {"app_label": "authtoken", "model": "token"}}, {"model": "contenttypes.contenttype", "pk": 9, "fields": {"app_label": "venue", "model": "forumpost"}}, {"model": "contenttypes.contenttype", "pk": 10, "fields": {"app_label": "venue", "model": "forumprofile"}}, {"model": "contenttypes.contenttype", "pk": 11, "fields": {"app_label": "venue", "model": "forumsite"}}, {"model": "contenttypes.contenttype", "pk": 12, "fields": {"app_label": "venue", "model": "forumuserrank"}}, {"model": "contenttypes.contenttype", "pk": 13, "fields": {"app_label": "venue", "model": "language"}}, {"model": "contenttypes.contenttype", "pk": 14, "fields": {"app_label": "venue", "model": "notification"}}, {"model": "contenttypes.contenttype", "pk": 15, "fields": {"app_label": "venue", "model": "ranking"}}, {"model": "contenttypes.contenttype", "pk": 16, "fields": {"app_label": "venue", "model": "signature"}}, {"model": "contenttypes.contenttype", "pk": 17, "fields": {"app_label": "venue", "model": "userprofile"}}, {"model": "sessions.session", "pk": "k2inkji0g5jtzy13o9caggzqfuxb6dtk", "fields": {"session_data": "NDAwZmE5NzM2MTBlMjYyNDFiODZmYTM1MDBiNWI3M2RjZGZkZmE4NDp7Il9hdXRoX3VzZXJfaWQiOiIxIiwiX2F1dGhfdXNlcl9iYWNrZW5kIjoiZGphbmdvLmNvbnRyaWIuYXV0aC5iYWNrZW5kcy5Nb2RlbEJhY2tlbmQiLCJfYXV0aF91c2VyX2hhc2giOiIxZmYxYTlmYzgzOTU5OGQ0ZGVhMDhiMTI3YmE3NTQzOTgxOTMwYzZlIiwid3M0cmVkaXM6bWVtYmVyb2YiOltdfQ==", "expire_date": "2018-06-14T08:13:44.299Z"}}, {"model": "venue.forumsite", "pk": 1, "fields": {"name": "bitcointalk.org", "address": "https://bitcointalk.org", "scraper_name": "bitcointalk.py"}}, {"model": "venue.forumsite", "pk": 2, "fields": {"name": "forum.bitcoin.com", "address": "https://forum.bitcoin.com", "scraper_name": "bitcoin_forum.py"}}, {"model": "venue.forumuserrank", "pk": 1, "fields": {"forum_site": 1, "name": "Brand new", "bonus_percentage": "0.00", "allowed": true}}, {"model": "venue.forumuserrank", "pk": 2, "fields": {"forum_site": 1, "name": "Newbie", "bonus_percentage": "5.00", "allowed": true}}, {"model": "venue.forumuserrank", "pk": 3, "fields": {"forum_site": 1, "name": "Jr. Member", "bonus_percentage": "0.00", "allowed": true}}, {"model": "venue.forumuserrank", "pk": 4, "fields": {"forum_site": 1, "name": "Member", "bonus_percentage": "0.00", "allowed": true}}, {"model": "venue.forumuserrank", "pk": 5, "fields": {"forum_site": 1, "name": "Full Member", "bonus_percentage": "0.00", "allowed": true}}, {"model": "venue.forumuserrank", "pk": 6, "fields": {"forum_site": 1, "name": "Sr. Member", "bonus_percentage": "0.00", "allowed": true}}, {"model": "venue.forumuserrank", "pk": 7, "fields": {"forum_site": 1, "name": "Hero Member", "bonus_percentage": "0.00", "allowed": true}}, {"model": "venue.forumuserrank", "pk": 8, "fields": {"forum_site": 1, "name": "Legendary", "bonus_percentage": "0.00", "allowed": true}}, {"model": "venue.forumuserrank", "pk": 9, "fields": {"forum_site": 2, "name": "Global Moderator", "bonus_percentage": "0.00", "allowed": true}}, {"model": "venue.forumuserrank", "pk": 10, "fields": {"forum_site": 2, "name": "Nickel Bitcoiner", "bonus_percentage": "0.00", "allowed": true}}, {"model": "venue.forumuserrank", "pk": 11, "fields": {"forum_site": 2, "name": "No rank", "bonus_percentage": "0.00", "allowed": true}}, {"model": "venue.forumuserrank", "pk": 12, "fields": {"forum_site": 2, "name": "Founder", "bonus_percentage": "0.00", "allowed": true}}, {"model": "venue.forumuserrank", "pk": 13, "fields": {"forum_site": 2, "name": "Site Admin", "bonus_percentage": "0.00", "allowed": true}}, {"model": "venue.forumuserrank", "pk": 14, "fields": {"forum_site": 2, "name": "Junior Mod", "bonus_percentage": "0.00", "allowed": true}}, {"model": "venue.forumuserrank", "pk": 15, "fields": {"forum_site": 2, "name": "Bronze Bitcoiner", "bonus_percentage": "0.00", "allowed": true}}, {"model": "venue.forumuserrank", "pk": 16, "fields": {"forum_site": 2, "name": "Silver Bitcoiner", "bonus_percentage": "0.00", "allowed": true}}, {"model": "venue.forumuserrank", "pk": 17, "fields": {"forum_site": 2, "name": "Gold Bitcoiner", "bonus_percentage": "0.00", "allowed": true}}, {"model": "venue.forumuserrank", "pk": 18, "fields": {"forum_site": 2, "name": "Platinum Bitcoiner", "bonus_percentage": "0.00", "allowed": true}}, {"model": "venue.signature", "pk": 1, "fields": {"name": "BitcoinTalk Test Signature 1", "forum_site": 1, "code": "link", "expected_links": "link", "test_signature": "The pen is mightier than the sword", "image": "static/img/signature_img.png", "active": true, "date_added": "2017-11-24T01:38:55Z", "user_ranks": [1, 3, 4, 5, 6, 7, 8, 2]}}, {"model": "venue.signature", "pk": 2, "fields": {"name": "Bitcoin Forum Test Signature 1", "forum_site": 2, "code": "link", "expected_links": "link", "test_signature": "No man is an island", "image": "static/img/signature_img.png", "active": true, "date_added": "2017-11-27T03:53:51Z", "user_ranks": [9, 10, 11, 12, 13, 14, 15, 16, 17, 18]}}, {"model": "venue.signature", "pk": 3, "fields": {"name": "BitcoinTalk Test Signature 2", "forum_site": 1, "code": "link2", "expected_links": "link2", "test_signature": "When in Rome, do as the Romans", "image": "static/img/signature_img.png", "active": true, "date_added": "2017-12-04T01:40:48Z", "user_ranks": [1, 3, 4, 5, 6, 7, 8, 2]}}, {"model": "venue.signature", "pk": 4, "fields": {"name": "Bitcoin Forum Test Signature 2", "forum_site": 2, "code": "link2", "expected_links": "link2", "test_signature": "Two wrongs don't make a right", "image": "static/img/signature_img.png", "active": true, "date_added": "2017-12-04T01:41:33Z", "user_ranks": [10, 11, 12, 13, 14, 15, 16, 17, 18]}}, {"model": "venue.signature", "pk": 5, "fields": {"name": "BitcoinTalk Test Signature 3", "forum_site": 1, "code": "link", "expected_links": "link", "test_signature": "Knowledge comes, but wisdom lingers", "image": "", "active": true, "date_added": "2018-04-06T12:38:05Z", "user_ranks": [1, 3, 4, 5, 6, 7, 8, 9, 10, 11, 12, 13, 14, 15, 16, 17, 18, 2]}}, {"model": "venue.signature", "pk": 6, "fields": {"name": "BitcoinTalk Test Signature 4", "forum_site": 1, "code": "link", "expected_links": "link", "test_signature": "In teaching others we teach ourselves", "image": "static/img/signature_img.png", "active": true, "date_added": "2018-04-06T12:40:23Z", "user_ranks": [1, 3, 4, 5, 6, 7, 8, 9, 10, 11, 12, 13, 14, 15, 16, 17, 18, 2]}}, {"model": "venue.signature", "pk": 7, "fields": {"name": "BitcoinTalk Test Signature 5", "forum_site": 1, "code": "link", "expected_links": "link", "test_signature": "Follow love and it will flee, flee love and it will follow", "image": "static/img/signature_img.png", "active": true, "date_added": "2018-04-06T12:43:17Z", "user_ranks": [1, 3, 4, 5, 6, 7, 8, 9, 10, 11, 12, 13, 14, 15, 16, 17, 18, 2]}}, {"model": "venue.signature", "pk": 8, "fields": {"name": "BitcoinTalk Test Signature 6", "forum_site": 1, "code": "link", "expected_links": "link", "test_signature": "A friend walks in when everyone else walks out", "image": "static/img/signature_img.png", "active": true, "date_added": "2018-04-06T12:44:51Z", "user_ranks": [1, 3, 4, 5, 6, 7, 8, 9, 10, 11, 12, 13, 14, 15, 16, 17, 18, 2]}}, {"model": "venue.signature", "pk": 9, "fields": {"name": "BitcoinTalk Test Signature 7", "forum_site": 1, "code": "link", "expected_links": "link", "test_signature": "Men never remember, but women never forget", "image": "static/img/signature_img.png", "active": true, "date_added": "2018-04-06T12:45:48Z", "user_ranks": [1, 3, 4, 5, 6, 7, 8, 9, 10, 11, 12, 13, 14, 15, 16, 17, 18, 2]}}, {"model": "venue.signature", "pk": 10, "fields": {"name": "Bitcoin Forum Test Signature 3", "forum_site": 2, "code": "link", "expected_links": "link", "test_signature": "He who dares to teach must never cease to learn", "image": "static/img/signature_img.png", "active": true, "date_added": "2018-04-06T12:46:19Z", "user_ranks": [1, 3, 4, 5, 6, 7, 8, 9, 10, 11, 12, 13, 14, 15, 16, 17, 18, 2]}}, {"model": "venue.signature", "pk": 11, "fields": {"name": "Bitcoin Forum Test Signature 4", "forum_site": 2, "code": "link", "expected_links": "link", "test_signature": "Everything has beauty, but not everyone sees it", "image": "static/img/signature_img.png", "active": true, "date_added": "2018-04-06T12:47:38Z", "user_ranks": [1, 3, 4, 5, 6, 7, 8, 9, 10, 11, 12, 13, 14, 15, 16, 17, 18, 2]}}, {"model": "venue.signature", "pk": 12, "fields": {"name": "Bitcoin Forum Test Signature 5", "forum_site": 2, "code": "link", "expected_links": "link", "test_signature": "He who opens a school door, closes a prison", "image": "static/img/signature_img.png", "active": true, "date_added": "2018-04-06T12:48:09Z", "user_ranks": [1, 3, 4, 5, 6, 7, 8, 9, 10, 11, 12, 13, 14, 15, 16, 17, 18, 2]}}, {"model": "venue.signature", "pk": 13, "fields": {"name": "Bitcoin Forum Test Signature 6", "forum_site": 2, "code": "link", "expected_links": "link", "test_signature": "Every accomplishment starts with the decision to try", "image": "static/img/signature_img.png", "active": true, "date_added": "2018-04-06T12:48:51Z", "user_ranks": [1, 3, 4, 5, 6, 7, 8, 9, 10, 11, 12, 13, 14, 15, 16, 17, 18, 2]}}, {"model": "venue.signature", "pk": 14, "fields": {"name": "Bitcoin Forum Test Signature 7", "forum_site": 2, "code": "link", "expected_links": "link", "test_signature": "The hottest love has the coldest end", "image": "static/img/signature_img.png", "active": true, "date_added": "2018-04-06T12:49:32Z", "user_ranks": [1, 3, 4, 5, 6, 7, 8, 9, 10, 11, 12, 13, 14, 15, 16, 17, 18, 2]}}, {"model": "venue.language", "pk": 1, "fields": {"name": "English", "code": "en", "active": true}}, {"model": "venue.language", "pk": 3, "fields": {"name": "Japanese", "code": "ja", "active": true}}, {"model": "venue.language", "pk": 4, "fields": {"name": "Filipino", "code": "tl", "active": true}}, {"model": "venue.ranking", "pk": 1, "fields": {"user_profile": 1, "rank": 1, "timestamp": "2018-06-01T03:36:20.790Z"}}, {"model": "venue.ranking", "pk": 34, "fields": {"user_profile": 1, "rank": 1, "timestamp": "2018-06-01T03:38:01.384Z"}}, {"model": "venue.ranking", "pk": 35, "fields": {"user_profile": 1, "rank": 1, "timestamp": "2018-06-01T03:42:58.794Z"}}, {"model": "venue.ranking", "pk": 36, "fields": {"user_profile": 1, "rank": 1, "timestamp": "2018-06-01T03:47:58.978Z"}}, {"model": "venue.ranking", "pk": 37, "fields": {"user_profile": 1, "rank": 1, "timestamp": "2018-06-01T03:52:59.895Z"}}, {"model": "venue.ranking", "pk": 38, "fields": {"user_profile": 1, "rank": 1, "timestamp": "2018-06-01T03:57:59.202Z"}}, {"model": "venue.ranking", "pk": 39, "fields": {"user_profile": 1, "rank": 1, "timestamp": "2018-06-01T04:02:59.398Z"}}, {"model": "venue.ranking", "pk": 40, "fields": {"user_profile": 1, "rank": 1, "timestamp": "2018-06-01T04:07:59.161Z"}}, {"model": "venue.ranking", "pk": 41, "fields": {"user_profile": 1, "rank": 1, "timestamp": "2018-06-01T04:12:59.306Z"}}, {"model": "venue.ranking", "pk": 42, "fields": {"user_profile": 1, "rank": 1, "timestamp": "2018-06-01T04:18:00.020Z"}}, {"model": "venue.ranking", "pk": 43, "fields": {"user_profile": 1, "rank": 1, "timestamp": "2018-06-01T04:22:59.470Z"}}, {"model": "venue.ranking", "pk": 44, "fields": {"user_profile": 1, "rank": 1, "timestamp": "2018-06-01T04:27:59.729Z"}}, {"model": "venue.ranking", "pk": 45, "fields": {"user_profile": 1, "rank": 1, "timestamp": "2018-06-01T04:33:00.100Z"}}, {"model": "venue.ranking", "pk": 46, "fields": {"user_profile": 1, "rank": 1, "timestamp": "2018-06-01T04:37:59.926Z"}}, {"model": "venue.ranking", "pk": 47, "fields": {"user_profile": 1, "rank": 1, "timestamp": "2018-06-01T04:43:00.113Z"}}, {"model": "venue.ranking", "pk": 48, "fields": {"user_profile": 1, "rank": 1, "timestamp": "2018-06-01T04:47:59.916Z"}}, {"model": "venue.ranking", "pk": 49, "fields": {"user_profile": 1, "rank": 1, "timestamp": "2018-06-01T04:53:00.471Z"}}, {"model": "venue.ranking", "pk": 50, "fields": {"user_profile": 1, "rank": 1, "timestamp": "2018-06-01T04:58:00.591Z"}}, {"model": "venue.ranking", "pk": 51, "fields": {"user_profile": 1, "rank": 1, "timestamp": "2018-06-01T05:03:00.678Z"}}, {"model": "venue.ranking", "pk": 52, "fields": {"user_profile": 1, "rank": 1, "timestamp": "2018-06-01T05:07:59.987Z"}}, {"model": "venue.ranking", "pk": 53, "fields": {"user_profile": 1, "rank": 1, "timestamp": "2018-06-01T05:13:00.628Z"}}, {"model": "venue.ranking", "pk": 54, "fields": {"user_profile": 1, "rank": 1, "timestamp": "2018-06-01T05:18:00.405Z"}}, {"model": "venue.ranking", "pk": 55, "fields": {"user_profile": 1, "rank": 1, "timestamp": "2018-06-01T05:59:27.306Z"}}, {"model": "venue.ranking", "pk": 56, "fields": {"user_profile": 1, "rank": 1, "timestamp": "2018-06-01T06:04:27.421Z"}}, {"model": "venue.ranking", "pk": 57, "fields": {"user_profile": 1, "rank": 1, "timestamp": "2018-06-01T06:09:27.258Z"}}, {"model": "venue.ranking", "pk": 58, "fields": {"user_profile": 1, "rank": 1, "timestamp": "2018-06-01T06:14:28.222Z"}}, {"model": "venue.ranking", "pk": 59, "fields": {"user_profile": 1, "rank": 1, "timestamp": "2018-06-01T06:19:32.407Z"}}, {"model": "venue.ranking", "pk": 60, "fields": {"user_profile": 1, "rank": 1, "timestamp": "2018-06-01T06:24:27.838Z"}}, {"model": "venue.ranking", "pk": 61, "fields": {"user_profile": 1, "rank": 1, "timestamp": "2018-06-01T06:29:28.630Z"}}, {"model": "venue.ranking", "pk": 62, "fields": {"user_profile": 1, "rank": 1, "timestamp": "2018-06-01T06:34:27.657Z"}}, {"model": "venue.ranking", "pk": 95, "fields": {"user_profile": 1, "rank": 1, "timestamp": "2018-06-01T06:59:14.922Z"}}, {"model": "venue.ranking", "pk": 96, "fields": {"user_profile": 1, "rank": 1, "timestamp": "2018-06-01T06:59:14.947Z"}}, {"model": "venue.ranking", "pk": 97, "fields": {"user_profile": 1, "rank": 1, "timestamp": "2018-06-01T07:01:46.993Z"}}, {"model": "venue.ranking", "pk": 98, "fields": {"user_profile": 1, "rank": 1, "timestamp": "2018-06-01T07:06:42.131Z"}}, {"model": "venue.ranking", "pk": 99, "fields": {"user_profile": 1, "rank": 1, "timestamp": "2018-06-01T07:11:42.262Z"}}, {"model": "venue.ranking", "pk": 100, "fields": {"user_profile": 1, "rank": 1, "timestamp": "2018-06-01T07:16:42.249Z"}}, {"model": "venue.ranking", "pk": 101, "fields": {"user_profile": 1, "rank": 1, "timestamp": "2018-06-01T07:21:43.192Z"}}, {"model": "venue.ranking", "pk": 102, "fields": {"user_profile": 1, "rank": 1, "timestamp": "2018-06-01T07:26:52.621Z"}}, {"model": "venue.ranking", "pk": 103, "fields": {"user_profile": 1, "rank": 1, "timestamp": "2018-06-01T07:54:00.968Z"}}, {"model": "venue.ranking", "pk": 104, "fields": {"user_profile": 1, "rank": 1, "timestamp": "2018-06-01T07:54:00.995Z"}}, {"model": "venue.ranking", "pk": 105, "fields": {"user_profile": 1, "rank": 1, "timestamp": "2018-06-01T07:58:59.994Z"}}, {"model": "venue.ranking", "pk": 106, "fields": {"user_profile": 1, "rank": 1, "timestamp": "2018-06-01T08:03:59.361Z"}}, {"model": "venue.ranking", "pk": 107, "fields": {"user_profile": 1, "rank": 1, "timestamp": "2018-06-01T08:08:59.554Z"}}, {"model": "venue.ranking", "pk": 108, "fields": {"user_profile": 1, "rank": 1, "timestamp": "2018-06-01T08:16:29.422Z"}}, {"model": "venue.ranking", "pk": 109, "fields": {"user_profile": 1, "rank": 1, "timestamp": "2018-06-01T08:21:28.283Z"}}, {"model": "venue.ranking", "pk": 110, "fields": {"user_profile": 1, "rank": 1, "timestamp": "2018-06-01T08:26:27.456Z"}}, {"model": "venue.ranking", "pk": 111, "fields": {"user_profile": 1, "rank": 1, "timestamp": "2018-06-01T08:29:00.172Z"}}, {"model": "venue.ranking", "pk": 112, "fields": {"user_profile": 1, "rank": 1, "timestamp": "2018-06-01T08:33:59.830Z"}}, {"model": "venue.ranking", "pk": 113, "fields": {"user_profile": 1, "rank": 1, "timestamp": "2018-06-01T08:38:59.699Z"}}, {"model": "venue.ranking", "pk": 114, "fields": {"user_profile": 1, "rank": 1, "timestamp": "2018-06-01T08:44:00.323Z"}}, {"model": "venue.ranking", "pk": 115, "fields": {"user_profile": 1, "rank": 1, "timestamp": "2018-06-01T08:48:59.825Z"}}, {"model": "venue.ranking", "pk": 116, "fields": {"user_profile": 1, "rank": 1, "timestamp": "2018-06-01T08:53:59.846Z"}}, {"model": "venue.ranking", "pk": 117, "fields": {"user_profile": 1, "rank": 1, "timestamp": "2018-06-01T08:59:00.246Z"}}, {"model": "venue.ranking", "pk": 118, "fields": {"user_profile": 1, "rank": 1, "timestamp": "2018-06-01T09:03:59.859Z"}}, {"model": "venue.ranking", "pk": 119, "fields": {"user_profile": 1, "rank": 1, "timestamp": "2018-06-01T09:09:05.606Z"}}, {"model": "venue.ranking", "pk": 120, "fields": {"user_profile": 1, "rank": 1, "timestamp": "2018-06-01T09:18:16.458Z"}}, {"model": "venue.ranking", "pk": 121, "fields": {"user_profile": 2, "rank": 2, "timestamp": "2018-06-01T09:18:16.463Z"}}, {"model": "venue.ranking", "pk": 122, "fields": {"user_profile": 1, "rank": 1, "timestamp": "2018-06-01T09:21:55.850Z"}}, {"model": "venue.ranking", "pk": 123, "fields": {"user_profile": 2, "rank": 2, "timestamp": "2018-06-01T09:21:55.853Z"}}, {"model": "venue.ranking", "pk": 124, "fields": {"user_profile": 1, "rank": 1, "timestamp": "2018-06-01T09:22:54.767Z"}}, {"model": "venue.ranking", "pk": 125, "fields": {"user_profile": 2, "rank": 2, "timestamp": "2018-06-01T09:22:54.769Z"}}, {"model": "venue.ranking", "pk": 126, "fields": {"user_profile": 1, "rank": 1, "timestamp": "2018-06-01T09:23:26.930Z"}}, {"model": "venue.ranking", "pk": 127, "fields": {"user_profile": 2, "rank": 2, "timestamp": "2018-06-01T09:23:26.933Z"}}, {"model": "venue.ranking", "pk": 128, "fields": {"user_profile": 1, "rank": 1, "timestamp": "2018-06-01T09:23:38.031Z"}}, {"model": "venue.ranking", "pk": 129, "fields": {"user_profile": 2, "rank": 2, "timestamp": "2018-06-01T09:23:38.036Z"}}, {"model": "venue.ranking", "pk": 130, "fields": {"user_profile": 1, "rank": 1, "timestamp": "2018-06-01T09:24:45.214Z"}}, {"model": "venue.ranking", "pk": 131, "fields": {"user_profile": 2, "rank": 2, "timestamp": "2018-06-01T09:24:45.217Z"}}, {"model": "venue.ranking", "pk": 132, "fields": {"user_profile": 1, "rank": 1, "timestamp": "2018-06-01T09:30:55.616Z"}}, {"model": "venue.ranking", "pk": 133, "fields": {"user_profile": 2, "rank": 2, "timestamp": "2018-06-01T09:30:55.620Z"}}, {"model": "venue.ranking", "pk": 134, "fields": {"user_profile": 1, "rank": 1, "timestamp": "2018-06-01T09:32:53.116Z"}}, {"model": "venue.ranking", "pk": 135, "fields": {"user_profile": 2, "rank": 2, "timestamp": "2018-06-01T09:32:53.119Z"}}, {"model": "venue.ranking", "pk": 136, "fields": {"user_profile": 1, "rank": 1, "timestamp": "2018-06-01T09:34:45.183Z"}}, {"model": "venue.ranking", "pk": 137, "fields": {"user_profile": 2, "rank": 2, "timestamp": "2018-06-01T09:34:45.185Z"}}, {"model": "venue.ranking", "pk": 138, "fields": {"user_profile": 1, "rank": 1, "timestamp": "2018-06-01T09:49:02.760Z"}}, {"model": "venue.ranking", "pk": 139, "fields": {"user_profile": 2, "rank": 2, "timestamp": "2018-06-01T09:49:02.763Z"}}, {"model": "venue.ranking", "pk": 140, "fields": {"user_profile": 1, "rank": 1, "timestamp": "2018-06-01T09:49:35.586Z"}}, {"model": "venue.ranking", "pk": 141, "fields": {"user_profile": 2, "rank": 2, "timestamp": "2018-06-01T09:49:35.589Z"}}, {"model": "venue.forumprofile", "pk": 2, "fields": {"user_profile": 1, "forum": 1, "forum_rank": 2, "forum_username": "joemarct", "forum_user_id": "129913", "profile_url": "https", "signature": 3, "verification_code": "V2lUzk8j", "active": true, "verified": true, "date_verified": "2018-05-30T09:08:02Z", "date_added": "2018-05-30T09:07:36Z", "date_updated": "2018-06-01T09:49:34.146Z", "signature_found": true, "last_scrape": "2018-06-01T09:49:34.146Z"}}, {"model": "venue.forumprofile", "pk": 3, "fields": {"user_profile": 2, "forum": 1, "forum_rank": 2, "forum_username": "scibiz", "forum_user_id": "1944971", "profile_url": "", "signature": 1, "verification_code": "bKWfkaYQ", "active": true, "verified": true, "date_verified": "2018-06-01T09:18:11.285Z", "date_added": "2018-06-01T09:15:04.711Z", "date_updated": "2018-06-01T09:49:33.014Z", "signature_found": true, "last_scrape": "2018-06-01T09:49:33.014Z"}}, {"model": "venue.forumpost", "pk": 75, "fields": {"user_profile": 1, "forum_profile": 2, "topic_id": "2031282", "message_id": "39039342", "unique_content_length": 378, "timestamp": "2018-05-31T09:12:06Z", "credited": true, "matured": true, "date_matured": null, "date_credited": null, "base_points": "100.00", "influence_bonus_pct": "5.00", "influence_bonus_pts": "5.00", "total_points": "105.00", "valid_sig_minutes": 1462, "invalid_sig_minutes": 0}}, {"model": "venue.forumpost", "pk": 76, "fields": {"user_profile": 2, "forum_profile": 3, "topic_id": "3087420", "message_id": "39123997", "unique_content_length": 108, "timestamp": "2018-06-01T09:34:20Z", "credited": false, "matured": false, "date_matured": null, "date_credited": null, "base_points": "0.00", "influence_bonus_pct": "0.00", "influence_bonus_pts": "0.00", "total_points": "0.00", "valid_sig_minutes": 14, "invalid_sig_minutes": 0}}, {"model": "auth.permission", "pk": 1, "fields": {"name": "Can add log entry", "content_type": 1, "codename": "add_logentry"}}, {"model": "auth.permission", "pk": 2, "fields": {"name": "Can change log entry", "content_type": 1, "codename": "change_logentry"}}, {"model": "auth.permission", "pk": 3, "fields": {"name": "Can delete log entry", "content_type": 1, "codename": "delete_logentry"}}, {"model": "auth.permission", "pk": 4, "fields": {"name": "Can change config", "content_type": 2, "codename": "change_config"}}, {"model": "auth.permission", "pk": 5, "fields": {"name": "Can add permission", "content_type": 3, "codename": "add_permission"}}, {"model": "auth.permission", "pk": 6, "fields": {"name": "Can change permission", "content_type": 3, "codename": "change_permission"}}, {"model": "auth.permission", "pk": 7, "fields": {"name": "Can delete permission", "content_type": 3, "codename": "delete_permission"}}, {"model": "auth.permission", "pk": 8, "fields": {"name": "Can add group", "content_type": 4, "codename": "add_group"}}, {"model": "auth.permission", "pk": 9, "fields": {"name": "Can change group", "content_type": 4, "codename": "change_group"}}, {"model": "auth.permission", "pk": 10, "fields": {"name": "Can delete group", "content_type": 4, "codename": "delete_group"}}, {"model": "auth.permission", "pk": 11, "fields": {"name": "Can add user", "content_type": 5, "codename": "add_user"}}, {"model": "auth.permission", "pk": 12, "fields": {"name": "Can change user", "content_type": 5, "codename": "change_user"}}, {"model": "auth.permission", "pk": 13, "fields": {"name": "Can delete user", "content_type": 5, "codename": "delete_user"}}, {"model": "auth.permission", "pk": 14, "fields": {"name": "Can add content type", "content_type": 6, "codename": "add_contenttype"}}, {"model": "auth.permission", "pk": 15, "fields": {"name": "Can change content type", "content_type": 6, "codename": "change_contenttype"}}, {"model": "auth.permission", "pk": 16, "fields": {"name": "Can delete content type", "content_type": 6, "codename": "delete_contenttype"}}, {"model": "auth.permission", "pk": 17, "fields": {"name": "Can add session", "content_type": 7, "codename": "add_session"}}, {"model": "auth.permission", "pk": 18, "fields": {"name": "Can change session", "content_type": 7, "codename": "change_session"}}, {"model": "auth.permission", "pk": 19, "fields": {"name": "Can delete session", "content_type": 7, "codename": "delete_session"}}, {"model": "auth.permission", "pk": 20, "fields": {"name": "Can add Token", "content_type": 8, "codename": "add_token"}}, {"model": "auth.permission", "pk": 21, "fields": {"name": "Can change Token", "content_type": 8, "codename": "change_token"}}, {"model": "auth.permission", "pk": 22, "fields": {"name": "Can delete Token", "content_type": 8, "codename": "delete_token"}}, {"model": "auth.permission", "pk": 23, "fields": {"name": "Can add forum post", "content_type": 9, "codename": "add_forumpost"}}, {"model": "auth.permission", "pk": 24, "fields": {"name": "Can change forum post", "content_type": 9, "codename": "change_forumpost"}}, {"model": "auth.permission", "pk": 25, "fields": {"name": "Can delete forum post", "content_type": 9, "codename": "delete_forumpost"}}, {"model": "auth.permission", "pk": 26, "fields": {"name": "Can add forum profile", "content_type": 10, "codename": "add_forumprofile"}}, {"model": "auth.permission", "pk": 27, "fields": {"name": "Can change forum profile", "content_type": 10, "codename": "change_forumprofile"}}, {"model": "auth.permission", "pk": 28, "fields": {"name": "Can delete forum profile", "content_type": 10, "codename": "delete_forumprofile"}}, {"model": "auth.permission", "pk": 29, "fields": {"name": "Can add forum site", "content_type": 11, "codename": "add_forumsite"}}, {"model": "auth.permission", "pk": 30, "fields": {"name": "Can change forum site", "content_type": 11, "codename": "change_forumsite"}}, {"model": "auth.permission", "pk": 31, "fields": {"name": "Can delete forum site", "content_type": 11, "codename": "delete_forumsite"}}, {"model": "auth.permission", "pk": 32, "fields": {"name": "Can add forum user rank", "content_type": 12, "codename": "add_forumuserrank"}}, {"model": "auth.permission", "pk": 33, "fields": {"name": "Can change forum user rank", "content_type": 12, "codename": "change_forumuserrank"}}, {"model": "auth.permission", "pk": 34, "fields": {"name": "Can delete forum user rank", "content_type": 12, "codename": "delete_forumuserrank"}}, {"model": "auth.permission", "pk": 35, "fields": {"name": "Can add language", "content_type": 13, "codename": "add_language"}}, {"model": "auth.permission", "pk": 36, "fields": {"name": "Can change language", "content_type": 13, "codename": "change_language"}}, {"model": "auth.permission", "pk": 37, "fields": {"name": "Can delete language", "content_type": 13, "codename": "delete_language"}}, {"model": "auth.permission", "pk": 38, "fields": {"name": "Can add notification", "content_type": 14, "codename": "add_notification"}}, {"model": "auth.permission", "pk": 39, "fields": {"name": "Can change notification", "content_type": 14, "codename": "change_notification"}}, {"model": "auth.permission", "pk": 40, "fields": {"name": "Can delete notification", "content_type": 14, "codename": "delete_notification"}}, {"model": "auth.permission", "pk": 41, "fields": {"name": "Can add ranking", "content_type": 15, "codename": "add_ranking"}}, {"model": "auth.permission", "pk": 42, "fields": {"name": "Can change ranking", "content_type": 15, "codename": "change_ranking"}}, {"model": "auth.permission", "pk": 43, "fields": {"name": "Can delete ranking", "content_type": 15, "codename": "delete_ranking"}}, {"model": "auth.permission", "pk": 44, "fields": {"name": "Can add signature", "content_type": 16, "codename": "add_signature"}}, {"model": "auth.permission", "pk": 45, "fields": {"name": "Can change signature", "content_type": 16, "codename": "change_signature"}}, {"model": "auth.permission", "pk": 46, "fields": {"name": "Can delete signature", "content_type": 16, "codename": "delete_signature"}}, {"model": "auth.permission", "pk": 47, "fields": {"name": "Can add user profile", "content_type": 17, "codename": "add_userprofile"}}, {"model": "auth.permission", "pk": 48, "fields": {"name": "Can change user profile", "content_type": 17, "codename": "change_userprofile"}}, {"model": "auth.permission", "pk": 49, "fields": {"name": "Can delete user profile", "content_type": 17, "codename": "delete_userprofile"}}, {"model": "auth.user", "pk": 1, "fields": {"password": "pbkdf2_sha256$36000$XKvhtX6WBPMv$fZGePTRZxbtqOPpFgHHCXBRrFNQP9RIwXV+L48PUXIo=", "last_login": "2018-05-31T08:13:44.293Z", "is_superuser": true, "username": "admin", "first_name": "", "last_name": "", "email": "admin@example.com", "is_staff": true, "is_active": true, "date_joined": "2018-05-31T07:47:08.640Z", "groups": [], "user_permissions": []}}, {"model": "auth.user", "pk": 2, "fields": {"password": "pbkdf2_sha256$36000$a68QYN3S0icY$qzl/qo+0GVvL4lL9PV8L7SVHiqw8/HjkxcAoa8Nzagc=", "last_login": "2018-06-01T09:50:47.016Z", "is_superuser": false, "username": "joemar.ct", "first_name": "", "last_name": "", "email": "joemar.ct@gmail.com", "is_staff": false, "is_active": true, "date_joined": "2018-05-31T07:57:23.548Z", "groups": [], "user_permissions": []}}, {"model": "auth.user", "pk": 28, "fields": {"password": "pbkdf2_sha256$36000$TtfPSPU3AYMM$bu167hnYD/jEZzUwStwe60nzUCoDM91kyRa7abDrTFI=", "last_login": "2018-06-01T09:50:54.807Z", "is_superuser": false, "username": "scibiz", "first_name": "", "last_name": "", "email": "info@scibizinformatics.com", "is_staff": false, "is_active": true, "date_joined": "2018-06-01T09:12:49.339Z", "groups": [], "user_permissions": []}}, {"model": "authtoken.token", "pk": "1443d7c2742284000752689f36603419258fff31", "fields": {"user": 28, "created": "2018-06-01T09:12:49.393Z"}}, {"model": "authtoken.token", "pk": "2235d9e93fd976f110ec7fed6d9bbe4aaeb6bd82", "fields": {"user": 2, "created": "2018-05-31T07:57:23.589Z"}}, {"model": "venue.userprofile", "pk": 1, "fields": {"user": 2, "language": 1, "otp_secret": "AwEt1aSKifN4eLPV4P+hzGskC3ejCiortTwnXzZ/ySeGorsaNgziXzVW4XPQB/fmTA75sfO6wCLrUpuU6NynSDMIjImsVNNCvKUJeE1/3RrqXwsygTewUPOcKgwvVStAf8Y=", "enabled_2fa": false, "email_confirmed": true, "receive_emails": false, "rank": 0}}, {"model": "venue.userprofile", "pk": 2, "fields": {"user": 28, "language": 1, "otp_secret": "AwH3wd5t7Wo9uJrUPsC9AFCjBJ/IqfoxwP8ktOhJRrrTFgagGLWTzZLnZ+BU+ckQKB6iewbG3uwKzBwfE/P/V/dpr933UQS3rCZVix/vGuZZGAvVf5xQTGTrjpVjMDKkfEs=", "enabled_2fa": false, "email_confirmed": true, "receive_emails": false, "rank": 0}}, {"model": "venue.notification", "pk": 2, "fields": {"code": "2fA_notification", "text": "Secure your account with two-factor authentication.", "action_text": "Enable it now.", "action_link": "/#/settings/?action=enable_2fa", "variant": "primary", "dismissible": true, "active": true, "date_created": "2018-03-15T12:13:11Z", "created_by": 1, "dismissed_by": [28]}}, {"model": "admin.logentry", "pk": 1, "fields": {"action_time": "2018-05-31T08:14:20.668Z", "user": 1, "content_type": 10, "object_id": "1", "object_repr": "129913 @ bitcointalk.org", "action_flag": 2, "change_message": "[{\"changed\": {\"fields\": [\"profile_url\", \"date_verified\"]}}]"}}, {"model": "admin.logentry", "pk": 2, "fields": {"action_time": "2018-05-31T08:50:01.607Z", "user": 1, "content_type": 9, "object_id": "6", "object_repr": "6", "action_flag": 3, "change_message": ""}}, {"model": "admin.logentry", "pk": 3, "fields": {"action_time": "2018-05-31T08:50:01.614Z", "user": 1, "content_type": 9, "object_id": "5", "object_repr": "5", "action_flag": 3, "change_message": ""}}, {"model": "admin.logentry", "pk": 4, "fields": {"action_time": "2018-05-31T08:50:01.617Z", "user": 1, "content_type": 9, "object_id": "4", "object_repr": "4", "action_flag": 3, "change_message": ""}}, {"model": "admin.logentry", "pk": 5, "fields": {"action_time": "2018-05-31T08:50:01.619Z", "user": 1, "content_type": 9, "object_id": "3", "object_repr": "3", "action_flag": 3, "change_message": ""}}, {"model": "admin.logentry", "pk": 6, "fields": {"action_time": "2018-05-31T08:50:01.622Z", "user": 1, "content_type": 9, "object_id": "2", "object_repr": "2", "action_flag": 3, "change_message": ""}}, {"model": "admin.logentry", "pk": 7, "fields": {"action_time": "2018-05-31T08:50:01.624Z", "user": 1, "content_type": 9, "object_id": "1", "object_repr": "1", "action_flag": 3, "change_message": ""}}, {"model": "admin.logentry", "pk": 35, "fields": {"action_time": "2018-05-31T09:07:08.374Z", "user": 1, "content_type": 9, "object_id": "39", "object_repr": "39", "action_flag": 3, "change_message": ""}}, {"model": "admin.logentry", "pk": 36, "fields": {"action_time": "2018-05-31T09:07:08.378Z", "user": 1, "content_type": 9, "object_id": "38", "object_repr": "38", "action_flag": 3, "change_message": ""}}, {"model": "admin.logentry", "pk": 37, "fields": {"action_time": "2018-05-31T09:07:16.079Z", "user": 1, "content_type": 10, "object_id": "1", "object_repr": "129913 @ bitcointalk.org", "action_flag": 3, "change_message": ""}}, {"model": "admin.logentry", "pk": 38, "fields": {"action_time": "2018-05-31T09:25:22.302Z", "user": 1, "content_type": 9, "object_id": "40", "object_repr": "40", "action_flag": 3, "change_message": ""}}, {"model": "admin.logentry", "pk": 39, "fields": {"action_time": "2018-05-31T09:25:32.471Z", "user": 1, "content_type": 10, "object_id": "2", "object_repr": "129913 @ bitcointalk.org", "action_flag": 2, "change_message": "[{\"changed\": {\"fields\": [\"profile_url\", \"last_scrape\"]}}]"}}, {"model": "admin.logentry", "pk": 40, "fields": {"action_time": "2018-05-31T09:43:42.409Z", "user": 1, "content_type": 10, "object_id": "2", "object_repr": "129913 @ bitcointalk.org", "action_flag": 2, "change_message": "[{\"changed\": {\"fields\": [\"date_verified\", \"date_added\", \"date_updated\"]}}]"}}, {"model": "admin.logentry", "pk": 41, "fields": {"action_time": "2018-05-31T09:46:59.658Z", "user": 1, "content_type": 10, "object_id": "2", "object_repr": "129913 @ bitcointalk.org", "action_flag": 2, "change_message": "[{\"changed\": {\"fields\": [\"last_scrape\"]}}]"}}, {"model": "admin.logentry", "pk": 42, "fields": {"action_time": "2018-05-31T09:55:07.466Z", "user": 1, "content_type": 9, "object_id": "47", "object_repr": "47", "action_flag": 3, "change_message": ""}}, {"model": "admin.logentry", "pk": 43, "fields": {"action_time": "2018-05-31T09:55:07.469Z", "user": 1, "content_type": 9, "object_id": "46", "object_repr": "46", "action_flag": 3, "change_message": ""}}, {"model": "admin.logentry", "pk": 44, "fields": {"action_time": "2018-05-31T09:55:07.471Z", "user": 1, "content_type": 9, "object_id": "45", "object_repr": "45", "action_flag": 3, "change_message": ""}}, {"model": "admin.logentry", "pk": 45, "fields": {"action_time": "2018-05-31T09:55:07.474Z", "user": 1, "content_type": 9, "object_id": "44", "object_repr": "44", "action_flag": 3, "change_message": ""}}, {"model": "admin.logentry", "pk": 46, "fields": {"action_time": "2018-05-31T09:55:07.476Z", "user": 1, "content_type": 9, "object_id": "43", "object_repr": "43", "action_flag": 3, "change_message": ""}}, {"model": "admin.logentry", "pk": 47, "fields": {"action_time": "2018-05-31T09:55:07.478Z", "user": 1, "content_type": 9, "object_id": "42", "object_repr": "42", "action_flag": 3, "change_message": ""}}, {"model": "admin.logentry", "pk": 48, "fields": {"action_time": "2018-05-31T09:55:14.743Z", "user": 1, "content_type": 9, "object_id": "50", "object_repr": "50", "action_flag": 3, "change_message": ""}}, {"model": "admin.logentry", "pk": 49, "fields": {"action_time": "2018-05-31T09:55:14.746Z", "user": 1, "content_type": 9, "object_id": "49", "object_repr": "49", "action_flag": 3, "change_message": ""}}, {"model": "admin.logentry", "pk": 50, "fields": {"action_time": "2018-05-31T09:55:14.749Z", "user": 1, "content_type": 9, "object_id": "48", "object_repr": "48", "action_flag": 3, "change_message": ""}}, {"model": "admin.logentry", "pk": 51, "fields": {"action_time": "2018-05-31T09:59:42.728Z", "user": 1, "content_type": 9, "object_id": "56", "object_repr": "56", "action_flag": 3, "change_message": ""}}, {"model": "admin.logentry", "pk": 52, "fields": {"action_time": "2018-05-31T09:59:42.734Z", "user": 1, "content_type": 9, "object_id": "55", "object_repr": "55", "action_flag": 3, "change_message": ""}}, {"model": "admin.logentry", "pk": 53, "fields": {"action_time": "2018-05-31T09:59:42.738Z", "user": 1, "content_type": 9, "object_id": "54", "object_repr": "54", "action_flag": 3, "change_message": ""}}, {"model": "admin.logentry", "pk": 54, "fields": {"action_time": "2018-05-31T09:59:42.741Z", "user": 1, "content_type": 9, "object_id": "53", "object_repr": "53", "action_flag": 3, "change_message": ""}}, {"model": "admin.logentry", "pk": 55, "fields": {"action_time": "2018-05-31T09:59:42.743Z", "user": 1, "content_type": 9, "object_id": "52", "object_repr": "52", "action_flag": 3, "change_message": ""}}, {"model": "admin.logentry", "pk": 56, "fields": {"action_time": "2018-05-31T09:59:42.746Z", "user": 1, "content_type": 9, "object_id": "51", "object_repr": "51", "action_flag": 3, "change_message": ""}}, {"model": "admin.logentry", "pk": 57, "fields": {"action_time": "2018-05-31T10:04:33.711Z", "user": 1, "content_type": 9, "object_id": "59", "object_repr": "59", "action_flag": 3, "change_message": ""}}, {"model": "admin.logentry", "pk": 58, "fields": {"action_time": "2018-05-31T10:04:33.716Z", "user": 1, "content_type": 9, "object_id": "58", "object_repr": "58", "action_flag": 3, "change_message": ""}}, {"model": "admin.logentry", "pk": 59, "fields": {"action_time": "2018-05-31T10:04:33.718Z", "user": 1, "content_type": 9, "object_id": "57", "object_repr": "57", "action_flag": 3, "change_message": ""}}, {"model": "admin.logentry", "pk": 60, "fields": {"action_time": "2018-05-31T10:07:45.323Z", "user": 1, "content_type": 9, "object_id": "61", "object_repr": "61", "action_flag": 3, "change_message": ""}}, {"model": "admin.logentry", "pk": 61, "fields": {"action_time": "2018-05-31T10:07:45.327Z", "user": 1, "content_type": 9, "object_id": "60", "object_repr": "60", "action_flag": 3, "change_message": ""}}, {"model": "admin.logentry", "pk": 62, "fields": {"action_time": "2018-05-31T10:07:45.329Z", "user": 1, "content_type": 9, "object_id": "41", "object_repr": "41", "action_flag": 3, "change_message": ""}}, {"model": "admin.logentry", "pk": 63, "fields": {"action_time": "2018-05-31T10:07:59.271Z", "user": 1, "content_type": 10, "object_id": "2", "object_repr": "129913 @ bitcointalk.org", "action_flag": 2, "change_message": "[{\"changed\": {\"fields\": [\"last_scrape\"]}}]"}}, {"model": "admin.logentry", "pk": 64, "fields": {"action_time": "2018-05-31T12:45:18.789Z", "user": 1, "content_type": 9, "object_id": "62", "object_repr": "62", "action_flag": 3, "change_message": ""}}, {"model": "admin.logentry", "pk": 65, "fields": {"action_time": "2018-05-31T12:46:18.645Z", "user": 1, "content_type": 10, "object_id": "2", "object_repr": "129913 @ bitcointalk.org", "action_flag": 2, "change_message": "[{\"changed\": {\"fields\": [\"last_scrape\"]}}]"}}, {"model": "admin.logentry", "pk": 66, "fields": {"action_time": "2018-05-31T12:47:48.124Z", "user": 1, "content_type": 9, "object_id": "64", "object_repr": "64", "action_flag": 3, "change_message": ""}}, {"model": "admin.logentry", "pk": 67, "fields": {"action_time": "2018-05-31T12:47:48.129Z", "user": 1, "content_type": 9, "object_id": "63", "object_repr": "63", "action_flag": 3, "change_message": ""}}, {"model": "admin.logentry", "pk": 68, "fields": {"action_time": "2018-05-31T12:50:13.462Z", "user": 1, "content_type": 10, "object_id": "2", "object_repr": "129913 @ bitcointalk.org", "action_flag": 2, "change_message": "[{\"changed\": {\"fields\": [\"last_scrape\"]}}]"}}, {"model": "admin.logentry", "pk": 69, "fields": {"action_time": "2018-05-31T12:53:10.192Z", "user": 1, "content_type": 9, "object_id": "67", "object_repr": "67", "action_flag": 3, "change_message": ""}}, {"model": "admin.logentry", "pk": 70, "fields": {"action_time": "2018-05-31T12:53:10.198Z", "user": 1, "content_type": 9, "object_id": "66", "object_repr": "66", "action_flag": 3, "change_message": ""}}, {"model": "admin.logentry", "pk": 71, "fields": {"action_time": "2018-05-31T12:53:10.201Z", "user": 1, "content_type": 9, "object_id": "65", "object_repr": "65", "action_flag": 3, "change_message": ""}}, {"model": "admin.logentry", "pk": 72, "fields": {"action_time": "2018-05-31T12:53:20.003Z", "user": 1, "content_type": 10, "object_id": "2", "object_repr": "129913 @ bitcointalk.org", "action_flag": 2, "change_message": "[{\"changed\": {\"fields\": [\"last_scrape\"]}}]"}}, {"model": "admin.logentry", "pk": 73, "fields": {"action_time": "2018-05-31T12:55:44.622Z", "user": 1, "content_type": 9, "object_id": "70", "object_repr": "70", "action_flag": 3, "change_message": ""}}, {"model": "admin.logentry", "pk": 74, "fields": {"action_time": "2018-05-31T12:55:44.626Z", "user": 1, "content_type": 9, "object_id": "69", "object_repr": "69", "action_flag": 3, "change_message": ""}}, {"model": "admin.logentry", "pk": 75, "fields": {"action_time": "2018-05-31T12:55:44.628Z", "user": 1, "content_type": 9, "object_id": "68", "object_repr": "68", "action_flag": 3, "change_message": ""}}, {"model": "admin.logentry", "pk": 76, "fields": {"action_time": "2018-05-31T12:55:53.404Z", "user": 1, "content_type": 10, "object_id": "2", "object_repr": "129913 @ bitcointalk.org", "action_flag": 2, "change_message": "[{\"changed\": {\"fields\": [\"last_scrape\"]}}]"}}, {"model": "admin.logentry", "pk": 77, "fields": {"action_time": "2018-05-31T13:12:46.010Z", "user": 1, "content_type": 9, "object_id": "71", "object_repr": "71", "action_flag": 2, "change_message": "[{\"changed\": {\"fields\": [\"valid_sig_minutes\"]}}]"}}, {"model": "admin.logentry", "pk": 78, "fields": {"action_time": "2018-05-31T13:12:54.816Z", "user": 1, "content_type": 10, "object_id": "2", "object_repr": "129913 @ bitcointalk.org", "action_flag": 2, "change_message": "[{\"changed\": {\"fields\": [\"last_scrape\"]}}]"}}, {"model": "admin.logentry", "pk": 79, "fields": {"action_time": "2018-05-31T13:13:07.382Z", "user": 1, "content_type": 9, "object_id": "71", "object_repr": "71", "action_flag": 2, "change_message": "[{\"changed\": {\"fields\": [\"valid_sig_minutes\"]}}]"}}, {"model": "admin.logentry", "pk": 80, "fields": {"action_time": "2018-05-31T13:15:17.818Z", "user": 1, "content_type": 10, "object_id": "2", "object_repr": "129913 @ bitcointalk.org", "action_flag": 2, "change_message": "[{\"changed\": {\"fields\": [\"last_scrape\"]}}]"}}, {"model": "admin.logentry", "pk": 81, "fields": {"action_time": "2018-05-31T13:20:28.479Z", "user": 1, "content_type": 9, "object_id": "71", "object_repr": "71", "action_flag": 2, "change_message": "[{\"changed\": {\"fields\": [\"matured\", \"valid_sig_minutes\", \"invalid_sig_minutes\"]}}]"}}, {"model": "admin.logentry", "pk": 82, "fields": {"action_time": "2018-05-31T13:22:07.477Z", "user": 1, "content_type": 12, "object_id": "2", "object_repr": "Newbie", "action_flag": 2, "change_message": "[{\"changed\": {\"fields\": [\"bonus_percentage\"]}}]"}}, {"model": "admin.logentry", "pk": 83, "fields": {"action_time": "2018-05-31T13:22:34.444Z", "user": 1, "content_type": 9, "object_id": "71", "object_repr": "71", "action_flag": 2, "change_message": "[{\"changed\": {\"fields\": [\"credited\", \"base_points\", \"total_points\"]}}]"}}, {"model": "admin.logentry", "pk": 84, "fields": {"action_time": "2018-06-01T09:20:15.006Z", "user": 1, "content_type": 10, "object_id": "2", "object_repr": "129913 @ bitcointalk.org", "action_flag": 2, "change_message": "[{\"changed\": {\"fields\": [\"date_verified\", \"date_added\", \"date_updated\", \"last_scrape\"]}}]"}}, {"model": "admin.logentry", "pk": 85, "fields": {"action_time": "2018-06-01T09:20:25.112Z", "user": 1, "content_type": 9, "object_id": "73", "object_repr": "73", "action_flag": 3, "change_message": ""}}, {"model": "admin.logentry", "pk": 86, "fields": {"action_time": "2018-06-01T09:20:25.118Z", "user": 1, "content_type": 9, "object_id": "72", "object_repr": "72", "action_flag": 3, "change_message": ""}}, {"model": "admin.logentry", "pk": 87, "fields": {"action_time": "2018-06-01T09:20:25.121Z", "user": 1, "content_type": 9, "object_id": "71", "object_repr": "71", "action_flag": 3, "change_message": ""}}, {"model": "admin.logentry", "pk": 88, "fields": {"action_time": "2018-06-01T09:22:47.029Z", "user": 1, "content_type": 9, "object_id": "74", "object_repr": "74", "action_flag": 3, "change_message": ""}}, {"model": "admin.logentry", "pk": 89, "fields": {"action_time": "2018-06-01T09:23:18.167Z", "user": 1, "content_type": 10, "object_id": "2", "object_repr": "129913 @ bitcointalk.org", "action_flag": 2, "change_message": "[{\"changed\": {\"fields\": [\"last_scrape\"]}}]"}}, {"model": "admin.logentry", "pk": 90, "fields": {"action_time": "2018-06-01T09:29:39.814Z", "user": 1, "content_type": 9, "object_id": "75", "object_repr": "75", "action_flag": 2, "change_message": "[{\"changed\": {\"fields\": [\"matured\"]}}]"}}, {"model": "admin.logentry", "pk": 91, "fields": {"action_time": "2018-06-01T09:30:06.325Z", "user": 1, "content_type": 10, "object_id": "2", "object_repr": "129913 @ bitcointalk.org", "action_flag": 2, "change_message": "[{\"changed\": {\"fields\": [\"last_scrape\"]}}]"}}, {"model": "admin.logentry", "pk": 92, "fields": {"action_time": "2018-06-01T09:30:24.950Z", "user": 1, "content_type": 9, "object_id": "75", "object_repr": "75", "action_flag": 2, "change_message": "[{\"changed\": {\"fields\": [\"valid_sig_minutes\"]}}]"}}, {"model": "admin.logentry", "pk": 93, "fields": {"action_time": "2018-06-01T09:30:42.771Z", "user": 1, "content_type": 9, "object_id": "75", "object_repr": "75", "action_flag": 2, "change_message": "[{\"changed\": {\"fields\": [\"matured\"]}}]"}}, {"model": "admin.logentry", "pk": 94, "fields": {"action_time": "2018-06-01T09:32:20.203Z", "user": 1, "content_type": 12, "object_id": "2", "object_repr": "Newbie", "action_flag": 2, "change_message": "[{\"changed\": {\"fields\": [\"bonus_percentage\"]}}]"}}, {"model": "admin.logentry", "pk": 95, "fields": {"action_time": "2018-06-01T09:32:40.616Z", "user": 1, "content_type": 9, "object_id": "75", "object_repr": "75", "action_flag": 2, "change_message": "[{\"changed\": {\"fields\": [\"credited\", \"base_points\", \"total_points\"]}}]"}}]